name,measure,object,entity,window,status,reason,scenarios,cost,description
count,count,all,event,1d,dropped_r1,core: log_total_logons,,1,số mọi sự kiện
count_5m,count,all,event,5m,dropped_r2,không nhắm kịch bản nào ở mục 5.2,,1,số mọi sự kiện trong khung 5 phút đông nhất của ngày
count_15m,count,all,event,15m,dropped_r2,không nhắm kịch bản nào ở mục 5.2,,1,số mọi sự kiện trong khung 15 phút đông nhất của ngày
count_60m,count,all,event,60m,dropped_r2,không nhắm kịch bản nào ở mục 5.2,,1,số mọi sự kiện trong khung 60 phút đông nhất của ngày
,count,all,event,7d,grammar_invalid,phép đo 'count' không dùng cửa sổ '7d',,1,
,count,all,event,14d,grammar_invalid,phép đo 'count' không dùng cửa sổ '14d',,2,
,count,all,event,hist,grammar_invalid,phép đo 'count' không dùng cửa sổ 'hist',,2,
,count,all,Source,1d,grammar_invalid,phép đo 'count' chỉ áp dụng cho đếm sự kiện,,1,
,count,all,Source,5m,grammar_invalid,phép đo 'count' chỉ áp dụng cho đếm sự kiện,,1,
,count,all,Source,15m,grammar_invalid,phép đo 'count' chỉ áp dụng cho đếm sự kiện,,1,
,count,all,Source,60m,grammar_invalid,phép đo 'count' chỉ áp dụng cho đếm sự kiện,,1,
,count,all,Source,7d,grammar_invalid,phép đo 'count' không dùng cửa sổ '7d',,1,
,count,all,Source,14d,grammar_invalid,phép đo 'count' không dùng cửa sổ '14d',,2,
,count,all,Source,hist,grammar_invalid,phép đo 'count' không dùng cửa sổ 'hist',,2,
,count,all,LogHost,1d,grammar_invalid,phép đo 'count' chỉ áp dụng cho đếm sự kiện,,1,
,count,all,LogHost,5m,grammar_invalid,phép đo 'count' chỉ áp dụng cho đếm sự kiện,,1,
,count,all,LogHost,15m,grammar_invalid,phép đo 'count' chỉ áp dụng cho đếm sự kiện,,1,
,count,all,LogHost,60m,grammar_invalid,phép đo 'count' chỉ áp dụng cho đếm sự kiện,,1,
,count,all,LogHost,7d,grammar_invalid,phép đo 'count' không dùng cửa sổ '7d',,1,
,count,all,LogHost,14d,grammar_invalid,phép đo 'count' không dùng cửa sổ '14d',,2,
,count,all,LogHost,hist,grammar_invalid,phép đo 'count' không dùng cửa sổ 'hist',,2,
,count,all,pair,1d,grammar_invalid,phép đo 'count' chỉ áp dụng cho đếm sự kiện,,2,
,count,all,pair,5m,grammar_invalid,phép đo 'count' chỉ áp dụng cho đếm sự kiện,,2,
,count,all,pair,15m,grammar_invalid,phép đo 'count' chỉ áp dụng cho đếm sự kiện,,2,
,count,all,pair,60m,grammar_invalid,phép đo 'count' chỉ áp dụng cho đếm sự kiện,,2,
,count,all,pair,7d,grammar_invalid,phép đo 'count' không dùng cửa sổ '7d',,2,
,count,all,pair,14d,grammar_invalid,phép đo 'count' không dùng cửa sổ '14d',,3,
,count,all,pair,hist,grammar_invalid,phép đo 'count' không dùng cửa sổ 'hist',,3,
,count,all,hour,1d,grammar_invalid,phép đo 'count' chỉ áp dụng cho đếm sự kiện,,1,
,count,all,hour,5m,grammar_invalid,phép đo 'count' chỉ áp dụng cho đếm sự kiện,,1,
,count,all,hour,15m,grammar_invalid,phép đo 'count' chỉ áp dụng cho đếm sự kiện,,1,
,count,all,hour,60m,grammar_invalid,phép đo 'count' chỉ áp dụng cho đếm sự kiện,,1,
,count,all,hour,7d,grammar_invalid,phép đo 'count' không dùng cửa sổ '7d',,1,
,count,all,hour,14d,grammar_invalid,phép đo 'count' không dùng cửa sổ '14d',,2,
,count,all,hour,hist,grammar_invalid,phép đo 'count' không dùng cửa sổ 'hist',,2,
,count,all,logon_type,1d,grammar_invalid,phép đo 'count' chỉ áp dụng cho đếm sự kiện,,1,
,count,all,logon_type,5m,grammar_invalid,phép đo 'count' chỉ áp dụng cho đếm sự kiện,,1,
,count,all,logon_type,15m,grammar_invalid,phép đo 'count' chỉ áp dụng cho đếm sự kiện,,1,
,count,all,logon_type,60m,grammar_invalid,phép đo 'count' chỉ áp dụng cho đếm sự kiện,,1,
,count,all,logon_type,7d,grammar_invalid,phép đo 'count' không dùng cửa sổ '7d',,1,
,count,all,logon_type,14d,grammar_invalid,phép đo 'count' không dùng cửa sổ '14d',,2,
,count,all,logon_type,hist,grammar_invalid,phép đo 'count' không dùng cửa sổ 'hist',,2,
,count,all,auth,1d,grammar_invalid,phép đo 'count' chỉ áp dụng cho đếm sự kiện,,2,
,count,all,auth,5m,grammar_invalid,phép đo 'count' chỉ áp dụng cho đếm sự kiện,,2,
,count,all,auth,15m,grammar_invalid,phép đo 'count' chỉ áp dụng cho đếm sự kiện,,2,
,count,all,auth,60m,grammar_invalid,phép đo 'count' chỉ áp dụng cho đếm sự kiện,,2,
,count,all,auth,7d,grammar_invalid,phép đo 'count' không dùng cửa sổ '7d',,2,
,count,all,auth,14d,grammar_invalid,phép đo 'count' không dùng cửa sổ '14d',,3,
,count,all,auth,hist,grammar_invalid,phép đo 'count' không dùng cửa sổ 'hist',,3,
,count,all,fail_reason,1d,grammar_invalid,phép đo 'count' chỉ áp dụng cho đếm sự kiện,,2,
,count,all,fail_reason,5m,grammar_invalid,phép đo 'count' chỉ áp dụng cho đếm sự kiện,,2,
,count,all,fail_reason,15m,grammar_invalid,phép đo 'count' chỉ áp dụng cho đếm sự kiện,,2,
,count,all,fail_reason,60m,grammar_invalid,phép đo 'count' chỉ áp dụng cho đếm sự kiện,,2,
,count,all,fail_reason,7d,grammar_invalid,phép đo 'count' không dùng cửa sổ '7d',,2,
,count,all,fail_reason,14d,grammar_invalid,phép đo 'count' không dùng cửa sổ '14d',,3,
,count,all,fail_reason,hist,grammar_invalid,phép đo 'count' không dùng cửa sổ 'hist',,3,
count_fail,count,fail,event,1d,dropped_r1,"đã loại: failure_count (ρ = 0,9969 với failure_ratio)","brute_force,password_spraying",2,số đăng nhập thất bại (4625)
count_fail_5m,count,fail,event,5m,dropped_r4,biến thể khung thời gian: giữ khung 15 phút làm đại diện,"brute_force,password_spraying",2,số đăng nhập thất bại (4625) trong khung 5 phút đông nhất của ngày
count_fail_15m,count,fail,event,15m,round2,,"brute_force,password_spraying",2,số đăng nhập thất bại (4625) trong khung 15 phút đông nhất của ngày
count_fail_60m,count,fail,event,60m,dropped_r4,biến thể khung thời gian: giữ khung 15 phút làm đại diện,"brute_force,password_spraying",2,số đăng nhập thất bại (4625) trong khung 60 phút đông nhất của ngày
,count,fail,event,7d,grammar_invalid,phép đo 'count' không dùng cửa sổ '7d',,2,
,count,fail,event,14d,grammar_invalid,phép đo 'count' không dùng cửa sổ '14d',,3,
,count,fail,event,hist,grammar_invalid,phép đo 'count' không dùng cửa sổ 'hist',,3,
,count,fail,Source,1d,grammar_invalid,phép đo 'count' chỉ áp dụng cho đếm sự kiện,,2,
,count,fail,Source,5m,grammar_invalid,phép đo 'count' chỉ áp dụng cho đếm sự kiện,,2,
,count,fail,Source,15m,grammar_invalid,phép đo 'count' chỉ áp dụng cho đếm sự kiện,,2,
,count,fail,Source,60m,grammar_invalid,phép đo 'count' chỉ áp dụng cho đếm sự kiện,,2,
,count,fail,Source,7d,grammar_invalid,phép đo 'count' không dùng cửa sổ '7d',,2,
,count,fail,Source,14d,grammar_invalid,phép đo 'count' không dùng cửa sổ '14d',,3,
,count,fail,Source,hist,grammar_invalid,phép đo 'count' không dùng cửa sổ 'hist',,3,
,count,fail,LogHost,1d,grammar_invalid,phép đo 'count' chỉ áp dụng cho đếm sự kiện,,2,
,count,fail,LogHost,5m,grammar_invalid,phép đo 'count' chỉ áp dụng cho đếm sự kiện,,2,
,count,fail,LogHost,15m,grammar_invalid,phép đo 'count' chỉ áp dụng cho đếm sự kiện,,2,
,count,fail,LogHost,60m,grammar_invalid,phép đo 'count' chỉ áp dụng cho đếm sự kiện,,2,
,count,fail,LogHost,7d,grammar_invalid,phép đo 'count' không dùng cửa sổ '7d',,2,
,count,fail,LogHost,14d,grammar_invalid,phép đo 'count' không dùng cửa sổ '14d',,3,
,count,fail,LogHost,hist,grammar_invalid,phép đo 'count' không dùng cửa sổ 'hist',,3,
,count,fail,pair,1d,grammar_invalid,phép đo 'count' chỉ áp dụng cho đếm sự kiện,,3,
,count,fail,pair,5m,grammar_invalid,phép đo 'count' chỉ áp dụng cho đếm sự kiện,,3,
,count,fail,pair,15m,grammar_invalid,phép đo 'count' chỉ áp dụng cho đếm sự kiện,,3,
,count,fail,pair,60m,grammar_invalid,phép đo 'count' chỉ áp dụng cho đếm sự kiện,,3,
,count,fail,pair,7d,grammar_invalid,phép đo 'count' không dùng cửa sổ '7d',,3,
,count,fail,pair,14d,grammar_invalid,phép đo 'count' không dùng cửa sổ '14d',,4,
,count,fail,pair,hist,grammar_invalid,phép đo 'count' không dùng cửa sổ 'hist',,4,
,count,fail,hour,1d,grammar_invalid,phép đo 'count' chỉ áp dụng cho đếm sự kiện,,2,
,count,fail,hour,5m,grammar_invalid,phép đo 'count' chỉ áp dụng cho đếm sự kiện,,2,
,count,fail,hour,15m,grammar_invalid,phép đo 'count' chỉ áp dụng cho đếm sự kiện,,2,
,count,fail,hour,60m,grammar_invalid,phép đo 'count' chỉ áp dụng cho đếm sự kiện,,2,
,count,fail,hour,7d,grammar_invalid,phép đo 'count' không dùng cửa sổ '7d',,2,
,count,fail,hour,14d,grammar_invalid,phép đo 'count' không dùng cửa sổ '14d',,3,
,count,fail,hour,hist,grammar_invalid,phép đo 'count' không dùng cửa sổ 'hist',,3,
,count,fail,logon_type,1d,grammar_invalid,phép đo 'count' chỉ áp dụng cho đếm sự kiện,,2,
,count,fail,logon_type,5m,grammar_invalid,phép đo 'count' chỉ áp dụng cho đếm sự kiện,,2,
,count,fail,logon_type,15m,grammar_invalid,phép đo 'count' chỉ áp dụng cho đếm sự kiện,,2,
,count,fail,logon_type,60m,grammar_invalid,phép đo 'count' chỉ áp dụng cho đếm sự kiện,,2,
,count,fail,logon_type,7d,grammar_invalid,phép đo 'count' không dùng cửa sổ '7d',,2,
,count,fail,logon_type,14d,grammar_invalid,phép đo 'count' không dùng cửa sổ '14d',,3,
,count,fail,logon_type,hist,grammar_invalid,phép đo 'count' không dùng cửa sổ 'hist',,3,
,count,fail,auth,1d,grammar_invalid,phép đo 'count' chỉ áp dụng cho đếm sự kiện,,3,
,count,fail,auth,5m,grammar_invalid,phép đo 'count' chỉ áp dụng cho đếm sự kiện,,3,
,count,fail,auth,15m,grammar_invalid,phép đo 'count' chỉ áp dụng cho đếm sự kiện,,3,
,count,fail,auth,60m,grammar_invalid,phép đo 'count' chỉ áp dụng cho đếm sự kiện,,3,
,count,fail,auth,7d,grammar_invalid,phép đo 'count' không dùng cửa sổ '7d',,3,
,count,fail,auth,14d,grammar_invalid,phép đo 'count' không dùng cửa sổ '14d',,4,
,count,fail,auth,hist,grammar_invalid,phép đo 'count' không dùng cửa sổ 'hist',,4,
,count,fail,fail_reason,1d,grammar_invalid,phép đo 'count' chỉ áp dụng cho đếm sự kiện,,3,
,count,fail,fail_reason,5m,grammar_invalid,phép đo 'count' chỉ áp dụng cho đếm sự kiện,,3,
,count,fail,fail_reason,15m,grammar_invalid,phép đo 'count' chỉ áp dụng cho đếm sự kiện,,3,
,count,fail,fail_reason,60m,grammar_invalid,phép đo 'count' chỉ áp dụng cho đếm sự kiện,,3,
,count,fail,fail_reason,7d,grammar_invalid,phép đo 'count' không dùng cửa sổ '7d',,3,
,count,fail,fail_reason,14d,grammar_invalid,phép đo 'count' không dùng cửa sổ '14d',,4,
,count,fail,fail_reason,hist,grammar_invalid,phép đo 'count' không dùng cửa sổ 'hist',,4,
count_success,count,success,event,1d,dropped_r2,không nhắm kịch bản nào ở mục 5.2,,2,số đăng nhập thành công (4624)
count_success_5m,count,success,event,5m,dropped_r2,không nhắm kịch bản nào ở mục 5.2,,2,số đăng nhập thành công (4624) trong khung 5 phút đông nhất của ngày
count_success_15m,count,success,event,15m,dropped_r2,không nhắm kịch bản nào ở mục 5.2,,2,số đăng nhập thành công (4624) trong khung 15 phút đông nhất của ngày
count_success_60m,count,success,event,60m,dropped_r2,không nhắm kịch bản nào ở mục 5.2,,2,số đăng nhập thành công (4624) trong khung 60 phút đông nhất của ngày
,count,success,event,7d,grammar_invalid,phép đo 'count' không dùng cửa sổ '7d',,2,
,count,success,event,14d,grammar_invalid,phép đo 'count' không dùng cửa sổ '14d',,3,
,count,success,event,hist,grammar_invalid,phép đo 'count' không dùng cửa sổ 'hist',,3,
,count,success,Source,1d,grammar_invalid,phép đo 'count' chỉ áp dụng cho đếm sự kiện,,2,
,count,success,Source,5m,grammar_invalid,phép đo 'count' chỉ áp dụng cho đếm sự kiện,,2,
,count,success,Source,15m,grammar_invalid,phép đo 'count' chỉ áp dụng cho đếm sự kiện,,2,
,count,success,Source,60m,grammar_invalid,phép đo 'count' chỉ áp dụng cho đếm sự kiện,,2,
,count,success,Source,7d,grammar_invalid,phép đo 'count' không dùng cửa sổ '7d',,2,
,count,success,Source,14d,grammar_invalid,phép đo 'count' không dùng cửa sổ '14d',,3,
,count,success,Source,hist,grammar_invalid,phép đo 'count' không dùng cửa sổ 'hist',,3,
,count,success,LogHost,1d,grammar_invalid,phép đo 'count' chỉ áp dụng cho đếm sự kiện,,2,
,count,success,LogHost,5m,grammar_invalid,phép đo 'count' chỉ áp dụng cho đếm sự kiện,,2,
,count,success,LogHost,15m,grammar_invalid,phép đo 'count' chỉ áp dụng cho đếm sự kiện,,2,
,count,success,LogHost,60m,grammar_invalid,phép đo 'count' chỉ áp dụng cho đếm sự kiện,,2,
,count,success,LogHost,7d,grammar_invalid,phép đo 'count' không dùng cửa sổ '7d',,2,
,count,success,LogHost,14d,grammar_invalid,phép đo 'count' không dùng cửa sổ '14d',,3,
,count,success,LogHost,hist,grammar_invalid,phép đo 'count' không dùng cửa sổ 'hist',,3,
,count,success,pair,1d,grammar_invalid,phép đo 'count' chỉ áp dụng cho đếm sự kiện,,3,
,count,success,pair,5m,grammar_invalid,phép đo 'count' chỉ áp dụng cho đếm sự kiện,,3,
,count,success,pair,15m,grammar_invalid,phép đo 'count' chỉ áp dụng cho đếm sự kiện,,3,
,count,success,pair,60m,grammar_invalid,phép đo 'count' chỉ áp dụng cho đếm sự kiện,,3,
,count,success,pair,7d,grammar_invalid,phép đo 'count' không dùng cửa sổ '7d',,3,
,count,success,pair,14d,grammar_invalid,phép đo 'count' không dùng cửa sổ '14d',,4,
,count,success,pair,hist,grammar_invalid,phép đo 'count' không dùng cửa sổ 'hist',,4,
,count,success,hour,1d,grammar_invalid,phép đo 'count' chỉ áp dụng cho đếm sự kiện,,2,
,count,success,hour,5m,grammar_invalid,phép đo 'count' chỉ áp dụng cho đếm sự kiện,,2,
,count,success,hour,15m,grammar_invalid,phép đo 'count' chỉ áp dụng cho đếm sự kiện,,2,
,count,success,hour,60m,grammar_invalid,phép đo 'count' chỉ áp dụng cho đếm sự kiện,,2,
,count,success,hour,7d,grammar_invalid,phép đo 'count' không dùng cửa sổ '7d',,2,
,count,success,hour,14d,grammar_invalid,phép đo 'count' không dùng cửa sổ '14d',,3,
,count,success,hour,hist,grammar_invalid,phép đo 'count' không dùng cửa sổ 'hist',,3,
,count,success,logon_type,1d,grammar_invalid,phép đo 'count' chỉ áp dụng cho đếm sự kiện,,2,
,count,success,logon_type,5m,grammar_invalid,phép đo 'count' chỉ áp dụng cho đếm sự kiện,,2,
,count,success,logon_type,15m,grammar_invalid,phép đo 'count' chỉ áp dụng cho đếm sự kiện,,2,
,count,success,logon_type,60m,grammar_invalid,phép đo 'count' chỉ áp dụng cho đếm sự kiện,,2,
,count,success,logon_type,7d,grammar_invalid,phép đo 'count' không dùng cửa sổ '7d',,2,
,count,success,logon_type,14d,grammar_invalid,phép đo 'count' không dùng cửa sổ '14d',,3,
,count,success,logon_type,hist,grammar_invalid,phép đo 'count' không dùng cửa sổ 'hist',,3,
,count,success,auth,1d,grammar_invalid,phép đo 'count' chỉ áp dụng cho đếm sự kiện,,3,
,count,success,auth,5m,grammar_invalid,phép đo 'count' chỉ áp dụng cho đếm sự kiện,,3,
,count,success,auth,15m,grammar_invalid,phép đo 'count' chỉ áp dụng cho đếm sự kiện,,3,
,count,success,auth,60m,grammar_invalid,phép đo 'count' chỉ áp dụng cho đếm sự kiện,,3,
,count,success,auth,7d,grammar_invalid,phép đo 'count' không dùng cửa sổ '7d',,3,
,count,success,auth,14d,grammar_invalid,phép đo 'count' không dùng cửa sổ '14d',,4,
,count,success,auth,hist,grammar_invalid,phép đo 'count' không dùng cửa sổ 'hist',,4,
,count,success,fail_reason,1d,grammar_invalid,phép đo 'count' chỉ áp dụng cho đếm sự kiện,,3,
,count,success,fail_reason,5m,grammar_invalid,phép đo 'count' chỉ áp dụng cho đếm sự kiện,,3,
,count,success,fail_reason,15m,grammar_invalid,phép đo 'count' chỉ áp dụng cho đếm sự kiện,,3,
,count,success,fail_reason,60m,grammar_invalid,phép đo 'count' chỉ áp dụng cho đếm sự kiện,,3,
,count,success,fail_reason,7d,grammar_invalid,phép đo 'count' không dùng cửa sổ '7d',,3,
,count,success,fail_reason,14d,grammar_invalid,phép đo 'count' không dùng cửa sổ '14d',,4,
,count,success,fail_reason,hist,grammar_invalid,phép đo 'count' không dùng cửa sổ 'hist',,4,
count_night,count,night,event,1d,round2,,off_hours,2,số sự kiện ngoài giờ (18h–7h)
count_night_5m,count,night,event,5m,dropped_r4,biến thể khung thời gian: giữ khung 15 phút làm đại diện,off_hours,2,số sự kiện ngoài giờ (18h–7h) trong khung 5 phút đông nhất của ngày
count_night_15m,count,night,event,15m,round2,,off_hours,2,số sự kiện ngoài giờ (18h–7h) trong khung 15 phút đông nhất của ngày
count_night_60m,count,night,event,60m,dropped_r4,biến thể khung thời gian: giữ khung 15 phút làm đại diện,off_hours,2,số sự kiện ngoài giờ (18h–7h) trong khung 60 phút đông nhất của ngày
,count,night,event,7d,grammar_invalid,phép đo 'count' không dùng cửa sổ '7d',,2,
,count,night,event,14d,grammar_invalid,phép đo 'count' không dùng cửa sổ '14d',,3,
,count,night,event,hist,grammar_invalid,phép đo 'count' không dùng cửa sổ 'hist',,3,
,count,night,Source,1d,grammar_invalid,phép đo 'count' chỉ áp dụng cho đếm sự kiện,,2,
,count,night,Source,5m,grammar_invalid,phép đo 'count' chỉ áp dụng cho đếm sự kiện,,2,
,count,night,Source,15m,grammar_invalid,phép đo 'count' chỉ áp dụng cho đếm sự kiện,,2,
,count,night,Source,60m,grammar_invalid,phép đo 'count' chỉ áp dụng cho đếm sự kiện,,2,
,count,night,Source,7d,grammar_invalid,phép đo 'count' không dùng cửa sổ '7d',,2,
,count,night,Source,14d,grammar_invalid,phép đo 'count' không dùng cửa sổ '14d',,3,
,count,night,Source,hist,grammar_invalid,phép đo 'count' không dùng cửa sổ 'hist',,3,
,count,night,LogHost,1d,grammar_invalid,phép đo 'count' chỉ áp dụng cho đếm sự kiện,,2,
,count,night,LogHost,5m,grammar_invalid,phép đo 'count' chỉ áp dụng cho đếm sự kiện,,2,
,count,night,LogHost,15m,grammar_invalid,phép đo 'count' chỉ áp dụng cho đếm sự kiện,,2,
,count,night,LogHost,60m,grammar_invalid,phép đo 'count' chỉ áp dụng cho đếm sự kiện,,2,
,count,night,LogHost,7d,grammar_invalid,phép đo 'count' không dùng cửa sổ '7d',,2,
,count,night,LogHost,14d,grammar_invalid,phép đo 'count' không dùng cửa sổ '14d',,3,
,count,night,LogHost,hist,grammar_invalid,phép đo 'count' không dùng cửa sổ 'hist',,3,
,count,night,pair,1d,grammar_invalid,phép đo 'count' chỉ áp dụng cho đếm sự kiện,,3,
,count,night,pair,5m,grammar_invalid,phép đo 'count' chỉ áp dụng cho đếm sự kiện,,3,
,count,night,pair,15m,grammar_invalid,phép đo 'count' chỉ áp dụng cho đếm sự kiện,,3,
,count,night,pair,60m,grammar_invalid,phép đo 'count' chỉ áp dụng cho đếm sự kiện,,3,
,count,night,pair,7d,grammar_invalid,phép đo 'count' không dùng cửa sổ '7d',,3,
,count,night,pair,14d,grammar_invalid,phép đo 'count' không dùng cửa sổ '14d',,4,
,count,night,pair,hist,grammar_invalid,phép đo 'count' không dùng cửa sổ 'hist',,4,
,count,night,hour,1d,grammar_invalid,phép đo 'count' chỉ áp dụng cho đếm sự kiện,,2,
,count,night,hour,5m,grammar_invalid,phép đo 'count' chỉ áp dụng cho đếm sự kiện,,2,
,count,night,hour,15m,grammar_invalid,phép đo 'count' chỉ áp dụng cho đếm sự kiện,,2,
,count,night,hour,60m,grammar_invalid,phép đo 'count' chỉ áp dụng cho đếm sự kiện,,2,
,count,night,hour,7d,grammar_invalid,phép đo 'count' không dùng cửa sổ '7d',,2,
,count,night,hour,14d,grammar_invalid,phép đo 'count' không dùng cửa sổ '14d',,3,
,count,night,hour,hist,grammar_invalid,phép đo 'count' không dùng cửa sổ 'hist',,3,
,count,night,logon_type,1d,grammar_invalid,phép đo 'count' chỉ áp dụng cho đếm sự kiện,,2,
,count,night,logon_type,5m,grammar_invalid,phép đo 'count' chỉ áp dụng cho đếm sự kiện,,2,
,count,night,logon_type,15m,grammar_invalid,phép đo 'count' chỉ áp dụng cho đếm sự kiện,,2,
,count,night,logon_type,60m,grammar_invalid,phép đo 'count' chỉ áp dụng cho đếm sự kiện,,2,
,count,night,logon_type,7d,grammar_invalid,phép đo 'count' không dùng cửa sổ '7d',,2,
,count,night,logon_type,14d,grammar_invalid,phép đo 'count' không dùng cửa sổ '14d',,3,
,count,night,logon_type,hist,grammar_invalid,phép đo 'count' không dùng cửa sổ 'hist',,3,
,count,night,auth,1d,grammar_invalid,phép đo 'count' chỉ áp dụng cho đếm sự kiện,,3,
,count,night,auth,5m,grammar_invalid,phép đo 'count' chỉ áp dụng cho đếm sự kiện,,3,
,count,night,auth,15m,grammar_invalid,phép đo 'count' chỉ áp dụng cho đếm sự kiện,,3,
,count,night,auth,60m,grammar_invalid,phép đo 'count' chỉ áp dụng cho đếm sự kiện,,3,
,count,night,auth,7d,grammar_invalid,phép đo 'count' không dùng cửa sổ '7d',,3,
,count,night,auth,14d,grammar_invalid,phép đo 'count' không dùng cửa sổ '14d',,4,
,count,night,auth,hist,grammar_invalid,phép đo 'count' không dùng cửa sổ 'hist',,4,
,count,night,fail_reason,1d,grammar_invalid,phép đo 'count' chỉ áp dụng cho đếm sự kiện,,3,
,count,night,fail_reason,5m,grammar_invalid,phép đo 'count' chỉ áp dụng cho đếm sự kiện,,3,
,count,night,fail_reason,15m,grammar_invalid,phép đo 'count' chỉ áp dụng cho đếm sự kiện,,3,
,count,night,fail_reason,60m,grammar_invalid,phép đo 'count' chỉ áp dụng cho đếm sự kiện,,3,
,count,night,fail_reason,7d,grammar_invalid,phép đo 'count' không dùng cửa sổ '7d',,3,
,count,night,fail_reason,14d,grammar_invalid,phép đo 'count' không dùng cửa sổ '14d',,4,
,count,night,fail_reason,hist,grammar_invalid,phép đo 'count' không dùng cửa sổ 'hist',,4,
,distinct,all,event,1d,grammar_invalid,phép đo 'distinct' cần một chiều thực thể,,1,
,distinct,all,event,5m,grammar_invalid,phép đo 'distinct' cần một chiều thực thể,,1,
,distinct,all,event,15m,grammar_invalid,phép đo 'distinct' cần một chiều thực thể,,1,
,distinct,all,event,60m,grammar_invalid,phép đo 'distinct' cần một chiều thực thể,,1,
,distinct,all,event,7d,grammar_invalid,phép đo 'distinct' không dùng cửa sổ '7d',,1,
,distinct,all,event,14d,grammar_invalid,phép đo 'distinct' không dùng cửa sổ '14d',,2,
,distinct,all,event,hist,grammar_invalid,phép đo 'distinct' không dùng cửa sổ 'hist',,2,
distinct_source,distinct,all,Source,1d,dropped_r1,core: distinct_sources_count,new_workstation_burst,1,số máy nguồn (Source) khác nhau trong mọi sự kiện
distinct_source_5m,distinct,all,Source,5m,dropped_r4,biến thể khung thời gian: giữ khung 15 phút làm đại diện,new_workstation_burst,1,số máy nguồn (Source) khác nhau trong mọi sự kiện trong khung 5 phút đông nhất của ngày
distinct_source_15m,distinct,all,Source,15m,round2,,new_workstation_burst,1,số máy nguồn (Source) khác nhau trong mọi sự kiện trong khung 15 phút đông nhất của ngày
distinct_source_60m,distinct,all,Source,60m,dropped_r4,biến thể khung thời gian: giữ khung 15 phút làm đại diện,new_workstation_burst,1,số máy nguồn (Source) khác nhau trong mọi sự kiện trong khung 60 phút đông nhất của ngày
,distinct,all,Source,7d,grammar_invalid,phép đo 'distinct' không dùng cửa sổ '7d',,1,
,distinct,all,Source,14d,grammar_invalid,phép đo 'distinct' không dùng cửa sổ '14d',,2,
,distinct,all,Source,hist,grammar_invalid,phép đo 'distinct' không dùng cửa sổ 'hist',,2,
distinct_host,distinct,all,LogHost,1d,dropped_r1,core: log_distinct_hosts,lateral_fanout,1,số máy đích (LogHost) khác nhau trong mọi sự kiện
distinct_host_5m,distinct,all,LogHost,5m,dropped_r4,biến thể khung thời gian: giữ khung 15 phút làm đại diện,lateral_fanout,1,số máy đích (LogHost) khác nhau trong mọi sự kiện trong khung 5 phút đông nhất của ngày
distinct_host_15m,distinct,all,LogHost,15m,round2,,lateral_fanout,1,số máy đích (LogHost) khác nhau trong mọi sự kiện trong khung 15 phút đông nhất của ngày
distinct_host_60m,distinct,all,LogHost,60m,dropped_r4,biến thể khung thời gian: giữ khung 15 phút làm đại diện,lateral_fanout,1,số máy đích (LogHost) khác nhau trong mọi sự kiện trong khung 60 phút đông nhất của ngày
,distinct,all,LogHost,7d,grammar_invalid,phép đo 'distinct' không dùng cửa sổ '7d',,1,
,distinct,all,LogHost,14d,grammar_invalid,phép đo 'distinct' không dùng cửa sổ '14d',,2,
,distinct,all,LogHost,hist,grammar_invalid,phép đo 'distinct' không dùng cửa sổ 'hist',,2,
distinct_pair,distinct,all,pair,1d,round2,,"lateral_fanout,new_workstation_burst",2,"số cặp (Source, LogHost) khác nhau trong mọi sự kiện"
distinct_pair_5m,distinct,all,pair,5m,dropped_r4,biến thể khung thời gian: giữ khung 15 phút làm đại diện,"lateral_fanout,new_workstation_burst",2,"số cặp (Source, LogHost) khác nhau trong mọi sự kiện trong khung 5 phút đông nhất của ngày"
distinct_pair_15m,distinct,all,pair,15m,round2,,"lateral_fanout,new_workstation_burst",2,"số cặp (Source, LogHost) khác nhau trong mọi sự kiện trong khung 15 phút đông nhất của ngày"
distinct_pair_60m,distinct,all,pair,60m,dropped_r4,biến thể khung thời gian: giữ khung 15 phút làm đại diện,"lateral_fanout,new_workstation_burst",2,"số cặp (Source, LogHost) khác nhau trong mọi sự kiện trong khung 60 phút đông nhất của ngày"
,distinct,all,pair,7d,grammar_invalid,phép đo 'distinct' không dùng cửa sổ '7d',,2,
,distinct,all,pair,14d,grammar_invalid,phép đo 'distinct' không dùng cửa sổ '14d',,3,
,distinct,all,pair,hist,grammar_invalid,phép đo 'distinct' không dùng cửa sổ 'hist',,3,
distinct_hour,distinct,all,hour,1d,dropped_r2,không nhắm kịch bản nào ở mục 5.2,,1,số khung giờ khác nhau trong mọi sự kiện
,distinct,all,hour,5m,grammar_invalid,khung ≤ 60 phút nằm gọn trong 1–2 khung giờ ⇒ số khung giờ gần như hằng số,,1,
,distinct,all,hour,15m,grammar_invalid,khung ≤ 60 phút nằm gọn trong 1–2 khung giờ ⇒ số khung giờ gần như hằng số,,1,
,distinct,all,hour,60m,grammar_invalid,khung ≤ 60 phút nằm gọn trong 1–2 khung giờ ⇒ số khung giờ gần như hằng số,,1,
,distinct,all,hour,7d,grammar_invalid,phép đo 'distinct' không dùng cửa sổ '7d',,1,
,distinct,all,hour,14d,grammar_invalid,phép đo 'distinct' không dùng cửa sổ '14d',,2,
,distinct,all,hour,hist,grammar_invalid,phép đo 'distinct' không dùng cửa sổ 'hist',,2,
distinct_logontype,distinct,all,logon_type,1d,dropped_r1,"đã loại: distinct_logon_types (ρ = 0,8799 với network_ratio)",,1,số loại logon khác nhau trong mọi sự kiện
distinct_logontype_5m,distinct,all,logon_type,5m,dropped_r2,không nhắm kịch bản nào ở mục 5.2,,1,số loại logon khác nhau trong mọi sự kiện trong khung 5 phút đông nhất của ngày
distinct_logontype_15m,distinct,all,logon_type,15m,dropped_r2,không nhắm kịch bản nào ở mục 5.2,,1,số loại logon khác nhau trong mọi sự kiện trong khung 15 phút đông nhất của ngày
distinct_logontype_60m,distinct,all,logon_type,60m,dropped_r2,không nhắm kịch bản nào ở mục 5.2,,1,số loại logon khác nhau trong mọi sự kiện trong khung 60 phút đông nhất của ngày
,distinct,all,logon_type,7d,grammar_invalid,phép đo 'distinct' không dùng cửa sổ '7d',,1,
,distinct,all,logon_type,14d,grammar_invalid,phép đo 'distinct' không dùng cửa sổ '14d',,2,
,distinct,all,logon_type,hist,grammar_invalid,phép đo 'distinct' không dùng cửa sổ 'hist',,2,
distinct_auth,distinct,all,auth,1d,dropped_r2,không nhắm kịch bản nào ở mục 5.2,,2,số gói xác thực khác nhau trong mọi sự kiện
distinct_auth_5m,distinct,all,auth,5m,dropped_r2,không nhắm kịch bản nào ở mục 5.2,,2,số gói xác thực khác nhau trong mọi sự kiện trong khung 5 phút đông nhất của ngày
distinct_auth_15m,distinct,all,auth,15m,dropped_r2,không nhắm kịch bản nào ở mục 5.2,,2,số gói xác thực khác nhau trong mọi sự kiện trong khung 15 phút đông nhất của ngày
distinct_auth_60m,distinct,all,auth,60m,dropped_r2,không nhắm kịch bản nào ở mục 5.2,,2,số gói xác thực khác nhau trong mọi sự kiện trong khung 60 phút đông nhất của ngày
,distinct,all,auth,7d,grammar_invalid,phép đo 'distinct' không dùng cửa sổ '7d',,2,
,distinct,all,auth,14d,grammar_invalid,phép đo 'distinct' không dùng cửa sổ '14d',,3,
,distinct,all,auth,hist,grammar_invalid,phép đo 'distinct' không dùng cửa sổ 'hist',,3,
,distinct,all,fail_reason,1d,grammar_invalid,FailureReason chỉ tồn tại ở 4625,,2,
,distinct,all,fail_reason,5m,grammar_invalid,FailureReason chỉ tồn tại ở 4625,,2,
,distinct,all,fail_reason,15m,grammar_invalid,FailureReason chỉ tồn tại ở 4625,,2,
,distinct,all,fail_reason,60m,grammar_invalid,FailureReason chỉ tồn tại ở 4625,,2,
,distinct,all,fail_reason,7d,grammar_invalid,phép đo 'distinct' không dùng cửa sổ '7d',,2,
,distinct,all,fail_reason,14d,grammar_invalid,phép đo 'distinct' không dùng cửa sổ '14d',,3,
,distinct,all,fail_reason,hist,grammar_invalid,phép đo 'distinct' không dùng cửa sổ 'hist',,3,
,distinct,fail,event,1d,grammar_invalid,phép đo 'distinct' cần một chiều thực thể,,2,
,distinct,fail,event,5m,grammar_invalid,phép đo 'distinct' cần một chiều thực thể,,2,
,distinct,fail,event,15m,grammar_invalid,phép đo 'distinct' cần một chiều thực thể,,2,
,distinct,fail,event,60m,grammar_invalid,phép đo 'distinct' cần một chiều thực thể,,2,
,distinct,fail,event,7d,grammar_invalid,phép đo 'distinct' không dùng cửa sổ '7d',,2,
,distinct,fail,event,14d,grammar_invalid,phép đo 'distinct' không dùng cửa sổ '14d',,3,
,distinct,fail,event,hist,grammar_invalid,phép đo 'distinct' không dùng cửa sổ 'hist',,3,
distinct_fail_source,distinct,fail,Source,1d,round2,,"brute_force,password_spraying",2,số máy nguồn (Source) khác nhau trong đăng nhập thất bại (4625)
distinct_fail_source_5m,distinct,fail,Source,5m,dropped_r4,biến thể khung thời gian: giữ khung 15 phút làm đại diện,"brute_force,password_spraying",2,số máy nguồn (Source) khác nhau trong đăng nhập thất bại (4625) trong khung 5 phút đông nhất của ngày
distinct_fail_source_15m,distinct,fail,Source,15m,round2,,"brute_force,password_spraying",2,số máy nguồn (Source) khác nhau trong đăng nhập thất bại (4625) trong khung 15 phút đông nhất của ngày
distinct_fail_source_60m,distinct,fail,Source,60m,dropped_r4,biến thể khung thời gian: giữ khung 15 phút làm đại diện,"brute_force,password_spraying",2,số máy nguồn (Source) khác nhau trong đăng nhập thất bại (4625) trong khung 60 phút đông nhất của ngày
,distinct,fail,Source,7d,grammar_invalid,phép đo 'distinct' không dùng cửa sổ '7d',,2,
,distinct,fail,Source,14d,grammar_invalid,phép đo 'distinct' không dùng cửa sổ '14d',,3,
,distinct,fail,Source,hist,grammar_invalid,phép đo 'distinct' không dùng cửa sổ 'hist',,3,
distinct_fail_host,distinct,fail,LogHost,1d,round2,,"brute_force,password_spraying",2,số máy đích (LogHost) khác nhau trong đăng nhập thất bại (4625)
distinct_fail_host_5m,distinct,fail,LogHost,5m,dropped_r4,biến thể khung thời gian: giữ khung 15 phút làm đại diện,"brute_force,password_spraying",2,số máy đích (LogHost) khác nhau trong đăng nhập thất bại (4625) trong khung 5 phút đông nhất của ngày
distinct_fail_host_15m,distinct,fail,LogHost,15m,round2,,"brute_force,password_spraying",2,số máy đích (LogHost) khác nhau trong đăng nhập thất bại (4625) trong khung 15 phút đông nhất của ngày
distinct_fail_host_60m,distinct,fail,LogHost,60m,dropped_r4,biến thể khung thời gian: giữ khung 15 phút làm đại diện,"brute_force,password_spraying",2,số máy đích (LogHost) khác nhau trong đăng nhập thất bại (4625) trong khung 60 phút đông nhất của ngày
,distinct,fail,LogHost,7d,grammar_invalid,phép đo 'distinct' không dùng cửa sổ '7d',,2,
,distinct,fail,LogHost,14d,grammar_invalid,phép đo 'distinct' không dùng cửa sổ '14d',,3,
,distinct,fail,LogHost,hist,grammar_invalid,phép đo 'distinct' không dùng cửa sổ 'hist',,3,
distinct_fail_pair,distinct,fail,pair,1d,round2,,"brute_force,password_spraying",3,"số cặp (Source, LogHost) khác nhau trong đăng nhập thất bại (4625)"
distinct_fail_pair_5m,distinct,fail,pair,5m,dropped_r4,biến thể khung thời gian: giữ khung 15 phút làm đại diện,"brute_force,password_spraying",3,"số cặp (Source, LogHost) khác nhau trong đăng nhập thất bại (4625) trong khung 5 phút đông nhất của ngày"
distinct_fail_pair_15m,distinct,fail,pair,15m,round2,,"brute_force,password_spraying",3,"số cặp (Source, LogHost) khác nhau trong đăng nhập thất bại (4625) trong khung 15 phút đông nhất của ngày"
distinct_fail_pair_60m,distinct,fail,pair,60m,dropped_r4,biến thể khung thời gian: giữ khung 15 phút làm đại diện,"brute_force,password_spraying",3,"số cặp (Source, LogHost) khác nhau trong đăng nhập thất bại (4625) trong khung 60 phút đông nhất của ngày"
,distinct,fail,pair,7d,grammar_invalid,phép đo 'distinct' không dùng cửa sổ '7d',,3,
,distinct,fail,pair,14d,grammar_invalid,phép đo 'distinct' không dùng cửa sổ '14d',,4,
,distinct,fail,pair,hist,grammar_invalid,phép đo 'distinct' không dùng cửa sổ 'hist',,4,
distinct_fail_hour,distinct,fail,hour,1d,dropped_r2,không nhắm kịch bản nào ở mục 5.2,,2,số khung giờ khác nhau trong đăng nhập thất bại (4625)
,distinct,fail,hour,5m,grammar_invalid,khung ≤ 60 phút nằm gọn trong 1–2 khung giờ ⇒ số khung giờ gần như hằng số,,2,
,distinct,fail,hour,15m,grammar_invalid,khung ≤ 60 phút nằm gọn trong 1–2 khung giờ ⇒ số khung giờ gần như hằng số,,2,
,distinct,fail,hour,60m,grammar_invalid,khung ≤ 60 phút nằm gọn trong 1–2 khung giờ ⇒ số khung giờ gần như hằng số,,2,
,distinct,fail,hour,7d,grammar_invalid,phép đo 'distinct' không dùng cửa sổ '7d',,2,
,distinct,fail,hour,14d,grammar_invalid,phép đo 'distinct' không dùng cửa sổ '14d',,3,
,distinct,fail,hour,hist,grammar_invalid,phép đo 'distinct' không dùng cửa sổ 'hist',,3,
distinct_fail_logontype,distinct,fail,logon_type,1d,dropped_r2,không nhắm kịch bản nào ở mục 5.2,,2,số loại logon khác nhau trong đăng nhập thất bại (4625)
distinct_fail_logontype_5m,distinct,fail,logon_type,5m,dropped_r2,không nhắm kịch bản nào ở mục 5.2,,2,số loại logon khác nhau trong đăng nhập thất bại (4625) trong khung 5 phút đông nhất của ngày
distinct_fail_logontype_15m,distinct,fail,logon_type,15m,dropped_r2,không nhắm kịch bản nào ở mục 5.2,,2,số loại logon khác nhau trong đăng nhập thất bại (4625) trong khung 15 phút đông nhất của ngày
distinct_fail_logontype_60m,distinct,fail,logon_type,60m,dropped_r2,không nhắm kịch bản nào ở mục 5.2,,2,số loại logon khác nhau trong đăng nhập thất bại (4625) trong khung 60 phút đông nhất của ngày
,distinct,fail,logon_type,7d,grammar_invalid,phép đo 'distinct' không dùng cửa sổ '7d',,2,
,distinct,fail,logon_type,14d,grammar_invalid,phép đo 'distinct' không dùng cửa sổ '14d',,3,
,distinct,fail,logon_type,hist,grammar_invalid,phép đo 'distinct' không dùng cửa sổ 'hist',,3,
distinct_fail_auth,distinct,fail,auth,1d,dropped_r2,không nhắm kịch bản nào ở mục 5.2,,3,số gói xác thực khác nhau trong đăng nhập thất bại (4625)
distinct_fail_auth_5m,distinct,fail,auth,5m,dropped_r2,không nhắm kịch bản nào ở mục 5.2,,3,số gói xác thực khác nhau trong đăng nhập thất bại (4625) trong khung 5 phút đông nhất của ngày
distinct_fail_auth_15m,distinct,fail,auth,15m,dropped_r2,không nhắm kịch bản nào ở mục 5.2,,3,số gói xác thực khác nhau trong đăng nhập thất bại (4625) trong khung 15 phút đông nhất của ngày
distinct_fail_auth_60m,distinct,fail,auth,60m,dropped_r2,không nhắm kịch bản nào ở mục 5.2,,3,số gói xác thực khác nhau trong đăng nhập thất bại (4625) trong khung 60 phút đông nhất của ngày
,distinct,fail,auth,7d,grammar_invalid,phép đo 'distinct' không dùng cửa sổ '7d',,3,
,distinct,fail,auth,14d,grammar_invalid,phép đo 'distinct' không dùng cửa sổ '14d',,4,
,distinct,fail,auth,hist,grammar_invalid,phép đo 'distinct' không dùng cửa sổ 'hist',,4,
distinct_fail_failreason,distinct,fail,fail_reason,1d,round2,,brute_force,3,số lý do thất bại khác nhau trong đăng nhập thất bại (4625)
distinct_fail_failreason_5m,distinct,fail,fail_reason,5m,dropped_r4,biến thể khung thời gian: giữ khung 15 phút làm đại diện,brute_force,3,số lý do thất bại khác nhau trong đăng nhập thất bại (4625) trong khung 5 phút đông nhất của ngày
distinct_fail_failreason_15m,distinct,fail,fail_reason,15m,round2,,brute_force,3,số lý do thất bại khác nhau trong đăng nhập thất bại (4625) trong khung 15 phút đông nhất của ngày
distinct_fail_failreason_60m,distinct,fail,fail_reason,60m,dropped_r4,biến thể khung thời gian: giữ khung 15 phút làm đại diện,brute_force,3,số lý do thất bại khác nhau trong đăng nhập thất bại (4625) trong khung 60 phút đông nhất của ngày
,distinct,fail,fail_reason,7d,grammar_invalid,phép đo 'distinct' không dùng cửa sổ '7d',,3,
,distinct,fail,fail_reason,14d,grammar_invalid,phép đo 'distinct' không dùng cửa sổ '14d',,4,
,distinct,fail,fail_reason,hist,grammar_invalid,phép đo 'distinct' không dùng cửa sổ 'hist',,4,
,distinct,success,event,1d,grammar_invalid,phép đo 'distinct' cần một chiều thực thể,,2,
,distinct,success,event,5m,grammar_invalid,phép đo 'distinct' cần một chiều thực thể,,2,
,distinct,success,event,15m,grammar_invalid,phép đo 'distinct' cần một chiều thực thể,,2,
,distinct,success,event,60m,grammar_invalid,phép đo 'distinct' cần một chiều thực thể,,2,
,distinct,success,event,7d,grammar_invalid,phép đo 'distinct' không dùng cửa sổ '7d',,2,
,distinct,success,event,14d,grammar_invalid,phép đo 'distinct' không dùng cửa sổ '14d',,3,
,distinct,success,event,hist,grammar_invalid,phép đo 'distinct' không dùng cửa sổ 'hist',,3,
distinct_success_source,distinct,success,Source,1d,dropped_r4,"đối tượng 'thành công' gần trùng 'mọi sự kiện' (87,36% dòng không có thất bại)",new_workstation_burst,2,số máy nguồn (Source) khác nhau trong đăng nhập thành công (4624)
distinct_success_source_5m,distinct,success,Source,5m,dropped_r4,biến thể khung thời gian: giữ khung 15 phút làm đại diện,new_workstation_burst,2,số máy nguồn (Source) khác nhau trong đăng nhập thành công (4624) trong khung 5 phút đông nhất của ngày
distinct_success_source_15m,distinct,success,Source,15m,dropped_r4,"đối tượng 'thành công' gần trùng 'mọi sự kiện' (87,36% dòng không có thất bại)",new_workstation_burst,2,số máy nguồn (Source) khác nhau trong đăng nhập thành công (4624) trong khung 15 phút đông nhất của ngày
distinct_success_source_60m,distinct,success,Source,60m,dropped_r4,biến thể khung thời gian: giữ khung 15 phút làm đại diện,new_workstation_burst,2,số máy nguồn (Source) khác nhau trong đăng nhập thành công (4624) trong khung 60 phút đông nhất của ngày
,distinct,success,Source,7d,grammar_invalid,phép đo 'distinct' không dùng cửa sổ '7d',,2,
,distinct,success,Source,14d,grammar_invalid,phép đo 'distinct' không dùng cửa sổ '14d',,3,
,distinct,success,Source,hist,grammar_invalid,phép đo 'distinct' không dùng cửa sổ 'hist',,3,
distinct_success_host,distinct,success,LogHost,1d,dropped_r4,"đối tượng 'thành công' gần trùng 'mọi sự kiện' (87,36% dòng không có thất bại)",lateral_fanout,2,số máy đích (LogHost) khác nhau trong đăng nhập thành công (4624)
distinct_success_host_5m,distinct,success,LogHost,5m,dropped_r4,biến thể khung thời gian: giữ khung 15 phút làm đại diện,lateral_fanout,2,số máy đích (LogHost) khác nhau trong đăng nhập thành công (4624) trong khung 5 phút đông nhất của ngày
distinct_success_host_15m,distinct,success,LogHost,15m,dropped_r4,"đối tượng 'thành công' gần trùng 'mọi sự kiện' (87,36% dòng không có thất bại)",lateral_fanout,2,số máy đích (LogHost) khác nhau trong đăng nhập thành công (4624) trong khung 15 phút đông nhất của ngày
distinct_success_host_60m,distinct,success,LogHost,60m,dropped_r4,biến thể khung thời gian: giữ khung 15 phút làm đại diện,lateral_fanout,2,số máy đích (LogHost) khác nhau trong đăng nhập thành công (4624) trong khung 60 phút đông nhất của ngày
,distinct,success,LogHost,7d,grammar_invalid,phép đo 'distinct' không dùng cửa sổ '7d',,2,
,distinct,success,LogHost,14d,grammar_invalid,phép đo 'distinct' không dùng cửa sổ '14d',,3,
,distinct,success,LogHost,hist,grammar_invalid,phép đo 'distinct' không dùng cửa sổ 'hist',,3,
distinct_success_pair,distinct,success,pair,1d,dropped_r4,"đối tượng 'thành công' gần trùng 'mọi sự kiện' (87,36% dòng không có thất bại)","lateral_fanout,new_workstation_burst",3,"số cặp (Source, LogHost) khác nhau trong đăng nhập thành công (4624)"
distinct_success_pair_5m,distinct,success,pair,5m,dropped_r4,biến thể khung thời gian: giữ khung 15 phút làm đại diện,"lateral_fanout,new_workstation_burst",3,"số cặp (Source, LogHost) khác nhau trong đăng nhập thành công (4624) trong khung 5 phút đông nhất của ngày"
distinct_success_pair_15m,distinct,success,pair,15m,dropped_r4,"đối tượng 'thành công' gần trùng 'mọi sự kiện' (87,36% dòng không có thất bại)","lateral_fanout,new_workstation_burst",3,"số cặp (Source, LogHost) khác nhau trong đăng nhập thành công (4624) trong khung 15 phút đông nhất của ngày"
distinct_success_pair_60m,distinct,success,pair,60m,dropped_r4,biến thể khung thời gian: giữ khung 15 phút làm đại diện,"lateral_fanout,new_workstation_burst",3,"số cặp (Source, LogHost) khác nhau trong đăng nhập thành công (4624) trong khung 60 phút đông nhất của ngày"
,distinct,success,pair,7d,grammar_invalid,phép đo 'distinct' không dùng cửa sổ '7d',,3,
,distinct,success,pair,14d,grammar_invalid,phép đo 'distinct' không dùng cửa sổ '14d',,4,
,distinct,success,pair,hist,grammar_invalid,phép đo 'distinct' không dùng cửa sổ 'hist',,4,
distinct_success_hour,distinct,success,hour,1d,dropped_r2,không nhắm kịch bản nào ở mục 5.2,,2,số khung giờ khác nhau trong đăng nhập thành công (4624)
,distinct,success,hour,5m,grammar_invalid,khung ≤ 60 phút nằm gọn trong 1–2 khung giờ ⇒ số khung giờ gần như hằng số,,2,
,distinct,success,hour,15m,grammar_invalid,khung ≤ 60 phút nằm gọn trong 1–2 khung giờ ⇒ số khung giờ gần như hằng số,,2,
,distinct,success,hour,60m,grammar_invalid,khung ≤ 60 phút nằm gọn trong 1–2 khung giờ ⇒ số khung giờ gần như hằng số,,2,
,distinct,success,hour,7d,grammar_invalid,phép đo 'distinct' không dùng cửa sổ '7d',,2,
,distinct,success,hour,14d,grammar_invalid,phép đo 'distinct' không dùng cửa sổ '14d',,3,
,distinct,success,hour,hist,grammar_invalid,phép đo 'distinct' không dùng cửa sổ 'hist',,3,
distinct_success_logontype,distinct,success,logon_type,1d,dropped_r2,không nhắm kịch bản nào ở mục 5.2,,2,số loại logon khác nhau trong đăng nhập thành công (4624)
distinct_success_logontype_5m,distinct,success,logon_type,5m,dropped_r2,không nhắm kịch bản nào ở mục 5.2,,2,số loại logon khác nhau trong đăng nhập thành công (4624) trong khung 5 phút đông nhất của ngày
distinct_success_logontype_15m,distinct,success,logon_type,15m,dropped_r2,không nhắm kịch bản nào ở mục 5.2,,2,số loại logon khác nhau trong đăng nhập thành công (4624) trong khung 15 phút đông nhất của ngày
distinct_success_logontype_60m,distinct,success,logon_type,60m,dropped_r2,không nhắm kịch bản nào ở mục 5.2,,2,số loại logon khác nhau trong đăng nhập thành công (4624) trong khung 60 phút đông nhất của ngày
,distinct,success,logon_type,7d,grammar_invalid,phép đo 'distinct' không dùng cửa sổ '7d',,2,
,distinct,success,logon_type,14d,grammar_invalid,phép đo 'distinct' không dùng cửa sổ '14d',,3,
,distinct,success,logon_type,hist,grammar_invalid,phép đo 'distinct' không dùng cửa sổ 'hist',,3,
distinct_success_auth,distinct,success,auth,1d,dropped_r2,không nhắm kịch bản nào ở mục 5.2,,3,số gói xác thực khác nhau trong đăng nhập thành công (4624)
distinct_success_auth_5m,distinct,success,auth,5m,dropped_r2,không nhắm kịch bản nào ở mục 5.2,,3,số gói xác thực khác nhau trong đăng nhập thành công (4624) trong khung 5 phút đông nhất của ngày
distinct_success_auth_15m,distinct,success,auth,15m,dropped_r2,không nhắm kịch bản nào ở mục 5.2,,3,số gói xác thực khác nhau trong đăng nhập thành công (4624) trong khung 15 phút đông nhất của ngày
distinct_success_auth_60m,distinct,success,auth,60m,dropped_r2,không nhắm kịch bản nào ở mục 5.2,,3,số gói xác thực khác nhau trong đăng nhập thành công (4624) trong khung 60 phút đông nhất của ngày
,distinct,success,auth,7d,grammar_invalid,phép đo 'distinct' không dùng cửa sổ '7d',,3,
,distinct,success,auth,14d,grammar_invalid,phép đo 'distinct' không dùng cửa sổ '14d',,4,
,distinct,success,auth,hist,grammar_invalid,phép đo 'distinct' không dùng cửa sổ 'hist',,4,
,distinct,success,fail_reason,1d,grammar_invalid,FailureReason chỉ tồn tại ở 4625,,3,
,distinct,success,fail_reason,5m,grammar_invalid,FailureReason chỉ tồn tại ở 4625,,3,
,distinct,success,fail_reason,15m,grammar_invalid,FailureReason chỉ tồn tại ở 4625,,3,
,distinct,success,fail_reason,60m,grammar_invalid,FailureReason chỉ tồn tại ở 4625,,3,
,distinct,success,fail_reason,7d,grammar_invalid,phép đo 'distinct' không dùng cửa sổ '7d',,3,
,distinct,success,fail_reason,14d,grammar_invalid,phép đo 'distinct' không dùng cửa sổ '14d',,4,
,distinct,success,fail_reason,hist,grammar_invalid,phép đo 'distinct' không dùng cửa sổ 'hist',,4,
,distinct,night,event,1d,grammar_invalid,phép đo 'distinct' cần một chiều thực thể,,2,
,distinct,night,event,5m,grammar_invalid,phép đo 'distinct' cần một chiều thực thể,,2,
,distinct,night,event,15m,grammar_invalid,phép đo 'distinct' cần một chiều thực thể,,2,
,distinct,night,event,60m,grammar_invalid,phép đo 'distinct' cần một chiều thực thể,,2,
,distinct,night,event,7d,grammar_invalid,phép đo 'distinct' không dùng cửa sổ '7d',,2,
,distinct,night,event,14d,grammar_invalid,phép đo 'distinct' không dùng cửa sổ '14d',,3,
,distinct,night,event,hist,grammar_invalid,phép đo 'distinct' không dùng cửa sổ 'hist',,3,
distinct_night_source,distinct,night,Source,1d,dropped_r2,không nhắm kịch bản nào ở mục 5.2,,2,số máy nguồn (Source) khác nhau trong sự kiện ngoài giờ (18h–7h)
distinct_night_source_5m,distinct,night,Source,5m,dropped_r2,không nhắm kịch bản nào ở mục 5.2,,2,số máy nguồn (Source) khác nhau trong sự kiện ngoài giờ (18h–7h) trong khung 5 phút đông nhất của ngày
distinct_night_source_15m,distinct,night,Source,15m,dropped_r2,không nhắm kịch bản nào ở mục 5.2,,2,số máy nguồn (Source) khác nhau trong sự kiện ngoài giờ (18h–7h) trong khung 15 phút đông nhất của ngày
distinct_night_source_60m,distinct,night,Source,60m,dropped_r2,không nhắm kịch bản nào ở mục 5.2,,2,số máy nguồn (Source) khác nhau trong sự kiện ngoài giờ (18h–7h) trong khung 60 phút đông nhất của ngày
,distinct,night,Source,7d,grammar_invalid,phép đo 'distinct' không dùng cửa sổ '7d',,2,
,distinct,night,Source,14d,grammar_invalid,phép đo 'distinct' không dùng cửa sổ '14d',,3,
,distinct,night,Source,hist,grammar_invalid,phép đo 'distinct' không dùng cửa sổ 'hist',,3,
distinct_night_host,distinct,night,LogHost,1d,dropped_r2,không nhắm kịch bản nào ở mục 5.2,,2,số máy đích (LogHost) khác nhau trong sự kiện ngoài giờ (18h–7h)
distinct_night_host_5m,distinct,night,LogHost,5m,dropped_r2,không nhắm kịch bản nào ở mục 5.2,,2,số máy đích (LogHost) khác nhau trong sự kiện ngoài giờ (18h–7h) trong khung 5 phút đông nhất của ngày
distinct_night_host_15m,distinct,night,LogHost,15m,dropped_r2,không nhắm kịch bản nào ở mục 5.2,,2,số máy đích (LogHost) khác nhau trong sự kiện ngoài giờ (18h–7h) trong khung 15 phút đông nhất của ngày
distinct_night_host_60m,distinct,night,LogHost,60m,dropped_r2,không nhắm kịch bản nào ở mục 5.2,,2,số máy đích (LogHost) khác nhau trong sự kiện ngoài giờ (18h–7h) trong khung 60 phút đông nhất của ngày
,distinct,night,LogHost,7d,grammar_invalid,phép đo 'distinct' không dùng cửa sổ '7d',,2,
,distinct,night,LogHost,14d,grammar_invalid,phép đo 'distinct' không dùng cửa sổ '14d',,3,
,distinct,night,LogHost,hist,grammar_invalid,phép đo 'distinct' không dùng cửa sổ 'hist',,3,
distinct_night_pair,distinct,night,pair,1d,dropped_r2,không nhắm kịch bản nào ở mục 5.2,,3,"số cặp (Source, LogHost) khác nhau trong sự kiện ngoài giờ (18h–7h)"
distinct_night_pair_5m,distinct,night,pair,5m,dropped_r2,không nhắm kịch bản nào ở mục 5.2,,3,"số cặp (Source, LogHost) khác nhau trong sự kiện ngoài giờ (18h–7h) trong khung 5 phút đông nhất của ngày"
distinct_night_pair_15m,distinct,night,pair,15m,dropped_r2,không nhắm kịch bản nào ở mục 5.2,,3,"số cặp (Source, LogHost) khác nhau trong sự kiện ngoài giờ (18h–7h) trong khung 15 phút đông nhất của ngày"
distinct_night_pair_60m,distinct,night,pair,60m,dropped_r2,không nhắm kịch bản nào ở mục 5.2,,3,"số cặp (Source, LogHost) khác nhau trong sự kiện ngoài giờ (18h–7h) trong khung 60 phút đông nhất của ngày"
,distinct,night,pair,7d,grammar_invalid,phép đo 'distinct' không dùng cửa sổ '7d',,3,
,distinct,night,pair,14d,grammar_invalid,phép đo 'distinct' không dùng cửa sổ '14d',,4,
,distinct,night,pair,hist,grammar_invalid,phép đo 'distinct' không dùng cửa sổ 'hist',,4,
,distinct,night,hour,1d,grammar_invalid,'ngoài giờ' được định nghĩa bằng chính khung giờ (vòng lặp định nghĩa),,2,
,distinct,night,hour,5m,grammar_invalid,'ngoài giờ' được định nghĩa bằng chính khung giờ (vòng lặp định nghĩa),,2,
,distinct,night,hour,15m,grammar_invalid,'ngoài giờ' được định nghĩa bằng chính khung giờ (vòng lặp định nghĩa),,2,
,distinct,night,hour,60m,grammar_invalid,'ngoài giờ' được định nghĩa bằng chính khung giờ (vòng lặp định nghĩa),,2,
,distinct,night,hour,7d,grammar_invalid,phép đo 'distinct' không dùng cửa sổ '7d',,2,
,distinct,night,hour,14d,grammar_invalid,phép đo 'distinct' không dùng cửa sổ '14d',,3,
,distinct,night,hour,hist,grammar_invalid,phép đo 'distinct' không dùng cửa sổ 'hist',,3,
distinct_night_logontype,distinct,night,logon_type,1d,dropped_r2,không nhắm kịch bản nào ở mục 5.2,,2,số loại logon khác nhau trong sự kiện ngoài giờ (18h–7h)
distinct_night_logontype_5m,distinct,night,logon_type,5m,dropped_r2,không nhắm kịch bản nào ở mục 5.2,,2,số loại logon khác nhau trong sự kiện ngoài giờ (18h–7h) trong khung 5 phút đông nhất của ngày
distinct_night_logontype_15m,distinct,night,logon_type,15m,dropped_r2,không nhắm kịch bản nào ở mục 5.2,,2,số loại logon khác nhau trong sự kiện ngoài giờ (18h–7h) trong khung 15 phút đông nhất của ngày
distinct_night_logontype_60m,distinct,night,logon_type,60m,dropped_r2,không nhắm kịch bản nào ở mục 5.2,,2,số loại logon khác nhau trong sự kiện ngoài giờ (18h–7h) trong khung 60 phút đông nhất của ngày
,distinct,night,logon_type,7d,grammar_invalid,phép đo 'distinct' không dùng cửa sổ '7d',,2,
,distinct,night,logon_type,14d,grammar_invalid,phép đo 'distinct' không dùng cửa sổ '14d',,3,
,distinct,night,logon_type,hist,grammar_invalid,phép đo 'distinct' không dùng cửa sổ 'hist',,3,
distinct_night_auth,distinct,night,auth,1d,dropped_r2,không nhắm kịch bản nào ở mục 5.2,,3,số gói xác thực khác nhau trong sự kiện ngoài giờ (18h–7h)
distinct_night_auth_5m,distinct,night,auth,5m,dropped_r2,không nhắm kịch bản nào ở mục 5.2,,3,số gói xác thực khác nhau trong sự kiện ngoài giờ (18h–7h) trong khung 5 phút đông nhất của ngày
distinct_night_auth_15m,distinct,night,auth,15m,dropped_r2,không nhắm kịch bản nào ở mục 5.2,,3,số gói xác thực khác nhau trong sự kiện ngoài giờ (18h–7h) trong khung 15 phút đông nhất của ngày
distinct_night_auth_60m,distinct,night,auth,60m,dropped_r2,không nhắm kịch bản nào ở mục 5.2,,3,số gói xác thực khác nhau trong sự kiện ngoài giờ (18h–7h) trong khung 60 phút đông nhất của ngày
,distinct,night,auth,7d,grammar_invalid,phép đo 'distinct' không dùng cửa sổ '7d',,3,
,distinct,night,auth,14d,grammar_invalid,phép đo 'distinct' không dùng cửa sổ '14d',,4,
,distinct,night,auth,hist,grammar_invalid,phép đo 'distinct' không dùng cửa sổ 'hist',,4,
,distinct,night,fail_reason,1d,grammar_invalid,FailureReason chỉ tồn tại ở 4625,,3,
,distinct,night,fail_reason,5m,grammar_invalid,FailureReason chỉ tồn tại ở 4625,,3,
,distinct,night,fail_reason,15m,grammar_invalid,FailureReason chỉ tồn tại ở 4625,,3,
,distinct,night,fail_reason,60m,grammar_invalid,FailureReason chỉ tồn tại ở 4625,,3,
,distinct,night,fail_reason,7d,grammar_invalid,phép đo 'distinct' không dùng cửa sổ '7d',,3,
,distinct,night,fail_reason,14d,grammar_invalid,phép đo 'distinct' không dùng cửa sổ '14d',,4,
,distinct,night,fail_reason,hist,grammar_invalid,phép đo 'distinct' không dùng cửa sổ 'hist',,4,
,share,all,event,1d,grammar_invalid,tỷ lệ của 'mọi sự kiện' luôn = 1,,1,
,share,all,event,5m,grammar_invalid,phép đo 'share' không dùng cửa sổ '5m',,1,
,share,all,event,15m,grammar_invalid,phép đo 'share' không dùng cửa sổ '15m',,1,
,share,all,event,60m,grammar_invalid,phép đo 'share' không dùng cửa sổ '60m',,1,
,share,all,event,7d,grammar_invalid,phép đo 'share' không dùng cửa sổ '7d',,1,
,share,all,event,14d,grammar_invalid,phép đo 'share' không dùng cửa sổ '14d',,2,
,share,all,event,hist,grammar_invalid,phép đo 'share' không dùng cửa sổ 'hist',,2,
,share,all,Source,1d,grammar_invalid,phép đo 'share' chỉ áp dụng cho đếm sự kiện,,1,
,share,all,Source,5m,grammar_invalid,phép đo 'share' không dùng cửa sổ '5m',,1,
,share,all,Source,15m,grammar_invalid,phép đo 'share' không dùng cửa sổ '15m',,1,
,share,all,Source,60m,grammar_invalid,phép đo 'share' không dùng cửa sổ '60m',,1,
,share,all,Source,7d,grammar_invalid,phép đo 'share' không dùng cửa sổ '7d',,1,
,share,all,Source,14d,grammar_invalid,phép đo 'share' không dùng cửa sổ '14d',,2,
,share,all,Source,hist,grammar_invalid,phép đo 'share' không dùng cửa sổ 'hist',,2,
,share,all,LogHost,1d,grammar_invalid,phép đo 'share' chỉ áp dụng cho đếm sự kiện,,1,
,share,all,LogHost,5m,grammar_invalid,phép đo 'share' không dùng cửa sổ '5m',,1,
,share,all,LogHost,15m,grammar_invalid,phép đo 'share' không dùng cửa sổ '15m',,1,
,share,all,LogHost,60m,grammar_invalid,phép đo 'share' không dùng cửa sổ '60m',,1,
,share,all,LogHost,7d,grammar_invalid,phép đo 'share' không dùng cửa sổ '7d',,1,
,share,all,LogHost,14d,grammar_invalid,phép đo 'share' không dùng cửa sổ '14d',,2,
,share,all,LogHost,hist,grammar_invalid,phép đo 'share' không dùng cửa sổ 'hist',,2,
,share,all,pair,1d,grammar_invalid,phép đo 'share' chỉ áp dụng cho đếm sự kiện,,2,
,share,all,pair,5m,grammar_invalid,phép đo 'share' không dùng cửa sổ '5m',,2,
,share,all,pair,15m,grammar_invalid,phép đo 'share' không dùng cửa sổ '15m',,2,
,share,all,pair,60m,grammar_invalid,phép đo 'share' không dùng cửa sổ '60m',,2,
,share,all,pair,7d,grammar_invalid,phép đo 'share' không dùng cửa sổ '7d',,2,
,share,all,pair,14d,grammar_invalid,phép đo 'share' không dùng cửa sổ '14d',,3,
,share,all,pair,hist,grammar_invalid,phép đo 'share' không dùng cửa sổ 'hist',,3,
,share,all,hour,1d,grammar_invalid,phép đo 'share' chỉ áp dụng cho đếm sự kiện,,1,
,share,all,hour,5m,grammar_invalid,phép đo 'share' không dùng cửa sổ '5m',,1,
,share,all,hour,15m,grammar_invalid,phép đo 'share' không dùng cửa sổ '15m',,1,
,share,all,hour,60m,grammar_invalid,phép đo 'share' không dùng cửa sổ '60m',,1,
,share,all,hour,7d,grammar_invalid,phép đo 'share' không dùng cửa sổ '7d',,1,
,share,all,hour,14d,grammar_invalid,phép đo 'share' không dùng cửa sổ '14d',,2,
,share,all,hour,hist,grammar_invalid,phép đo 'share' không dùng cửa sổ 'hist',,2,
,share,all,logon_type,1d,grammar_invalid,phép đo 'share' chỉ áp dụng cho đếm sự kiện,,1,
,share,all,logon_type,5m,grammar_invalid,phép đo 'share' không dùng cửa sổ '5m',,1,
,share,all,logon_type,15m,grammar_invalid,phép đo 'share' không dùng cửa sổ '15m',,1,
,share,all,logon_type,60m,grammar_invalid,phép đo 'share' không dùng cửa sổ '60m',,1,
,share,all,logon_type,7d,grammar_invalid,phép đo 'share' không dùng cửa sổ '7d',,1,
,share,all,logon_type,14d,grammar_invalid,phép đo 'share' không dùng cửa sổ '14d',,2,
,share,all,logon_type,hist,grammar_invalid,phép đo 'share' không dùng cửa sổ 'hist',,2,
,share,all,auth,1d,grammar_invalid,phép đo 'share' chỉ áp dụng cho đếm sự kiện,,2,
,share,all,auth,5m,grammar_invalid,phép đo 'share' không dùng cửa sổ '5m',,2,
,share,all,auth,15m,grammar_invalid,phép đo 'share' không dùng cửa sổ '15m',,2,
,share,all,auth,60m,grammar_invalid,phép đo 'share' không dùng cửa sổ '60m',,2,
,share,all,auth,7d,grammar_invalid,phép đo 'share' không dùng cửa sổ '7d',,2,
,share,all,auth,14d,grammar_invalid,phép đo 'share' không dùng cửa sổ '14d',,3,
,share,all,auth,hist,grammar_invalid,phép đo 'share' không dùng cửa sổ 'hist',,3,
,share,all,fail_reason,1d,grammar_invalid,phép đo 'share' chỉ áp dụng cho đếm sự kiện,,2,
,share,all,fail_reason,5m,grammar_invalid,phép đo 'share' không dùng cửa sổ '5m',,2,
,share,all,fail_reason,15m,grammar_invalid,phép đo 'share' không dùng cửa sổ '15m',,2,
,share,all,fail_reason,60m,grammar_invalid,phép đo 'share' không dùng cửa sổ '60m',,2,
,share,all,fail_reason,7d,grammar_invalid,phép đo 'share' không dùng cửa sổ '7d',,2,
,share,all,fail_reason,14d,grammar_invalid,phép đo 'share' không dùng cửa sổ '14d',,3,
,share,all,fail_reason,hist,grammar_invalid,phép đo 'share' không dùng cửa sổ 'hist',,3,
share_fail,share,fail,event,1d,dropped_r1,core: failure_ratio,"brute_force,password_spraying",2,tỷ lệ đăng nhập thất bại (4625) trên tổng sự kiện trong ngày
,share,fail,event,5m,grammar_invalid,phép đo 'share' không dùng cửa sổ '5m',,2,
,share,fail,event,15m,grammar_invalid,phép đo 'share' không dùng cửa sổ '15m',,2,
,share,fail,event,60m,grammar_invalid,phép đo 'share' không dùng cửa sổ '60m',,2,
,share,fail,event,7d,grammar_invalid,phép đo 'share' không dùng cửa sổ '7d',,2,
,share,fail,event,14d,grammar_invalid,phép đo 'share' không dùng cửa sổ '14d',,3,
,share,fail,event,hist,grammar_invalid,phép đo 'share' không dùng cửa sổ 'hist',,3,
,share,fail,Source,1d,grammar_invalid,phép đo 'share' chỉ áp dụng cho đếm sự kiện,,2,
,share,fail,Source,5m,grammar_invalid,phép đo 'share' không dùng cửa sổ '5m',,2,
,share,fail,Source,15m,grammar_invalid,phép đo 'share' không dùng cửa sổ '15m',,2,
,share,fail,Source,60m,grammar_invalid,phép đo 'share' không dùng cửa sổ '60m',,2,
,share,fail,Source,7d,grammar_invalid,phép đo 'share' không dùng cửa sổ '7d',,2,
,share,fail,Source,14d,grammar_invalid,phép đo 'share' không dùng cửa sổ '14d',,3,
,share,fail,Source,hist,grammar_invalid,phép đo 'share' không dùng cửa sổ 'hist',,3,
,share,fail,LogHost,1d,grammar_invalid,phép đo 'share' chỉ áp dụng cho đếm sự kiện,,2,
,share,fail,LogHost,5m,grammar_invalid,phép đo 'share' không dùng cửa sổ '5m',,2,
,share,fail,LogHost,15m,grammar_invalid,phép đo 'share' không dùng cửa sổ '15m',,2,
,share,fail,LogHost,60m,grammar_invalid,phép đo 'share' không dùng cửa sổ '60m',,2,
,share,fail,LogHost,7d,grammar_invalid,phép đo 'share' không dùng cửa sổ '7d',,2,
,share,fail,LogHost,14d,grammar_invalid,phép đo 'share' không dùng cửa sổ '14d',,3,
,share,fail,LogHost,hist,grammar_invalid,phép đo 'share' không dùng cửa sổ 'hist',,3,
,share,fail,pair,1d,grammar_invalid,phép đo 'share' chỉ áp dụng cho đếm sự kiện,,3,
,share,fail,pair,5m,grammar_invalid,phép đo 'share' không dùng cửa sổ '5m',,3,
,share,fail,pair,15m,grammar_invalid,phép đo 'share' không dùng cửa sổ '15m',,3,
,share,fail,pair,60m,grammar_invalid,phép đo 'share' không dùng cửa sổ '60m',,3,
,share,fail,pair,7d,grammar_invalid,phép đo 'share' không dùng cửa sổ '7d',,3,
,share,fail,pair,14d,grammar_invalid,phép đo 'share' không dùng cửa sổ '14d',,4,
,share,fail,pair,hist,grammar_invalid,phép đo 'share' không dùng cửa sổ 'hist',,4,
,share,fail,hour,1d,grammar_invalid,phép đo 'share' chỉ áp dụng cho đếm sự kiện,,2,
,share,fail,hour,5m,grammar_invalid,phép đo 'share' không dùng cửa sổ '5m',,2,
,share,fail,hour,15m,grammar_invalid,phép đo 'share' không dùng cửa sổ '15m',,2,
,share,fail,hour,60m,grammar_invalid,phép đo 'share' không dùng cửa sổ '60m',,2,
,share,fail,hour,7d,grammar_invalid,phép đo 'share' không dùng cửa sổ '7d',,2,
,share,fail,hour,14d,grammar_invalid,phép đo 'share' không dùng cửa sổ '14d',,3,
,share,fail,hour,hist,grammar_invalid,phép đo 'share' không dùng cửa sổ 'hist',,3,
,share,fail,logon_type,1d,grammar_invalid,phép đo 'share' chỉ áp dụng cho đếm sự kiện,,2,
,share,fail,logon_type,5m,grammar_invalid,phép đo 'share' không dùng cửa sổ '5m',,2,
,share,fail,logon_type,15m,grammar_invalid,phép đo 'share' không dùng cửa sổ '15m',,2,
,share,fail,logon_type,60m,grammar_invalid,phép đo 'share' không dùng cửa sổ '60m',,2,
,share,fail,logon_type,7d,grammar_invalid,phép đo 'share' không dùng cửa sổ '7d',,2,
,share,fail,logon_type,14d,grammar_invalid,phép đo 'share' không dùng cửa sổ '14d',,3,
,share,fail,logon_type,hist,grammar_invalid,phép đo 'share' không dùng cửa sổ 'hist',,3,
,share,fail,auth,1d,grammar_invalid,phép đo 'share' chỉ áp dụng cho đếm sự kiện,,3,
,share,fail,auth,5m,grammar_invalid,phép đo 'share' không dùng cửa sổ '5m',,3,
,share,fail,auth,15m,grammar_invalid,phép đo 'share' không dùng cửa sổ '15m',,3,
,share,fail,auth,60m,grammar_invalid,phép đo 'share' không dùng cửa sổ '60m',,3,
,share,fail,auth,7d,grammar_invalid,phép đo 'share' không dùng cửa sổ '7d',,3,
,share,fail,auth,14d,grammar_invalid,phép đo 'share' không dùng cửa sổ '14d',,4,
,share,fail,auth,hist,grammar_invalid,phép đo 'share' không dùng cửa sổ 'hist',,4,
,share,fail,fail_reason,1d,grammar_invalid,phép đo 'share' chỉ áp dụng cho đếm sự kiện,,3,
,share,fail,fail_reason,5m,grammar_invalid,phép đo 'share' không dùng cửa sổ '5m',,3,
,share,fail,fail_reason,15m,grammar_invalid,phép đo 'share' không dùng cửa sổ '15m',,3,
,share,fail,fail_reason,60m,grammar_invalid,phép đo 'share' không dùng cửa sổ '60m',,3,
,share,fail,fail_reason,7d,grammar_invalid,phép đo 'share' không dùng cửa sổ '7d',,3,
,share,fail,fail_reason,14d,grammar_invalid,phép đo 'share' không dùng cửa sổ '14d',,4,
,share,fail,fail_reason,hist,grammar_invalid,phép đo 'share' không dùng cửa sổ 'hist',,4,
share_success,share,success,event,1d,dropped_r1,= 1 − failure_ratio (phụ thuộc tuyến tính tuyệt đối),,2,tỷ lệ đăng nhập thành công (4624) trên tổng sự kiện trong ngày
,share,success,event,5m,grammar_invalid,phép đo 'share' không dùng cửa sổ '5m',,2,
,share,success,event,15m,grammar_invalid,phép đo 'share' không dùng cửa sổ '15m',,2,
,share,success,event,60m,grammar_invalid,phép đo 'share' không dùng cửa sổ '60m',,2,
,share,success,event,7d,grammar_invalid,phép đo 'share' không dùng cửa sổ '7d',,2,
,share,success,event,14d,grammar_invalid,phép đo 'share' không dùng cửa sổ '14d',,3,
,share,success,event,hist,grammar_invalid,phép đo 'share' không dùng cửa sổ 'hist',,3,
,share,success,Source,1d,grammar_invalid,phép đo 'share' chỉ áp dụng cho đếm sự kiện,,2,
,share,success,Source,5m,grammar_invalid,phép đo 'share' không dùng cửa sổ '5m',,2,
,share,success,Source,15m,grammar_invalid,phép đo 'share' không dùng cửa sổ '15m',,2,
,share,success,Source,60m,grammar_invalid,phép đo 'share' không dùng cửa sổ '60m',,2,
,share,success,Source,7d,grammar_invalid,phép đo 'share' không dùng cửa sổ '7d',,2,
,share,success,Source,14d,grammar_invalid,phép đo 'share' không dùng cửa sổ '14d',,3,
,share,success,Source,hist,grammar_invalid,phép đo 'share' không dùng cửa sổ 'hist',,3,
,share,success,LogHost,1d,grammar_invalid,phép đo 'share' chỉ áp dụng cho đếm sự kiện,,2,
,share,success,LogHost,5m,grammar_invalid,phép đo 'share' không dùng cửa sổ '5m',,2,
,share,success,LogHost,15m,grammar_invalid,phép đo 'share' không dùng cửa sổ '15m',,2,
,share,success,LogHost,60m,grammar_invalid,phép đo 'share' không dùng cửa sổ '60m',,2,
,share,success,LogHost,7d,grammar_invalid,phép đo 'share' không dùng cửa sổ '7d',,2,
,share,success,LogHost,14d,grammar_invalid,phép đo 'share' không dùng cửa sổ '14d',,3,
,share,success,LogHost,hist,grammar_invalid,phép đo 'share' không dùng cửa sổ 'hist',,3,
,share,success,pair,1d,grammar_invalid,phép đo 'share' chỉ áp dụng cho đếm sự kiện,,3,
,share,success,pair,5m,grammar_invalid,phép đo 'share' không dùng cửa sổ '5m',,3,
,share,success,pair,15m,grammar_invalid,phép đo 'share' không dùng cửa sổ '15m',,3,
,share,success,pair,60m,grammar_invalid,phép đo 'share' không dùng cửa sổ '60m',,3,
,share,success,pair,7d,grammar_invalid,phép đo 'share' không dùng cửa sổ '7d',,3,
,share,success,pair,14d,grammar_invalid,phép đo 'share' không dùng cửa sổ '14d',,4,
,share,success,pair,hist,grammar_invalid,phép đo 'share' không dùng cửa sổ 'hist',,4,
,share,success,hour,1d,grammar_invalid,phép đo 'share' chỉ áp dụng cho đếm sự kiện,,2,
,share,success,hour,5m,grammar_invalid,phép đo 'share' không dùng cửa sổ '5m',,2,
,share,success,hour,15m,grammar_invalid,phép đo 'share' không dùng cửa sổ '15m',,2,
,share,success,hour,60m,grammar_invalid,phép đo 'share' không dùng cửa sổ '60m',,2,
,share,success,hour,7d,grammar_invalid,phép đo 'share' không dùng cửa sổ '7d',,2,
,share,success,hour,14d,grammar_invalid,phép đo 'share' không dùng cửa sổ '14d',,3,
,share,success,hour,hist,grammar_invalid,phép đo 'share' không dùng cửa sổ 'hist',,3,
,share,success,logon_type,1d,grammar_invalid,phép đo 'share' chỉ áp dụng cho đếm sự kiện,,2,
,share,success,logon_type,5m,grammar_invalid,phép đo 'share' không dùng cửa sổ '5m',,2,
,share,success,logon_type,15m,grammar_invalid,phép đo 'share' không dùng cửa sổ '15m',,2,
,share,success,logon_type,60m,grammar_invalid,phép đo 'share' không dùng cửa sổ '60m',,2,
,share,success,logon_type,7d,grammar_invalid,phép đo 'share' không dùng cửa sổ '7d',,2,
,share,success,logon_type,14d,grammar_invalid,phép đo 'share' không dùng cửa sổ '14d',,3,
,share,success,logon_type,hist,grammar_invalid,phép đo 'share' không dùng cửa sổ 'hist',,3,
,share,success,auth,1d,grammar_invalid,phép đo 'share' chỉ áp dụng cho đếm sự kiện,,3,
,share,success,auth,5m,grammar_invalid,phép đo 'share' không dùng cửa sổ '5m',,3,
,share,success,auth,15m,grammar_invalid,phép đo 'share' không dùng cửa sổ '15m',,3,
,share,success,auth,60m,grammar_invalid,phép đo 'share' không dùng cửa sổ '60m',,3,
,share,success,auth,7d,grammar_invalid,phép đo 'share' không dùng cửa sổ '7d',,3,
,share,success,auth,14d,grammar_invalid,phép đo 'share' không dùng cửa sổ '14d',,4,
,share,success,auth,hist,grammar_invalid,phép đo 'share' không dùng cửa sổ 'hist',,4,
,share,success,fail_reason,1d,grammar_invalid,phép đo 'share' chỉ áp dụng cho đếm sự kiện,,3,
,share,success,fail_reason,5m,grammar_invalid,phép đo 'share' không dùng cửa sổ '5m',,3,
,share,success,fail_reason,15m,grammar_invalid,phép đo 'share' không dùng cửa sổ '15m',,3,
,share,success,fail_reason,60m,grammar_invalid,phép đo 'share' không dùng cửa sổ '60m',,3,
,share,success,fail_reason,7d,grammar_invalid,phép đo 'share' không dùng cửa sổ '7d',,3,
,share,success,fail_reason,14d,grammar_invalid,phép đo 'share' không dùng cửa sổ '14d',,4,
,share,success,fail_reason,hist,grammar_invalid,phép đo 'share' không dùng cửa sổ 'hist',,4,
share_night,share,night,event,1d,dropped_r1,core: off_hours_ratio,off_hours,2,tỷ lệ sự kiện ngoài giờ (18h–7h) trên tổng sự kiện trong ngày
,share,night,event,5m,grammar_invalid,phép đo 'share' không dùng cửa sổ '5m',,2,
,share,night,event,15m,grammar_invalid,phép đo 'share' không dùng cửa sổ '15m',,2,
,share,night,event,60m,grammar_invalid,phép đo 'share' không dùng cửa sổ '60m',,2,
,share,night,event,7d,grammar_invalid,phép đo 'share' không dùng cửa sổ '7d',,2,
,share,night,event,14d,grammar_invalid,phép đo 'share' không dùng cửa sổ '14d',,3,
,share,night,event,hist,grammar_invalid,phép đo 'share' không dùng cửa sổ 'hist',,3,
,share,night,Source,1d,grammar_invalid,phép đo 'share' chỉ áp dụng cho đếm sự kiện,,2,
,share,night,Source,5m,grammar_invalid,phép đo 'share' không dùng cửa sổ '5m',,2,
,share,night,Source,15m,grammar_invalid,phép đo 'share' không dùng cửa sổ '15m',,2,
,share,night,Source,60m,grammar_invalid,phép đo 'share' không dùng cửa sổ '60m',,2,
,share,night,Source,7d,grammar_invalid,phép đo 'share' không dùng cửa sổ '7d',,2,
,share,night,Source,14d,grammar_invalid,phép đo 'share' không dùng cửa sổ '14d',,3,
,share,night,Source,hist,grammar_invalid,phép đo 'share' không dùng cửa sổ 'hist',,3,
,share,night,LogHost,1d,grammar_invalid,phép đo 'share' chỉ áp dụng cho đếm sự kiện,,2,
,share,night,LogHost,5m,grammar_invalid,phép đo 'share' không dùng cửa sổ '5m',,2,
,share,night,LogHost,15m,grammar_invalid,phép đo 'share' không dùng cửa sổ '15m',,2,
,share,night,LogHost,60m,grammar_invalid,phép đo 'share' không dùng cửa sổ '60m',,2,
,share,night,LogHost,7d,grammar_invalid,phép đo 'share' không dùng cửa sổ '7d',,2,
,share,night,LogHost,14d,grammar_invalid,phép đo 'share' không dùng cửa sổ '14d',,3,
,share,night,LogHost,hist,grammar_invalid,phép đo 'share' không dùng cửa sổ 'hist',,3,
,share,night,pair,1d,grammar_invalid,phép đo 'share' chỉ áp dụng cho đếm sự kiện,,3,
,share,night,pair,5m,grammar_invalid,phép đo 'share' không dùng cửa sổ '5m',,3,
,share,night,pair,15m,grammar_invalid,phép đo 'share' không dùng cửa sổ '15m',,3,
,share,night,pair,60m,grammar_invalid,phép đo 'share' không dùng cửa sổ '60m',,3,
,share,night,pair,7d,grammar_invalid,phép đo 'share' không dùng cửa sổ '7d',,3,
,share,night,pair,14d,grammar_invalid,phép đo 'share' không dùng cửa sổ '14d',,4,
,share,night,pair,hist,grammar_invalid,phép đo 'share' không dùng cửa sổ 'hist',,4,
,share,night,hour,1d,grammar_invalid,phép đo 'share' chỉ áp dụng cho đếm sự kiện,,2,
,share,night,hour,5m,grammar_invalid,phép đo 'share' không dùng cửa sổ '5m',,2,
,share,night,hour,15m,grammar_invalid,phép đo 'share' không dùng cửa sổ '15m',,2,
,share,night,hour,60m,grammar_invalid,phép đo 'share' không dùng cửa sổ '60m',,2,
,share,night,hour,7d,grammar_invalid,phép đo 'share' không dùng cửa sổ '7d',,2,
,share,night,hour,14d,grammar_invalid,phép đo 'share' không dùng cửa sổ '14d',,3,
,share,night,hour,hist,grammar_invalid,phép đo 'share' không dùng cửa sổ 'hist',,3,
,share,night,logon_type,1d,grammar_invalid,phép đo 'share' chỉ áp dụng cho đếm sự kiện,,2,
,share,night,logon_type,5m,grammar_invalid,phép đo 'share' không dùng cửa sổ '5m',,2,
,share,night,logon_type,15m,grammar_invalid,phép đo 'share' không dùng cửa sổ '15m',,2,
,share,night,logon_type,60m,grammar_invalid,phép đo 'share' không dùng cửa sổ '60m',,2,
,share,night,logon_type,7d,grammar_invalid,phép đo 'share' không dùng cửa sổ '7d',,2,
,share,night,logon_type,14d,grammar_invalid,phép đo 'share' không dùng cửa sổ '14d',,3,
,share,night,logon_type,hist,grammar_invalid,phép đo 'share' không dùng cửa sổ 'hist',,3,
,share,night,auth,1d,grammar_invalid,phép đo 'share' chỉ áp dụng cho đếm sự kiện,,3,
,share,night,auth,5m,grammar_invalid,phép đo 'share' không dùng cửa sổ '5m',,3,
,share,night,auth,15m,grammar_invalid,phép đo 'share' không dùng cửa sổ '15m',,3,
,share,night,auth,60m,grammar_invalid,phép đo 'share' không dùng cửa sổ '60m',,3,
,share,night,auth,7d,grammar_invalid,phép đo 'share' không dùng cửa sổ '7d',,3,
,share,night,auth,14d,grammar_invalid,phép đo 'share' không dùng cửa sổ '14d',,4,
,share,night,auth,hist,grammar_invalid,phép đo 'share' không dùng cửa sổ 'hist',,4,
,share,night,fail_reason,1d,grammar_invalid,phép đo 'share' chỉ áp dụng cho đếm sự kiện,,3,
,share,night,fail_reason,5m,grammar_invalid,phép đo 'share' không dùng cửa sổ '5m',,3,
,share,night,fail_reason,15m,grammar_invalid,phép đo 'share' không dùng cửa sổ '15m',,3,
,share,night,fail_reason,60m,grammar_invalid,phép đo 'share' không dùng cửa sổ '60m',,3,
,share,night,fail_reason,7d,grammar_invalid,phép đo 'share' không dùng cửa sổ '7d',,3,
,share,night,fail_reason,14d,grammar_invalid,phép đo 'share' không dùng cửa sổ '14d',,4,
,share,night,fail_reason,hist,grammar_invalid,phép đo 'share' không dùng cửa sổ 'hist',,4,
,evenness,all,event,1d,grammar_invalid,phép đo 'evenness' cần một chiều thực thể,,2,
,evenness,all,event,5m,grammar_invalid,phép đo 'evenness' không dùng cửa sổ '5m',,2,
,evenness,all,event,15m,grammar_invalid,phép đo 'evenness' không dùng cửa sổ '15m',,2,
,evenness,all,event,60m,grammar_invalid,phép đo 'evenness' không dùng cửa sổ '60m',,2,
,evenness,all,event,7d,grammar_invalid,phép đo 'evenness' không dùng cửa sổ '7d',,2,
,evenness,all,event,14d,grammar_invalid,phép đo 'evenness' không dùng cửa sổ '14d',,3,
,evenness,all,event,hist,grammar_invalid,phép đo 'evenness' không dùng cửa sổ 'hist',,3,
evenness_source,evenness,all,Source,1d,dropped_r2,không nhắm kịch bản nào ở mục 5.2,,2,độ trải đều (Pielou) của mọi sự kiện theo máy nguồn (Source) trong ngày
,evenness,all,Source,5m,grammar_invalid,phép đo 'evenness' không dùng cửa sổ '5m',,2,
,evenness,all,Source,15m,grammar_invalid,phép đo 'evenness' không dùng cửa sổ '15m',,2,
,evenness,all,Source,60m,grammar_invalid,phép đo 'evenness' không dùng cửa sổ '60m',,2,
,evenness,all,Source,7d,grammar_invalid,phép đo 'evenness' không dùng cửa sổ '7d',,2,
,evenness,all,Source,14d,grammar_invalid,phép đo 'evenness' không dùng cửa sổ '14d',,3,
,evenness,all,Source,hist,grammar_invalid,phép đo 'evenness' không dùng cửa sổ 'hist',,3,
evenness_host,evenness,all,LogHost,1d,dropped_r1,core: dst_host_entropy,,2,độ trải đều (Pielou) của mọi sự kiện theo máy đích (LogHost) trong ngày
,evenness,all,LogHost,5m,grammar_invalid,phép đo 'evenness' không dùng cửa sổ '5m',,2,
,evenness,all,LogHost,15m,grammar_invalid,phép đo 'evenness' không dùng cửa sổ '15m',,2,
,evenness,all,LogHost,60m,grammar_invalid,phép đo 'evenness' không dùng cửa sổ '60m',,2,
,evenness,all,LogHost,7d,grammar_invalid,phép đo 'evenness' không dùng cửa sổ '7d',,2,
,evenness,all,LogHost,14d,grammar_invalid,phép đo 'evenness' không dùng cửa sổ '14d',,3,
,evenness,all,LogHost,hist,grammar_invalid,phép đo 'evenness' không dùng cửa sổ 'hist',,3,
evenness_pair,evenness,all,pair,1d,dropped_r2,không nhắm kịch bản nào ở mục 5.2,,3,"độ trải đều (Pielou) của mọi sự kiện theo cặp (Source, LogHost) trong ngày"
,evenness,all,pair,5m,grammar_invalid,phép đo 'evenness' không dùng cửa sổ '5m',,3,
,evenness,all,pair,15m,grammar_invalid,phép đo 'evenness' không dùng cửa sổ '15m',,3,
,evenness,all,pair,60m,grammar_invalid,phép đo 'evenness' không dùng cửa sổ '60m',,3,
,evenness,all,pair,7d,grammar_invalid,phép đo 'evenness' không dùng cửa sổ '7d',,3,
,evenness,all,pair,14d,grammar_invalid,phép đo 'evenness' không dùng cửa sổ '14d',,4,
,evenness,all,pair,hist,grammar_invalid,phép đo 'evenness' không dùng cửa sổ 'hist',,4,
evenness_hour,evenness,all,hour,1d,dropped_r1,core: hour_entropy,,2,độ trải đều (Pielou) của mọi sự kiện theo khung giờ trong ngày
,evenness,all,hour,5m,grammar_invalid,phép đo 'evenness' không dùng cửa sổ '5m',,2,
,evenness,all,hour,15m,grammar_invalid,phép đo 'evenness' không dùng cửa sổ '15m',,2,
,evenness,all,hour,60m,grammar_invalid,phép đo 'evenness' không dùng cửa sổ '60m',,2,
,evenness,all,hour,7d,grammar_invalid,phép đo 'evenness' không dùng cửa sổ '7d',,2,
,evenness,all,hour,14d,grammar_invalid,phép đo 'evenness' không dùng cửa sổ '14d',,3,
,evenness,all,hour,hist,grammar_invalid,phép đo 'evenness' không dùng cửa sổ 'hist',,3,
evenness_logontype,evenness,all,logon_type,1d,dropped_r1,"Tier B v3: logon_type_entropy — cờ zero-inflated (71,09% dòng chỉ 1 loại)",,2,độ trải đều (Pielou) của mọi sự kiện theo loại logon trong ngày
,evenness,all,logon_type,5m,grammar_invalid,phép đo 'evenness' không dùng cửa sổ '5m',,2,
,evenness,all,logon_type,15m,grammar_invalid,phép đo 'evenness' không dùng cửa sổ '15m',,2,
,evenness,all,logon_type,60m,grammar_invalid,phép đo 'evenness' không dùng cửa sổ '60m',,2,
,evenness,all,logon_type,7d,grammar_invalid,phép đo 'evenness' không dùng cửa sổ '7d',,2,
,evenness,all,logon_type,14d,grammar_invalid,phép đo 'evenness' không dùng cửa sổ '14d',,3,
,evenness,all,logon_type,hist,grammar_invalid,phép đo 'evenness' không dùng cửa sổ 'hist',,3,
evenness_auth,evenness,all,auth,1d,dropped_r2,không nhắm kịch bản nào ở mục 5.2,,3,độ trải đều (Pielou) của mọi sự kiện theo gói xác thực trong ngày
,evenness,all,auth,5m,grammar_invalid,phép đo 'evenness' không dùng cửa sổ '5m',,3,
,evenness,all,auth,15m,grammar_invalid,phép đo 'evenness' không dùng cửa sổ '15m',,3,
,evenness,all,auth,60m,grammar_invalid,phép đo 'evenness' không dùng cửa sổ '60m',,3,
,evenness,all,auth,7d,grammar_invalid,phép đo 'evenness' không dùng cửa sổ '7d',,3,
,evenness,all,auth,14d,grammar_invalid,phép đo 'evenness' không dùng cửa sổ '14d',,4,
,evenness,all,auth,hist,grammar_invalid,phép đo 'evenness' không dùng cửa sổ 'hist',,4,
,evenness,all,fail_reason,1d,grammar_invalid,FailureReason chỉ tồn tại ở 4625,,3,
,evenness,all,fail_reason,5m,grammar_invalid,phép đo 'evenness' không dùng cửa sổ '5m',,3,
,evenness,all,fail_reason,15m,grammar_invalid,phép đo 'evenness' không dùng cửa sổ '15m',,3,
,evenness,all,fail_reason,60m,grammar_invalid,phép đo 'evenness' không dùng cửa sổ '60m',,3,
,evenness,all,fail_reason,7d,grammar_invalid,phép đo 'evenness' không dùng cửa sổ '7d',,3,
,evenness,all,fail_reason,14d,grammar_invalid,phép đo 'evenness' không dùng cửa sổ '14d',,4,
,evenness,all,fail_reason,hist,grammar_invalid,phép đo 'evenness' không dùng cửa sổ 'hist',,4,
,evenness,fail,event,1d,grammar_invalid,phép đo 'evenness' cần một chiều thực thể,,3,
,evenness,fail,event,5m,grammar_invalid,phép đo 'evenness' không dùng cửa sổ '5m',,3,
,evenness,fail,event,15m,grammar_invalid,phép đo 'evenness' không dùng cửa sổ '15m',,3,
,evenness,fail,event,60m,grammar_invalid,phép đo 'evenness' không dùng cửa sổ '60m',,3,
,evenness,fail,event,7d,grammar_invalid,phép đo 'evenness' không dùng cửa sổ '7d',,3,
,evenness,fail,event,14d,grammar_invalid,phép đo 'evenness' không dùng cửa sổ '14d',,4,
,evenness,fail,event,hist,grammar_invalid,phép đo 'evenness' không dùng cửa sổ 'hist',,4,
evenness_fail_source,evenness,fail,Source,1d,round2,,"brute_force,password_spraying",3,độ trải đều (Pielou) của đăng nhập thất bại (4625) theo máy nguồn (Source) trong ngày
,evenness,fail,Source,5m,grammar_invalid,phép đo 'evenness' không dùng cửa sổ '5m',,3,
,evenness,fail,Source,15m,grammar_invalid,phép đo 'evenness' không dùng cửa sổ '15m',,3,
,evenness,fail,Source,60m,grammar_invalid,phép đo 'evenness' không dùng cửa sổ '60m',,3,
,evenness,fail,Source,7d,grammar_invalid,phép đo 'evenness' không dùng cửa sổ '7d',,3,
,evenness,fail,Source,14d,grammar_invalid,phép đo 'evenness' không dùng cửa sổ '14d',,4,
,evenness,fail,Source,hist,grammar_invalid,phép đo 'evenness' không dùng cửa sổ 'hist',,4,
evenness_fail_host,evenness,fail,LogHost,1d,round2,,"brute_force,password_spraying",3,độ trải đều (Pielou) của đăng nhập thất bại (4625) theo máy đích (LogHost) trong ngày
,evenness,fail,LogHost,5m,grammar_invalid,phép đo 'evenness' không dùng cửa sổ '5m',,3,
,evenness,fail,LogHost,15m,grammar_invalid,phép đo 'evenness' không dùng cửa sổ '15m',,3,
,evenness,fail,LogHost,60m,grammar_invalid,phép đo 'evenness' không dùng cửa sổ '60m',,3,
,evenness,fail,LogHost,7d,grammar_invalid,phép đo 'evenness' không dùng cửa sổ '7d',,3,
,evenness,fail,LogHost,14d,grammar_invalid,phép đo 'evenness' không dùng cửa sổ '14d',,4,
,evenness,fail,LogHost,hist,grammar_invalid,phép đo 'evenness' không dùng cửa sổ 'hist',,4,
evenness_fail_pair,evenness,fail,pair,1d,dropped_r3,cần 4 đơn vị giải thích (> 3): không đọc được bằng một câu ngắn,"brute_force,password_spraying",4,"độ trải đều (Pielou) của đăng nhập thất bại (4625) theo cặp (Source, LogHost) trong ngày"
,evenness,fail,pair,5m,grammar_invalid,phép đo 'evenness' không dùng cửa sổ '5m',,4,
,evenness,fail,pair,15m,grammar_invalid,phép đo 'evenness' không dùng cửa sổ '15m',,4,
,evenness,fail,pair,60m,grammar_invalid,phép đo 'evenness' không dùng cửa sổ '60m',,4,
,evenness,fail,pair,7d,grammar_invalid,phép đo 'evenness' không dùng cửa sổ '7d',,4,
,evenness,fail,pair,14d,grammar_invalid,phép đo 'evenness' không dùng cửa sổ '14d',,5,
,evenness,fail,pair,hist,grammar_invalid,phép đo 'evenness' không dùng cửa sổ 'hist',,5,
evenness_fail_hour,evenness,fail,hour,1d,dropped_r2,không nhắm kịch bản nào ở mục 5.2,,3,độ trải đều (Pielou) của đăng nhập thất bại (4625) theo khung giờ trong ngày
,evenness,fail,hour,5m,grammar_invalid,phép đo 'evenness' không dùng cửa sổ '5m',,3,
,evenness,fail,hour,15m,grammar_invalid,phép đo 'evenness' không dùng cửa sổ '15m',,3,
,evenness,fail,hour,60m,grammar_invalid,phép đo 'evenness' không dùng cửa sổ '60m',,3,
,evenness,fail,hour,7d,grammar_invalid,phép đo 'evenness' không dùng cửa sổ '7d',,3,
,evenness,fail,hour,14d,grammar_invalid,phép đo 'evenness' không dùng cửa sổ '14d',,4,
,evenness,fail,hour,hist,grammar_invalid,phép đo 'evenness' không dùng cửa sổ 'hist',,4,
evenness_fail_logontype,evenness,fail,logon_type,1d,dropped_r2,không nhắm kịch bản nào ở mục 5.2,,3,độ trải đều (Pielou) của đăng nhập thất bại (4625) theo loại logon trong ngày
,evenness,fail,logon_type,5m,grammar_invalid,phép đo 'evenness' không dùng cửa sổ '5m',,3,
,evenness,fail,logon_type,15m,grammar_invalid,phép đo 'evenness' không dùng cửa sổ '15m',,3,
,evenness,fail,logon_type,60m,grammar_invalid,phép đo 'evenness' không dùng cửa sổ '60m',,3,
,evenness,fail,logon_type,7d,grammar_invalid,phép đo 'evenness' không dùng cửa sổ '7d',,3,
,evenness,fail,logon_type,14d,grammar_invalid,phép đo 'evenness' không dùng cửa sổ '14d',,4,
,evenness,fail,logon_type,hist,grammar_invalid,phép đo 'evenness' không dùng cửa sổ 'hist',,4,
evenness_fail_auth,evenness,fail,auth,1d,dropped_r2,không nhắm kịch bản nào ở mục 5.2,,4,độ trải đều (Pielou) của đăng nhập thất bại (4625) theo gói xác thực trong ngày
,evenness,fail,auth,5m,grammar_invalid,phép đo 'evenness' không dùng cửa sổ '5m',,4,
,evenness,fail,auth,15m,grammar_invalid,phép đo 'evenness' không dùng cửa sổ '15m',,4,
,evenness,fail,auth,60m,grammar_invalid,phép đo 'evenness' không dùng cửa sổ '60m',,4,
,evenness,fail,auth,7d,grammar_invalid,phép đo 'evenness' không dùng cửa sổ '7d',,4,
,evenness,fail,auth,14d,grammar_invalid,phép đo 'evenness' không dùng cửa sổ '14d',,5,
,evenness,fail,auth,hist,grammar_invalid,phép đo 'evenness' không dùng cửa sổ 'hist',,5,
evenness_fail_failreason,evenness,fail,fail_reason,1d,dropped_r3,cần 4 đơn vị giải thích (> 3): không đọc được bằng một câu ngắn,brute_force,4,độ trải đều (Pielou) của đăng nhập thất bại (4625) theo lý do thất bại trong ngày
,evenness,fail,fail_reason,5m,grammar_invalid,phép đo 'evenness' không dùng cửa sổ '5m',,4,
,evenness,fail,fail_reason,15m,grammar_invalid,phép đo 'evenness' không dùng cửa sổ '15m',,4,
,evenness,fail,fail_reason,60m,grammar_invalid,phép đo 'evenness' không dùng cửa sổ '60m',,4,
,evenness,fail,fail_reason,7d,grammar_invalid,phép đo 'evenness' không dùng cửa sổ '7d',,4,
,evenness,fail,fail_reason,14d,grammar_invalid,phép đo 'evenness' không dùng cửa sổ '14d',,5,
,evenness,fail,fail_reason,hist,grammar_invalid,phép đo 'evenness' không dùng cửa sổ 'hist',,5,
,evenness,success,event,1d,grammar_invalid,phép đo 'evenness' cần một chiều thực thể,,3,
,evenness,success,event,5m,grammar_invalid,phép đo 'evenness' không dùng cửa sổ '5m',,3,
,evenness,success,event,15m,grammar_invalid,phép đo 'evenness' không dùng cửa sổ '15m',,3,
,evenness,success,event,60m,grammar_invalid,phép đo 'evenness' không dùng cửa sổ '60m',,3,
,evenness,success,event,7d,grammar_invalid,phép đo 'evenness' không dùng cửa sổ '7d',,3,
,evenness,success,event,14d,grammar_invalid,phép đo 'evenness' không dùng cửa sổ '14d',,4,
,evenness,success,event,hist,grammar_invalid,phép đo 'evenness' không dùng cửa sổ 'hist',,4,
evenness_success_source,evenness,success,Source,1d,dropped_r2,không nhắm kịch bản nào ở mục 5.2,,3,độ trải đều (Pielou) của đăng nhập thành công (4624) theo máy nguồn (Source) trong ngày
,evenness,success,Source,5m,grammar_invalid,phép đo 'evenness' không dùng cửa sổ '5m',,3,
,evenness,success,Source,15m,grammar_invalid,phép đo 'evenness' không dùng cửa sổ '15m',,3,
,evenness,success,Source,60m,grammar_invalid,phép đo 'evenness' không dùng cửa sổ '60m',,3,
,evenness,success,Source,7d,grammar_invalid,phép đo 'evenness' không dùng cửa sổ '7d',,3,
,evenness,success,Source,14d,grammar_invalid,phép đo 'evenness' không dùng cửa sổ '14d',,4,
,evenness,success,Source,hist,grammar_invalid,phép đo 'evenness' không dùng cửa sổ 'hist',,4,
evenness_success_host,evenness,success,LogHost,1d,dropped_r2,không nhắm kịch bản nào ở mục 5.2,,3,độ trải đều (Pielou) của đăng nhập thành công (4624) theo máy đích (LogHost) trong ngày
,evenness,success,LogHost,5m,grammar_invalid,phép đo 'evenness' không dùng cửa sổ '5m',,3,
,evenness,success,LogHost,15m,grammar_invalid,phép đo 'evenness' không dùng cửa sổ '15m',,3,
,evenness,success,LogHost,60m,grammar_invalid,phép đo 'evenness' không dùng cửa sổ '60m',,3,
,evenness,success,LogHost,7d,grammar_invalid,phép đo 'evenness' không dùng cửa sổ '7d',,3,
,evenness,success,LogHost,14d,grammar_invalid,phép đo 'evenness' không dùng cửa sổ '14d',,4,
,evenness,success,LogHost,hist,grammar_invalid,phép đo 'evenness' không dùng cửa sổ 'hist',,4,
evenness_success_pair,evenness,success,pair,1d,dropped_r2,không nhắm kịch bản nào ở mục 5.2,,4,"độ trải đều (Pielou) của đăng nhập thành công (4624) theo cặp (Source, LogHost) trong ngày"
,evenness,success,pair,5m,grammar_invalid,phép đo 'evenness' không dùng cửa sổ '5m',,4,
,evenness,success,pair,15m,grammar_invalid,phép đo 'evenness' không dùng cửa sổ '15m',,4,
,evenness,success,pair,60m,grammar_invalid,phép đo 'evenness' không dùng cửa sổ '60m',,4,
,evenness,success,pair,7d,grammar_invalid,phép đo 'evenness' không dùng cửa sổ '7d',,4,
,evenness,success,pair,14d,grammar_invalid,phép đo 'evenness' không dùng cửa sổ '14d',,5,
,evenness,success,pair,hist,grammar_invalid,phép đo 'evenness' không dùng cửa sổ 'hist',,5,
evenness_success_hour,evenness,success,hour,1d,dropped_r2,không nhắm kịch bản nào ở mục 5.2,,3,độ trải đều (Pielou) của đăng nhập thành công (4624) theo khung giờ trong ngày
,evenness,success,hour,5m,grammar_invalid,phép đo 'evenness' không dùng cửa sổ '5m',,3,
,evenness,success,hour,15m,grammar_invalid,phép đo 'evenness' không dùng cửa sổ '15m',,3,
,evenness,success,hour,60m,grammar_invalid,phép đo 'evenness' không dùng cửa sổ '60m',,3,
,evenness,success,hour,7d,grammar_invalid,phép đo 'evenness' không dùng cửa sổ '7d',,3,
,evenness,success,hour,14d,grammar_invalid,phép đo 'evenness' không dùng cửa sổ '14d',,4,
,evenness,success,hour,hist,grammar_invalid,phép đo 'evenness' không dùng cửa sổ 'hist',,4,
evenness_success_logontype,evenness,success,logon_type,1d,dropped_r2,không nhắm kịch bản nào ở mục 5.2,,3,độ trải đều (Pielou) của đăng nhập thành công (4624) theo loại logon trong ngày
,evenness,success,logon_type,5m,grammar_invalid,phép đo 'evenness' không dùng cửa sổ '5m',,3,
,evenness,success,logon_type,15m,grammar_invalid,phép đo 'evenness' không dùng cửa sổ '15m',,3,
,evenness,success,logon_type,60m,grammar_invalid,phép đo 'evenness' không dùng cửa sổ '60m',,3,
,evenness,success,logon_type,7d,grammar_invalid,phép đo 'evenness' không dùng cửa sổ '7d',,3,
,evenness,success,logon_type,14d,grammar_invalid,phép đo 'evenness' không dùng cửa sổ '14d',,4,
,evenness,success,logon_type,hist,grammar_invalid,phép đo 'evenness' không dùng cửa sổ 'hist',,4,
evenness_success_auth,evenness,success,auth,1d,dropped_r2,không nhắm kịch bản nào ở mục 5.2,,4,độ trải đều (Pielou) của đăng nhập thành công (4624) theo gói xác thực trong ngày
,evenness,success,auth,5m,grammar_invalid,phép đo 'evenness' không dùng cửa sổ '5m',,4,
,evenness,success,auth,15m,grammar_invalid,phép đo 'evenness' không dùng cửa sổ '15m',,4,
,evenness,success,auth,60m,grammar_invalid,phép đo 'evenness' không dùng cửa sổ '60m',,4,
,evenness,success,auth,7d,grammar_invalid,phép đo 'evenness' không dùng cửa sổ '7d',,4,
,evenness,success,auth,14d,grammar_invalid,phép đo 'evenness' không dùng cửa sổ '14d',,5,
,evenness,success,auth,hist,grammar_invalid,phép đo 'evenness' không dùng cửa sổ 'hist',,5,
,evenness,success,fail_reason,1d,grammar_invalid,FailureReason chỉ tồn tại ở 4625,,4,
,evenness,success,fail_reason,5m,grammar_invalid,phép đo 'evenness' không dùng cửa sổ '5m',,4,
,evenness,success,fail_reason,15m,grammar_invalid,phép đo 'evenness' không dùng cửa sổ '15m',,4,
,evenness,success,fail_reason,60m,grammar_invalid,phép đo 'evenness' không dùng cửa sổ '60m',,4,
,evenness,success,fail_reason,7d,grammar_invalid,phép đo 'evenness' không dùng cửa sổ '7d',,4,
,evenness,success,fail_reason,14d,grammar_invalid,phép đo 'evenness' không dùng cửa sổ '14d',,5,
,evenness,success,fail_reason,hist,grammar_invalid,phép đo 'evenness' không dùng cửa sổ 'hist',,5,
,evenness,night,event,1d,grammar_invalid,phép đo 'evenness' cần một chiều thực thể,,3,
,evenness,night,event,5m,grammar_invalid,phép đo 'evenness' không dùng cửa sổ '5m',,3,
,evenness,night,event,15m,grammar_invalid,phép đo 'evenness' không dùng cửa sổ '15m',,3,
,evenness,night,event,60m,grammar_invalid,phép đo 'evenness' không dùng cửa sổ '60m',,3,
,evenness,night,event,7d,grammar_invalid,phép đo 'evenness' không dùng cửa sổ '7d',,3,
,evenness,night,event,14d,grammar_invalid,phép đo 'evenness' không dùng cửa sổ '14d',,4,
,evenness,night,event,hist,grammar_invalid,phép đo 'evenness' không dùng cửa sổ 'hist',,4,
evenness_night_source,evenness,night,Source,1d,dropped_r2,không nhắm kịch bản nào ở mục 5.2,,3,độ trải đều (Pielou) của sự kiện ngoài giờ (18h–7h) theo máy nguồn (Source) trong ngày
,evenness,night,Source,5m,grammar_invalid,phép đo 'evenness' không dùng cửa sổ '5m',,3,
,evenness,night,Source,15m,grammar_invalid,phép đo 'evenness' không dùng cửa sổ '15m',,3,
,evenness,night,Source,60m,grammar_invalid,phép đo 'evenness' không dùng cửa sổ '60m',,3,
,evenness,night,Source,7d,grammar_invalid,phép đo 'evenness' không dùng cửa sổ '7d',,3,
,evenness,night,Source,14d,grammar_invalid,phép đo 'evenness' không dùng cửa sổ '14d',,4,
,evenness,night,Source,hist,grammar_invalid,phép đo 'evenness' không dùng cửa sổ 'hist',,4,
evenness_night_host,evenness,night,LogHost,1d,dropped_r2,không nhắm kịch bản nào ở mục 5.2,,3,độ trải đều (Pielou) của sự kiện ngoài giờ (18h–7h) theo máy đích (LogHost) trong ngày
,evenness,night,LogHost,5m,grammar_invalid,phép đo 'evenness' không dùng cửa sổ '5m',,3,
,evenness,night,LogHost,15m,grammar_invalid,phép đo 'evenness' không dùng cửa sổ '15m',,3,
,evenness,night,LogHost,60m,grammar_invalid,phép đo 'evenness' không dùng cửa sổ '60m',,3,
,evenness,night,LogHost,7d,grammar_invalid,phép đo 'evenness' không dùng cửa sổ '7d',,3,
,evenness,night,LogHost,14d,grammar_invalid,phép đo 'evenness' không dùng cửa sổ '14d',,4,
,evenness,night,LogHost,hist,grammar_invalid,phép đo 'evenness' không dùng cửa sổ 'hist',,4,
evenness_night_pair,evenness,night,pair,1d,dropped_r2,không nhắm kịch bản nào ở mục 5.2,,4,"độ trải đều (Pielou) của sự kiện ngoài giờ (18h–7h) theo cặp (Source, LogHost) trong ngày"
,evenness,night,pair,5m,grammar_invalid,phép đo 'evenness' không dùng cửa sổ '5m',,4,
,evenness,night,pair,15m,grammar_invalid,phép đo 'evenness' không dùng cửa sổ '15m',,4,
,evenness,night,pair,60m,grammar_invalid,phép đo 'evenness' không dùng cửa sổ '60m',,4,
,evenness,night,pair,7d,grammar_invalid,phép đo 'evenness' không dùng cửa sổ '7d',,4,
,evenness,night,pair,14d,grammar_invalid,phép đo 'evenness' không dùng cửa sổ '14d',,5,
,evenness,night,pair,hist,grammar_invalid,phép đo 'evenness' không dùng cửa sổ 'hist',,5,
,evenness,night,hour,1d,grammar_invalid,'ngoài giờ' được định nghĩa bằng chính khung giờ (vòng lặp định nghĩa),,3,
,evenness,night,hour,5m,grammar_invalid,phép đo 'evenness' không dùng cửa sổ '5m',,3,
,evenness,night,hour,15m,grammar_invalid,phép đo 'evenness' không dùng cửa sổ '15m',,3,
,evenness,night,hour,60m,grammar_invalid,phép đo 'evenness' không dùng cửa sổ '60m',,3,
,evenness,night,hour,7d,grammar_invalid,phép đo 'evenness' không dùng cửa sổ '7d',,3,
,evenness,night,hour,14d,grammar_invalid,phép đo 'evenness' không dùng cửa sổ '14d',,4,
,evenness,night,hour,hist,grammar_invalid,phép đo 'evenness' không dùng cửa sổ 'hist',,4,
evenness_night_logontype,evenness,night,logon_type,1d,dropped_r2,không nhắm kịch bản nào ở mục 5.2,,3,độ trải đều (Pielou) của sự kiện ngoài giờ (18h–7h) theo loại logon trong ngày
,evenness,night,logon_type,5m,grammar_invalid,phép đo 'evenness' không dùng cửa sổ '5m',,3,
,evenness,night,logon_type,15m,grammar_invalid,phép đo 'evenness' không dùng cửa sổ '15m',,3,
,evenness,night,logon_type,60m,grammar_invalid,phép đo 'evenness' không dùng cửa sổ '60m',,3,
,evenness,night,logon_type,7d,grammar_invalid,phép đo 'evenness' không dùng cửa sổ '7d',,3,
,evenness,night,logon_type,14d,grammar_invalid,phép đo 'evenness' không dùng cửa sổ '14d',,4,
,evenness,night,logon_type,hist,grammar_invalid,phép đo 'evenness' không dùng cửa sổ 'hist',,4,
evenness_night_auth,evenness,night,auth,1d,dropped_r2,không nhắm kịch bản nào ở mục 5.2,,4,độ trải đều (Pielou) của sự kiện ngoài giờ (18h–7h) theo gói xác thực trong ngày
,evenness,night,auth,5m,grammar_invalid,phép đo 'evenness' không dùng cửa sổ '5m',,4,
,evenness,night,auth,15m,grammar_invalid,phép đo 'evenness' không dùng cửa sổ '15m',,4,
,evenness,night,auth,60m,grammar_invalid,phép đo 'evenness' không dùng cửa sổ '60m',,4,
,evenness,night,auth,7d,grammar_invalid,phép đo 'evenness' không dùng cửa sổ '7d',,4,
,evenness,night,auth,14d,grammar_invalid,phép đo 'evenness' không dùng cửa sổ '14d',,5,
,evenness,night,auth,hist,grammar_invalid,phép đo 'evenness' không dùng cửa sổ 'hist',,5,
,evenness,night,fail_reason,1d,grammar_invalid,FailureReason chỉ tồn tại ở 4625,,4,
,evenness,night,fail_reason,5m,grammar_invalid,phép đo 'evenness' không dùng cửa sổ '5m',,4,
,evenness,night,fail_reason,15m,grammar_invalid,phép đo 'evenness' không dùng cửa sổ '15m',,4,
,evenness,night,fail_reason,60m,grammar_invalid,phép đo 'evenness' không dùng cửa sổ '60m',,4,
,evenness,night,fail_reason,7d,grammar_invalid,phép đo 'evenness' không dùng cửa sổ '7d',,4,
,evenness,night,fail_reason,14d,grammar_invalid,phép đo 'evenness' không dùng cửa sổ '14d',,5,
,evenness,night,fail_reason,hist,grammar_invalid,phép đo 'evenness' không dùng cửa sổ 'hist',,5,
,fanout,all,event,1d,grammar_invalid,fanout chỉ định nghĩa cho Source (một nguồn → nhiều tài khoản),,2,
,fanout,all,event,5m,grammar_invalid,phép đo 'fanout' không dùng cửa sổ '5m',,2,
,fanout,all,event,15m,grammar_invalid,phép đo 'fanout' không dùng cửa sổ '15m',,2,
,fanout,all,event,60m,grammar_invalid,phép đo 'fanout' không dùng cửa sổ '60m',,2,
,fanout,all,event,7d,grammar_invalid,phép đo 'fanout' không dùng cửa sổ '7d',,2,
,fanout,all,event,14d,grammar_invalid,phép đo 'fanout' không dùng cửa sổ '14d',,3,
,fanout,all,event,hist,grammar_invalid,phép đo 'fanout' không dùng cửa sổ 'hist',,3,
fanout_source,fanout,all,Source,1d,dropped_r2,không nhắm kịch bản nào ở mục 5.2,,2,số tài khoản khác mà máy nguồn (Source) của tài khoản này chạm tới qua mọi sự kiện trong ngày (lấy max)
,fanout,all,Source,5m,grammar_invalid,phép đo 'fanout' không dùng cửa sổ '5m',,2,
,fanout,all,Source,15m,grammar_invalid,phép đo 'fanout' không dùng cửa sổ '15m',,2,
,fanout,all,Source,60m,grammar_invalid,phép đo 'fanout' không dùng cửa sổ '60m',,2,
,fanout,all,Source,7d,grammar_invalid,phép đo 'fanout' không dùng cửa sổ '7d',,2,
,fanout,all,Source,14d,grammar_invalid,phép đo 'fanout' không dùng cửa sổ '14d',,3,
,fanout,all,Source,hist,grammar_invalid,phép đo 'fanout' không dùng cửa sổ 'hist',,3,
,fanout,all,LogHost,1d,grammar_invalid,fanout chỉ định nghĩa cho Source (một nguồn → nhiều tài khoản),,2,
,fanout,all,LogHost,5m,grammar_invalid,phép đo 'fanout' không dùng cửa sổ '5m',,2,
,fanout,all,LogHost,15m,grammar_invalid,phép đo 'fanout' không dùng cửa sổ '15m',,2,
,fanout,all,LogHost,60m,grammar_invalid,phép đo 'fanout' không dùng cửa sổ '60m',,2,
,fanout,all,LogHost,7d,grammar_invalid,phép đo 'fanout' không dùng cửa sổ '7d',,2,
,fanout,all,LogHost,14d,grammar_invalid,phép đo 'fanout' không dùng cửa sổ '14d',,3,
,fanout,all,LogHost,hist,grammar_invalid,phép đo 'fanout' không dùng cửa sổ 'hist',,3,
,fanout,all,pair,1d,grammar_invalid,fanout chỉ định nghĩa cho Source (một nguồn → nhiều tài khoản),,3,
,fanout,all,pair,5m,grammar_invalid,phép đo 'fanout' không dùng cửa sổ '5m',,3,
,fanout,all,pair,15m,grammar_invalid,phép đo 'fanout' không dùng cửa sổ '15m',,3,
,fanout,all,pair,60m,grammar_invalid,phép đo 'fanout' không dùng cửa sổ '60m',,3,
,fanout,all,pair,7d,grammar_invalid,phép đo 'fanout' không dùng cửa sổ '7d',,3,
,fanout,all,pair,14d,grammar_invalid,phép đo 'fanout' không dùng cửa sổ '14d',,4,
,fanout,all,pair,hist,grammar_invalid,phép đo 'fanout' không dùng cửa sổ 'hist',,4,
,fanout,all,hour,1d,grammar_invalid,fanout chỉ định nghĩa cho Source (một nguồn → nhiều tài khoản),,2,
,fanout,all,hour,5m,grammar_invalid,phép đo 'fanout' không dùng cửa sổ '5m',,2,
,fanout,all,hour,15m,grammar_invalid,phép đo 'fanout' không dùng cửa sổ '15m',,2,
,fanout,all,hour,60m,grammar_invalid,phép đo 'fanout' không dùng cửa sổ '60m',,2,
,fanout,all,hour,7d,grammar_invalid,phép đo 'fanout' không dùng cửa sổ '7d',,2,
,fanout,all,hour,14d,grammar_invalid,phép đo 'fanout' không dùng cửa sổ '14d',,3,
,fanout,all,hour,hist,grammar_invalid,phép đo 'fanout' không dùng cửa sổ 'hist',,3,
,fanout,all,logon_type,1d,grammar_invalid,fanout chỉ định nghĩa cho Source (một nguồn → nhiều tài khoản),,2,
,fanout,all,logon_type,5m,grammar_invalid,phép đo 'fanout' không dùng cửa sổ '5m',,2,
,fanout,all,logon_type,15m,grammar_invalid,phép đo 'fanout' không dùng cửa sổ '15m',,2,
,fanout,all,logon_type,60m,grammar_invalid,phép đo 'fanout' không dùng cửa sổ '60m',,2,
,fanout,all,logon_type,7d,grammar_invalid,phép đo 'fanout' không dùng cửa sổ '7d',,2,
,fanout,all,logon_type,14d,grammar_invalid,phép đo 'fanout' không dùng cửa sổ '14d',,3,
,fanout,all,logon_type,hist,grammar_invalid,phép đo 'fanout' không dùng cửa sổ 'hist',,3,
,fanout,all,auth,1d,grammar_invalid,fanout chỉ định nghĩa cho Source (một nguồn → nhiều tài khoản),,3,
,fanout,all,auth,5m,grammar_invalid,phép đo 'fanout' không dùng cửa sổ '5m',,3,
,fanout,all,auth,15m,grammar_invalid,phép đo 'fanout' không dùng cửa sổ '15m',,3,
,fanout,all,auth,60m,grammar_invalid,phép đo 'fanout' không dùng cửa sổ '60m',,3,
,fanout,all,auth,7d,grammar_invalid,phép đo 'fanout' không dùng cửa sổ '7d',,3,
,fanout,all,auth,14d,grammar_invalid,phép đo 'fanout' không dùng cửa sổ '14d',,4,
,fanout,all,auth,hist,grammar_invalid,phép đo 'fanout' không dùng cửa sổ 'hist',,4,
,fanout,all,fail_reason,1d,grammar_invalid,fanout chỉ định nghĩa cho Source (một nguồn → nhiều tài khoản),,3,
,fanout,all,fail_reason,5m,grammar_invalid,phép đo 'fanout' không dùng cửa sổ '5m',,3,
,fanout,all,fail_reason,15m,grammar_invalid,phép đo 'fanout' không dùng cửa sổ '15m',,3,
,fanout,all,fail_reason,60m,grammar_invalid,phép đo 'fanout' không dùng cửa sổ '60m',,3,
,fanout,all,fail_reason,7d,grammar_invalid,phép đo 'fanout' không dùng cửa sổ '7d',,3,
,fanout,all,fail_reason,14d,grammar_invalid,phép đo 'fanout' không dùng cửa sổ '14d',,4,
,fanout,all,fail_reason,hist,grammar_invalid,phép đo 'fanout' không dùng cửa sổ 'hist',,4,
,fanout,fail,event,1d,grammar_invalid,fanout chỉ định nghĩa cho Source (một nguồn → nhiều tài khoản),,3,
,fanout,fail,event,5m,grammar_invalid,phép đo 'fanout' không dùng cửa sổ '5m',,3,
,fanout,fail,event,15m,grammar_invalid,phép đo 'fanout' không dùng cửa sổ '15m',,3,
,fanout,fail,event,60m,grammar_invalid,phép đo 'fanout' không dùng cửa sổ '60m',,3,
,fanout,fail,event,7d,grammar_invalid,phép đo 'fanout' không dùng cửa sổ '7d',,3,
,fanout,fail,event,14d,grammar_invalid,phép đo 'fanout' không dùng cửa sổ '14d',,4,
,fanout,fail,event,hist,grammar_invalid,phép đo 'fanout' không dùng cửa sổ 'hist',,4,
fanout_fail_source,fanout,fail,Source,1d,round2,,"brute_force,password_spraying",3,số tài khoản khác mà máy nguồn (Source) của tài khoản này chạm tới qua đăng nhập thất bại (4625) trong ngày (lấy max)
,fanout,fail,Source,5m,grammar_invalid,phép đo 'fanout' không dùng cửa sổ '5m',,3,
,fanout,fail,Source,15m,grammar_invalid,phép đo 'fanout' không dùng cửa sổ '15m',,3,
,fanout,fail,Source,60m,grammar_invalid,phép đo 'fanout' không dùng cửa sổ '60m',,3,
,fanout,fail,Source,7d,grammar_invalid,phép đo 'fanout' không dùng cửa sổ '7d',,3,
,fanout,fail,Source,14d,grammar_invalid,phép đo 'fanout' không dùng cửa sổ '14d',,4,
,fanout,fail,Source,hist,grammar_invalid,phép đo 'fanout' không dùng cửa sổ 'hist',,4,
,fanout,fail,LogHost,1d,grammar_invalid,fanout chỉ định nghĩa cho Source (một nguồn → nhiều tài khoản),,3,
,fanout,fail,LogHost,5m,grammar_invalid,phép đo 'fanout' không dùng cửa sổ '5m',,3,
,fanout,fail,LogHost,15m,grammar_invalid,phép đo 'fanout' không dùng cửa sổ '15m',,3,
,fanout,fail,LogHost,60m,grammar_invalid,phép đo 'fanout' không dùng cửa sổ '60m',,3,
,fanout,fail,LogHost,7d,grammar_invalid,phép đo 'fanout' không dùng cửa sổ '7d',,3,
,fanout,fail,LogHost,14d,grammar_invalid,phép đo 'fanout' không dùng cửa sổ '14d',,4,
,fanout,fail,LogHost,hist,grammar_invalid,phép đo 'fanout' không dùng cửa sổ 'hist',,4,
,fanout,fail,pair,1d,grammar_invalid,fanout chỉ định nghĩa cho Source (một nguồn → nhiều tài khoản),,4,
,fanout,fail,pair,5m,grammar_invalid,phép đo 'fanout' không dùng cửa sổ '5m',,4,
,fanout,fail,pair,15m,grammar_invalid,phép đo 'fanout' không dùng cửa sổ '15m',,4,
,fanout,fail,pair,60m,grammar_invalid,phép đo 'fanout' không dùng cửa sổ '60m',,4,
,fanout,fail,pair,7d,grammar_invalid,phép đo 'fanout' không dùng cửa sổ '7d',,4,
,fanout,fail,pair,14d,grammar_invalid,phép đo 'fanout' không dùng cửa sổ '14d',,5,
,fanout,fail,pair,hist,grammar_invalid,phép đo 'fanout' không dùng cửa sổ 'hist',,5,
,fanout,fail,hour,1d,grammar_invalid,fanout chỉ định nghĩa cho Source (một nguồn → nhiều tài khoản),,3,
,fanout,fail,hour,5m,grammar_invalid,phép đo 'fanout' không dùng cửa sổ '5m',,3,
,fanout,fail,hour,15m,grammar_invalid,phép đo 'fanout' không dùng cửa sổ '15m',,3,
,fanout,fail,hour,60m,grammar_invalid,phép đo 'fanout' không dùng cửa sổ '60m',,3,
,fanout,fail,hour,7d,grammar_invalid,phép đo 'fanout' không dùng cửa sổ '7d',,3,
,fanout,fail,hour,14d,grammar_invalid,phép đo 'fanout' không dùng cửa sổ '14d',,4,
,fanout,fail,hour,hist,grammar_invalid,phép đo 'fanout' không dùng cửa sổ 'hist',,4,
,fanout,fail,logon_type,1d,grammar_invalid,fanout chỉ định nghĩa cho Source (một nguồn → nhiều tài khoản),,3,
,fanout,fail,logon_type,5m,grammar_invalid,phép đo 'fanout' không dùng cửa sổ '5m',,3,
,fanout,fail,logon_type,15m,grammar_invalid,phép đo 'fanout' không dùng cửa sổ '15m',,3,
,fanout,fail,logon_type,60m,grammar_invalid,phép đo 'fanout' không dùng cửa sổ '60m',,3,
,fanout,fail,logon_type,7d,grammar_invalid,phép đo 'fanout' không dùng cửa sổ '7d',,3,
,fanout,fail,logon_type,14d,grammar_invalid,phép đo 'fanout' không dùng cửa sổ '14d',,4,
,fanout,fail,logon_type,hist,grammar_invalid,phép đo 'fanout' không dùng cửa sổ 'hist',,4,
,fanout,fail,auth,1d,grammar_invalid,fanout chỉ định nghĩa cho Source (một nguồn → nhiều tài khoản),,4,
,fanout,fail,auth,5m,grammar_invalid,phép đo 'fanout' không dùng cửa sổ '5m',,4,
,fanout,fail,auth,15m,grammar_invalid,phép đo 'fanout' không dùng cửa sổ '15m',,4,
,fanout,fail,auth,60m,grammar_invalid,phép đo 'fanout' không dùng cửa sổ '60m',,4,
,fanout,fail,auth,7d,grammar_invalid,phép đo 'fanout' không dùng cửa sổ '7d',,4,
,fanout,fail,auth,14d,grammar_invalid,phép đo 'fanout' không dùng cửa sổ '14d',,5,
,fanout,fail,auth,hist,grammar_invalid,phép đo 'fanout' không dùng cửa sổ 'hist',,5,
,fanout,fail,fail_reason,1d,grammar_invalid,fanout chỉ định nghĩa cho Source (một nguồn → nhiều tài khoản),,4,
,fanout,fail,fail_reason,5m,grammar_invalid,phép đo 'fanout' không dùng cửa sổ '5m',,4,
,fanout,fail,fail_reason,15m,grammar_invalid,phép đo 'fanout' không dùng cửa sổ '15m',,4,
,fanout,fail,fail_reason,60m,grammar_invalid,phép đo 'fanout' không dùng cửa sổ '60m',,4,
,fanout,fail,fail_reason,7d,grammar_invalid,phép đo 'fanout' không dùng cửa sổ '7d',,4,
,fanout,fail,fail_reason,14d,grammar_invalid,phép đo 'fanout' không dùng cửa sổ '14d',,5,
,fanout,fail,fail_reason,hist,grammar_invalid,phép đo 'fanout' không dùng cửa sổ 'hist',,5,
,fanout,success,event,1d,grammar_invalid,fanout chỉ định nghĩa cho Source (một nguồn → nhiều tài khoản),,3,
,fanout,success,event,5m,grammar_invalid,phép đo 'fanout' không dùng cửa sổ '5m',,3,
,fanout,success,event,15m,grammar_invalid,phép đo 'fanout' không dùng cửa sổ '15m',,3,
,fanout,success,event,60m,grammar_invalid,phép đo 'fanout' không dùng cửa sổ '60m',,3,
,fanout,success,event,7d,grammar_invalid,phép đo 'fanout' không dùng cửa sổ '7d',,3,
,fanout,success,event,14d,grammar_invalid,phép đo 'fanout' không dùng cửa sổ '14d',,4,
,fanout,success,event,hist,grammar_invalid,phép đo 'fanout' không dùng cửa sổ 'hist',,4,
fanout_success_source,fanout,success,Source,1d,dropped_r2,không nhắm kịch bản nào ở mục 5.2,,3,số tài khoản khác mà máy nguồn (Source) của tài khoản này chạm tới qua đăng nhập thành công (4624) trong ngày (lấy max)
,fanout,success,Source,5m,grammar_invalid,phép đo 'fanout' không dùng cửa sổ '5m',,3,
,fanout,success,Source,15m,grammar_invalid,phép đo 'fanout' không dùng cửa sổ '15m',,3,
,fanout,success,Source,60m,grammar_invalid,phép đo 'fanout' không dùng cửa sổ '60m',,3,
,fanout,success,Source,7d,grammar_invalid,phép đo 'fanout' không dùng cửa sổ '7d',,3,
,fanout,success,Source,14d,grammar_invalid,phép đo 'fanout' không dùng cửa sổ '14d',,4,
,fanout,success,Source,hist,grammar_invalid,phép đo 'fanout' không dùng cửa sổ 'hist',,4,
,fanout,success,LogHost,1d,grammar_invalid,fanout chỉ định nghĩa cho Source (một nguồn → nhiều tài khoản),,3,
,fanout,success,LogHost,5m,grammar_invalid,phép đo 'fanout' không dùng cửa sổ '5m',,3,
,fanout,success,LogHost,15m,grammar_invalid,phép đo 'fanout' không dùng cửa sổ '15m',,3,
,fanout,success,LogHost,60m,grammar_invalid,phép đo 'fanout' không dùng cửa sổ '60m',,3,
,fanout,success,LogHost,7d,grammar_invalid,phép đo 'fanout' không dùng cửa sổ '7d',,3,
,fanout,success,LogHost,14d,grammar_invalid,phép đo 'fanout' không dùng cửa sổ '14d',,4,
,fanout,success,LogHost,hist,grammar_invalid,phép đo 'fanout' không dùng cửa sổ 'hist',,4,
,fanout,success,pair,1d,grammar_invalid,fanout chỉ định nghĩa cho Source (một nguồn → nhiều tài khoản),,4,
,fanout,success,pair,5m,grammar_invalid,phép đo 'fanout' không dùng cửa sổ '5m',,4,
,fanout,success,pair,15m,grammar_invalid,phép đo 'fanout' không dùng cửa sổ '15m',,4,
,fanout,success,pair,60m,grammar_invalid,phép đo 'fanout' không dùng cửa sổ '60m',,4,
,fanout,success,pair,7d,grammar_invalid,phép đo 'fanout' không dùng cửa sổ '7d',,4,
,fanout,success,pair,14d,grammar_invalid,phép đo 'fanout' không dùng cửa sổ '14d',,5,
,fanout,success,pair,hist,grammar_invalid,phép đo 'fanout' không dùng cửa sổ 'hist',,5,
,fanout,success,hour,1d,grammar_invalid,fanout chỉ định nghĩa cho Source (một nguồn → nhiều tài khoản),,3,
,fanout,success,hour,5m,grammar_invalid,phép đo 'fanout' không dùng cửa sổ '5m',,3,
,fanout,success,hour,15m,grammar_invalid,phép đo 'fanout' không dùng cửa sổ '15m',,3,
,fanout,success,hour,60m,grammar_invalid,phép đo 'fanout' không dùng cửa sổ '60m',,3,
,fanout,success,hour,7d,grammar_invalid,phép đo 'fanout' không dùng cửa sổ '7d',,3,
,fanout,success,hour,14d,grammar_invalid,phép đo 'fanout' không dùng cửa sổ '14d',,4,
,fanout,success,hour,hist,grammar_invalid,phép đo 'fanout' không dùng cửa sổ 'hist',,4,
,fanout,success,logon_type,1d,grammar_invalid,fanout chỉ định nghĩa cho Source (một nguồn → nhiều tài khoản),,3,
,fanout,success,logon_type,5m,grammar_invalid,phép đo 'fanout' không dùng cửa sổ '5m',,3,
,fanout,success,logon_type,15m,grammar_invalid,phép đo 'fanout' không dùng cửa sổ '15m',,3,
,fanout,success,logon_type,60m,grammar_invalid,phép đo 'fanout' không dùng cửa sổ '60m',,3,
,fanout,success,logon_type,7d,grammar_invalid,phép đo 'fanout' không dùng cửa sổ '7d',,3,
,fanout,success,logon_type,14d,grammar_invalid,phép đo 'fanout' không dùng cửa sổ '14d',,4,
,fanout,success,logon_type,hist,grammar_invalid,phép đo 'fanout' không dùng cửa sổ 'hist',,4,
,fanout,success,auth,1d,grammar_invalid,fanout chỉ định nghĩa cho Source (một nguồn → nhiều tài khoản),,4,
,fanout,success,auth,5m,grammar_invalid,phép đo 'fanout' không dùng cửa sổ '5m',,4,
,fanout,success,auth,15m,grammar_invalid,phép đo 'fanout' không dùng cửa sổ '15m',,4,
,fanout,success,auth,60m,grammar_invalid,phép đo 'fanout' không dùng cửa sổ '60m',,4,
,fanout,success,auth,7d,grammar_invalid,phép đo 'fanout' không dùng cửa sổ '7d',,4,
,fanout,success,auth,14d,grammar_invalid,phép đo 'fanout' không dùng cửa sổ '14d',,5,
,fanout,success,auth,hist,grammar_invalid,phép đo 'fanout' không dùng cửa sổ 'hist',,5,
,fanout,success,fail_reason,1d,grammar_invalid,fanout chỉ định nghĩa cho Source (một nguồn → nhiều tài khoản),,4,
,fanout,success,fail_reason,5m,grammar_invalid,phép đo 'fanout' không dùng cửa sổ '5m',,4,
,fanout,success,fail_reason,15m,grammar_invalid,phép đo 'fanout' không dùng cửa sổ '15m',,4,
,fanout,success,fail_reason,60m,grammar_invalid,phép đo 'fanout' không dùng cửa sổ '60m',,4,
,fanout,success,fail_reason,7d,grammar_invalid,phép đo 'fanout' không dùng cửa sổ '7d',,4,
,fanout,success,fail_reason,14d,grammar_invalid,phép đo 'fanout' không dùng cửa sổ '14d',,5,
,fanout,success,fail_reason,hist,grammar_invalid,phép đo 'fanout' không dùng cửa sổ 'hist',,5,
,fanout,night,event,1d,grammar_invalid,fanout chỉ định nghĩa cho Source (một nguồn → nhiều tài khoản),,3,
,fanout,night,event,5m,grammar_invalid,phép đo 'fanout' không dùng cửa sổ '5m',,3,
,fanout,night,event,15m,grammar_invalid,phép đo 'fanout' không dùng cửa sổ '15m',,3,
,fanout,night,event,60m,grammar_invalid,phép đo 'fanout' không dùng cửa sổ '60m',,3,
,fanout,night,event,7d,grammar_invalid,phép đo 'fanout' không dùng cửa sổ '7d',,3,
,fanout,night,event,14d,grammar_invalid,phép đo 'fanout' không dùng cửa sổ '14d',,4,
,fanout,night,event,hist,grammar_invalid,phép đo 'fanout' không dùng cửa sổ 'hist',,4,
fanout_night_source,fanout,night,Source,1d,dropped_r2,không nhắm kịch bản nào ở mục 5.2,,3,số tài khoản khác mà máy nguồn (Source) của tài khoản này chạm tới qua sự kiện ngoài giờ (18h–7h) trong ngày (lấy max)
,fanout,night,Source,5m,grammar_invalid,phép đo 'fanout' không dùng cửa sổ '5m',,3,
,fanout,night,Source,15m,grammar_invalid,phép đo 'fanout' không dùng cửa sổ '15m',,3,
,fanout,night,Source,60m,grammar_invalid,phép đo 'fanout' không dùng cửa sổ '60m',,3,
,fanout,night,Source,7d,grammar_invalid,phép đo 'fanout' không dùng cửa sổ '7d',,3,
,fanout,night,Source,14d,grammar_invalid,phép đo 'fanout' không dùng cửa sổ '14d',,4,
,fanout,night,Source,hist,grammar_invalid,phép đo 'fanout' không dùng cửa sổ 'hist',,4,
,fanout,night,LogHost,1d,grammar_invalid,fanout chỉ định nghĩa cho Source (một nguồn → nhiều tài khoản),,3,
,fanout,night,LogHost,5m,grammar_invalid,phép đo 'fanout' không dùng cửa sổ '5m',,3,
,fanout,night,LogHost,15m,grammar_invalid,phép đo 'fanout' không dùng cửa sổ '15m',,3,
,fanout,night,LogHost,60m,grammar_invalid,phép đo 'fanout' không dùng cửa sổ '60m',,3,
,fanout,night,LogHost,7d,grammar_invalid,phép đo 'fanout' không dùng cửa sổ '7d',,3,
,fanout,night,LogHost,14d,grammar_invalid,phép đo 'fanout' không dùng cửa sổ '14d',,4,
,fanout,night,LogHost,hist,grammar_invalid,phép đo 'fanout' không dùng cửa sổ 'hist',,4,
,fanout,night,pair,1d,grammar_invalid,fanout chỉ định nghĩa cho Source (một nguồn → nhiều tài khoản),,4,
,fanout,night,pair,5m,grammar_invalid,phép đo 'fanout' không dùng cửa sổ '5m',,4,
,fanout,night,pair,15m,grammar_invalid,phép đo 'fanout' không dùng cửa sổ '15m',,4,
,fanout,night,pair,60m,grammar_invalid,phép đo 'fanout' không dùng cửa sổ '60m',,4,
,fanout,night,pair,7d,grammar_invalid,phép đo 'fanout' không dùng cửa sổ '7d',,4,
,fanout,night,pair,14d,grammar_invalid,phép đo 'fanout' không dùng cửa sổ '14d',,5,
,fanout,night,pair,hist,grammar_invalid,phép đo 'fanout' không dùng cửa sổ 'hist',,5,
,fanout,night,hour,1d,grammar_invalid,fanout chỉ định nghĩa cho Source (một nguồn → nhiều tài khoản),,3,
,fanout,night,hour,5m,grammar_invalid,phép đo 'fanout' không dùng cửa sổ '5m',,3,
,fanout,night,hour,15m,grammar_invalid,phép đo 'fanout' không dùng cửa sổ '15m',,3,
,fanout,night,hour,60m,grammar_invalid,phép đo 'fanout' không dùng cửa sổ '60m',,3,
,fanout,night,hour,7d,grammar_invalid,phép đo 'fanout' không dùng cửa sổ '7d',,3,
,fanout,night,hour,14d,grammar_invalid,phép đo 'fanout' không dùng cửa sổ '14d',,4,
,fanout,night,hour,hist,grammar_invalid,phép đo 'fanout' không dùng cửa sổ 'hist',,4,
,fanout,night,logon_type,1d,grammar_invalid,fanout chỉ định nghĩa cho Source (một nguồn → nhiều tài khoản),,3,
,fanout,night,logon_type,5m,grammar_invalid,phép đo 'fanout' không dùng cửa sổ '5m',,3,
,fanout,night,logon_type,15m,grammar_invalid,phép đo 'fanout' không dùng cửa sổ '15m',,3,
,fanout,night,logon_type,60m,grammar_invalid,phép đo 'fanout' không dùng cửa sổ '60m',,3,
,fanout,night,logon_type,7d,grammar_invalid,phép đo 'fanout' không dùng cửa sổ '7d',,3,
,fanout,night,logon_type,14d,grammar_invalid,phép đo 'fanout' không dùng cửa sổ '14d',,4,
,fanout,night,logon_type,hist,grammar_invalid,phép đo 'fanout' không dùng cửa sổ 'hist',,4,
,fanout,night,auth,1d,grammar_invalid,fanout chỉ định nghĩa cho Source (một nguồn → nhiều tài khoản),,4,
,fanout,night,auth,5m,grammar_invalid,phép đo 'fanout' không dùng cửa sổ '5m',,4,
,fanout,night,auth,15m,grammar_invalid,phép đo 'fanout' không dùng cửa sổ '15m',,4,
,fanout,night,auth,60m,grammar_invalid,phép đo 'fanout' không dùng cửa sổ '60m',,4,
,fanout,night,auth,7d,grammar_invalid,phép đo 'fanout' không dùng cửa sổ '7d',,4,
,fanout,night,auth,14d,grammar_invalid,phép đo 'fanout' không dùng cửa sổ '14d',,5,
,fanout,night,auth,hist,grammar_invalid,phép đo 'fanout' không dùng cửa sổ 'hist',,5,
,fanout,night,fail_reason,1d,grammar_invalid,fanout chỉ định nghĩa cho Source (một nguồn → nhiều tài khoản),,4,
,fanout,night,fail_reason,5m,grammar_invalid,phép đo 'fanout' không dùng cửa sổ '5m',,4,
,fanout,night,fail_reason,15m,grammar_invalid,phép đo 'fanout' không dùng cửa sổ '15m',,4,
,fanout,night,fail_reason,60m,grammar_invalid,phép đo 'fanout' không dùng cửa sổ '60m',,4,
,fanout,night,fail_reason,7d,grammar_invalid,phép đo 'fanout' không dùng cửa sổ '7d',,4,
,fanout,night,fail_reason,14d,grammar_invalid,phép đo 'fanout' không dùng cửa sổ '14d',,5,
,fanout,night,fail_reason,hist,grammar_invalid,phép đo 'fanout' không dùng cửa sổ 'hist',,5,
,novelty,all,event,1d,grammar_invalid,phép đo 'novelty' không dùng cửa sổ '1d',,1,
,novelty,all,event,5m,grammar_invalid,phép đo 'novelty' không dùng cửa sổ '5m',,1,
,novelty,all,event,15m,grammar_invalid,phép đo 'novelty' không dùng cửa sổ '15m',,1,
,novelty,all,event,60m,grammar_invalid,phép đo 'novelty' không dùng cửa sổ '60m',,1,
,novelty,all,event,7d,grammar_invalid,phép đo 'novelty' cần một chiều thực thể,,1,
,novelty,all,event,14d,grammar_invalid,phép đo 'novelty' cần một chiều thực thể,,2,
,novelty,all,event,hist,grammar_invalid,phép đo 'novelty' không dùng cửa sổ 'hist',,2,
,novelty,all,Source,1d,grammar_invalid,phép đo 'novelty' không dùng cửa sổ '1d',,1,
,novelty,all,Source,5m,grammar_invalid,phép đo 'novelty' không dùng cửa sổ '5m',,1,
,novelty,all,Source,15m,grammar_invalid,phép đo 'novelty' không dùng cửa sổ '15m',,1,
,novelty,all,Source,60m,grammar_invalid,phép đo 'novelty' không dùng cửa sổ '60m',,1,
novelty_source_7d,novelty,all,Source,7d,dropped_r1,core: new_source_count_7d,new_workstation_burst,1,số máy nguồn (Source) trong mọi sự kiện hôm nay chưa xuất hiện trong 7 ngày lịch trước
novelty_source_14d,novelty,all,Source,14d,dropped_r1,"đã loại: new_source_count (toàn lịch sử ρ = 0,9999 với bản 7d)",new_workstation_burst,2,số máy nguồn (Source) trong mọi sự kiện hôm nay chưa xuất hiện trong 14 ngày lịch trước
,novelty,all,Source,hist,grammar_invalid,phép đo 'novelty' không dùng cửa sổ 'hist',,2,
,novelty,all,LogHost,1d,grammar_invalid,phép đo 'novelty' không dùng cửa sổ '1d',,1,
,novelty,all,LogHost,5m,grammar_invalid,phép đo 'novelty' không dùng cửa sổ '5m',,1,
,novelty,all,LogHost,15m,grammar_invalid,phép đo 'novelty' không dùng cửa sổ '15m',,1,
,novelty,all,LogHost,60m,grammar_invalid,phép đo 'novelty' không dùng cửa sổ '60m',,1,
novelty_host_7d,novelty,all,LogHost,7d,dropped_r1,core: new_host_count_7d,lateral_fanout,1,số máy đích (LogHost) trong mọi sự kiện hôm nay chưa xuất hiện trong 7 ngày lịch trước
novelty_host_14d,novelty,all,LogHost,14d,dropped_r1,"đã loại: new_host_count (ρ = 0,9999 với bản 7d)",lateral_fanout,2,số máy đích (LogHost) trong mọi sự kiện hôm nay chưa xuất hiện trong 14 ngày lịch trước
,novelty,all,LogHost,hist,grammar_invalid,phép đo 'novelty' không dùng cửa sổ 'hist',,2,
,novelty,all,pair,1d,grammar_invalid,phép đo 'novelty' không dùng cửa sổ '1d',,2,
,novelty,all,pair,5m,grammar_invalid,phép đo 'novelty' không dùng cửa sổ '5m',,2,
,novelty,all,pair,15m,grammar_invalid,phép đo 'novelty' không dùng cửa sổ '15m',,2,
,novelty,all,pair,60m,grammar_invalid,phép đo 'novelty' không dùng cửa sổ '60m',,2,
novelty_pair_7d,novelty,all,pair,7d,dropped_r1,"đã loại: source_host_pair_novelty (ρ = 0,9052 với new_host_count)","lateral_fanout,new_workstation_burst",2,"số cặp (Source, LogHost) trong mọi sự kiện hôm nay chưa xuất hiện trong 7 ngày lịch trước"
novelty_pair_14d,novelty,all,pair,14d,dropped_r1,"đã loại: source_host_pair_novelty (ρ = 0,9052 với new_host_count)","lateral_fanout,new_workstation_burst",3,"số cặp (Source, LogHost) trong mọi sự kiện hôm nay chưa xuất hiện trong 14 ngày lịch trước"
,novelty,all,pair,hist,grammar_invalid,phép đo 'novelty' không dùng cửa sổ 'hist',,3,
,novelty,all,hour,1d,grammar_invalid,phép đo 'novelty' không dùng cửa sổ '1d',,1,
,novelty,all,hour,5m,grammar_invalid,phép đo 'novelty' không dùng cửa sổ '5m',,1,
,novelty,all,hour,15m,grammar_invalid,phép đo 'novelty' không dùng cửa sổ '15m',,1,
,novelty,all,hour,60m,grammar_invalid,phép đo 'novelty' không dùng cửa sổ '60m',,1,
novelty_hour_7d,novelty,all,hour,7d,round2,,off_hours,1,số khung giờ trong mọi sự kiện hôm nay chưa xuất hiện trong 7 ngày lịch trước
novelty_hour_14d,novelty,all,hour,14d,dropped_r4,"biến thể 14d của một ứng viên 7d (v3.0: novelty nhiều cửa sổ có ρ = 0,9999; warm-up gấp đôi)",off_hours,2,số khung giờ trong mọi sự kiện hôm nay chưa xuất hiện trong 14 ngày lịch trước
,novelty,all,hour,hist,grammar_invalid,phép đo 'novelty' không dùng cửa sổ 'hist',,2,
,novelty,all,logon_type,1d,grammar_invalid,phép đo 'novelty' không dùng cửa sổ '1d',,1,
,novelty,all,logon_type,5m,grammar_invalid,phép đo 'novelty' không dùng cửa sổ '5m',,1,
,novelty,all,logon_type,15m,grammar_invalid,phép đo 'novelty' không dùng cửa sổ '15m',,1,
,novelty,all,logon_type,60m,grammar_invalid,phép đo 'novelty' không dùng cửa sổ '60m',,1,
novelty_logontype_7d,novelty,all,logon_type,7d,round2,,logon_type_switch,1,số loại logon trong mọi sự kiện hôm nay chưa xuất hiện trong 7 ngày lịch trước
novelty_logontype_14d,novelty,all,logon_type,14d,dropped_r4,"biến thể 14d của một ứng viên 7d (v3.0: novelty nhiều cửa sổ có ρ = 0,9999; warm-up gấp đôi)",logon_type_switch,2,số loại logon trong mọi sự kiện hôm nay chưa xuất hiện trong 14 ngày lịch trước
,novelty,all,logon_type,hist,grammar_invalid,phép đo 'novelty' không dùng cửa sổ 'hist',,2,
,novelty,all,auth,1d,grammar_invalid,phép đo 'novelty' không dùng cửa sổ '1d',,2,
,novelty,all,auth,5m,grammar_invalid,phép đo 'novelty' không dùng cửa sổ '5m',,2,
,novelty,all,auth,15m,grammar_invalid,phép đo 'novelty' không dùng cửa sổ '15m',,2,
,novelty,all,auth,60m,grammar_invalid,phép đo 'novelty' không dùng cửa sổ '60m',,2,
novelty_auth_7d,novelty,all,auth,7d,dropped_r2,không nhắm kịch bản nào ở mục 5.2,,2,số gói xác thực trong mọi sự kiện hôm nay chưa xuất hiện trong 7 ngày lịch trước
novelty_auth_14d,novelty,all,auth,14d,dropped_r2,không nhắm kịch bản nào ở mục 5.2,,3,số gói xác thực trong mọi sự kiện hôm nay chưa xuất hiện trong 14 ngày lịch trước
,novelty,all,auth,hist,grammar_invalid,phép đo 'novelty' không dùng cửa sổ 'hist',,3,
,novelty,all,fail_reason,1d,grammar_invalid,phép đo 'novelty' không dùng cửa sổ '1d',,2,
,novelty,all,fail_reason,5m,grammar_invalid,phép đo 'novelty' không dùng cửa sổ '5m',,2,
,novelty,all,fail_reason,15m,grammar_invalid,phép đo 'novelty' không dùng cửa sổ '15m',,2,
,novelty,all,fail_reason,60m,grammar_invalid,phép đo 'novelty' không dùng cửa sổ '60m',,2,
,novelty,all,fail_reason,7d,grammar_invalid,FailureReason chỉ tồn tại ở 4625,,2,
,novelty,all,fail_reason,14d,grammar_invalid,FailureReason chỉ tồn tại ở 4625,,3,
,novelty,all,fail_reason,hist,grammar_invalid,phép đo 'novelty' không dùng cửa sổ 'hist',,3,
,novelty,fail,event,1d,grammar_invalid,phép đo 'novelty' không dùng cửa sổ '1d',,2,
,novelty,fail,event,5m,grammar_invalid,phép đo 'novelty' không dùng cửa sổ '5m',,2,
,novelty,fail,event,15m,grammar_invalid,phép đo 'novelty' không dùng cửa sổ '15m',,2,
,novelty,fail,event,60m,grammar_invalid,phép đo 'novelty' không dùng cửa sổ '60m',,2,
,novelty,fail,event,7d,grammar_invalid,phép đo 'novelty' cần một chiều thực thể,,2,
,novelty,fail,event,14d,grammar_invalid,phép đo 'novelty' cần một chiều thực thể,,3,
,novelty,fail,event,hist,grammar_invalid,phép đo 'novelty' không dùng cửa sổ 'hist',,3,
,novelty,fail,Source,1d,grammar_invalid,phép đo 'novelty' không dùng cửa sổ '1d',,2,
,novelty,fail,Source,5m,grammar_invalid,phép đo 'novelty' không dùng cửa sổ '5m',,2,
,novelty,fail,Source,15m,grammar_invalid,phép đo 'novelty' không dùng cửa sổ '15m',,2,
,novelty,fail,Source,60m,grammar_invalid,phép đo 'novelty' không dùng cửa sổ '60m',,2,
novelty_fail_source_7d,novelty,fail,Source,7d,round2,,"brute_force,password_spraying",2,số máy nguồn (Source) trong đăng nhập thất bại (4625) hôm nay chưa xuất hiện trong 7 ngày lịch trước
novelty_fail_source_14d,novelty,fail,Source,14d,dropped_r4,"biến thể 14d của một ứng viên 7d (v3.0: novelty nhiều cửa sổ có ρ = 0,9999; warm-up gấp đôi)","brute_force,password_spraying",3,số máy nguồn (Source) trong đăng nhập thất bại (4625) hôm nay chưa xuất hiện trong 14 ngày lịch trước
,novelty,fail,Source,hist,grammar_invalid,phép đo 'novelty' không dùng cửa sổ 'hist',,3,
,novelty,fail,LogHost,1d,grammar_invalid,phép đo 'novelty' không dùng cửa sổ '1d',,2,
,novelty,fail,LogHost,5m,grammar_invalid,phép đo 'novelty' không dùng cửa sổ '5m',,2,
,novelty,fail,LogHost,15m,grammar_invalid,phép đo 'novelty' không dùng cửa sổ '15m',,2,
,novelty,fail,LogHost,60m,grammar_invalid,phép đo 'novelty' không dùng cửa sổ '60m',,2,
novelty_fail_host_7d,novelty,fail,LogHost,7d,round2,,"brute_force,password_spraying",2,số máy đích (LogHost) trong đăng nhập thất bại (4625) hôm nay chưa xuất hiện trong 7 ngày lịch trước
novelty_fail_host_14d,novelty,fail,LogHost,14d,dropped_r4,"biến thể 14d của một ứng viên 7d (v3.0: novelty nhiều cửa sổ có ρ = 0,9999; warm-up gấp đôi)","brute_force,password_spraying",3,số máy đích (LogHost) trong đăng nhập thất bại (4625) hôm nay chưa xuất hiện trong 14 ngày lịch trước
,novelty,fail,LogHost,hist,grammar_invalid,phép đo 'novelty' không dùng cửa sổ 'hist',,3,
,novelty,fail,pair,1d,grammar_invalid,phép đo 'novelty' không dùng cửa sổ '1d',,3,
,novelty,fail,pair,5m,grammar_invalid,phép đo 'novelty' không dùng cửa sổ '5m',,3,
,novelty,fail,pair,15m,grammar_invalid,phép đo 'novelty' không dùng cửa sổ '15m',,3,
,novelty,fail,pair,60m,grammar_invalid,phép đo 'novelty' không dùng cửa sổ '60m',,3,
novelty_fail_pair_7d,novelty,fail,pair,7d,round2,,"brute_force,password_spraying",3,"số cặp (Source, LogHost) trong đăng nhập thất bại (4625) hôm nay chưa xuất hiện trong 7 ngày lịch trước"
novelty_fail_pair_14d,novelty,fail,pair,14d,dropped_r3,cần 4 đơn vị giải thích (> 3): không đọc được bằng một câu ngắn,"brute_force,password_spraying",4,"số cặp (Source, LogHost) trong đăng nhập thất bại (4625) hôm nay chưa xuất hiện trong 14 ngày lịch trước"
,novelty,fail,pair,hist,grammar_invalid,phép đo 'novelty' không dùng cửa sổ 'hist',,4,
,novelty,fail,hour,1d,grammar_invalid,phép đo 'novelty' không dùng cửa sổ '1d',,2,
,novelty,fail,hour,5m,grammar_invalid,phép đo 'novelty' không dùng cửa sổ '5m',,2,
,novelty,fail,hour,15m,grammar_invalid,phép đo 'novelty' không dùng cửa sổ '15m',,2,
,novelty,fail,hour,60m,grammar_invalid,phép đo 'novelty' không dùng cửa sổ '60m',,2,
novelty_fail_hour_7d,novelty,fail,hour,7d,dropped_r2,không nhắm kịch bản nào ở mục 5.2,,2,số khung giờ trong đăng nhập thất bại (4625) hôm nay chưa xuất hiện trong 7 ngày lịch trước
novelty_fail_hour_14d,novelty,fail,hour,14d,dropped_r2,không nhắm kịch bản nào ở mục 5.2,,3,số khung giờ trong đăng nhập thất bại (4625) hôm nay chưa xuất hiện trong 14 ngày lịch trước
,novelty,fail,hour,hist,grammar_invalid,phép đo 'novelty' không dùng cửa sổ 'hist',,3,
,novelty,fail,logon_type,1d,grammar_invalid,phép đo 'novelty' không dùng cửa sổ '1d',,2,
,novelty,fail,logon_type,5m,grammar_invalid,phép đo 'novelty' không dùng cửa sổ '5m',,2,
,novelty,fail,logon_type,15m,grammar_invalid,phép đo 'novelty' không dùng cửa sổ '15m',,2,
,novelty,fail,logon_type,60m,grammar_invalid,phép đo 'novelty' không dùng cửa sổ '60m',,2,
novelty_fail_logontype_7d,novelty,fail,logon_type,7d,dropped_r2,không nhắm kịch bản nào ở mục 5.2,,2,số loại logon trong đăng nhập thất bại (4625) hôm nay chưa xuất hiện trong 7 ngày lịch trước
novelty_fail_logontype_14d,novelty,fail,logon_type,14d,dropped_r2,không nhắm kịch bản nào ở mục 5.2,,3,số loại logon trong đăng nhập thất bại (4625) hôm nay chưa xuất hiện trong 14 ngày lịch trước
,novelty,fail,logon_type,hist,grammar_invalid,phép đo 'novelty' không dùng cửa sổ 'hist',,3,
,novelty,fail,auth,1d,grammar_invalid,phép đo 'novelty' không dùng cửa sổ '1d',,3,
,novelty,fail,auth,5m,grammar_invalid,phép đo 'novelty' không dùng cửa sổ '5m',,3,
,novelty,fail,auth,15m,grammar_invalid,phép đo 'novelty' không dùng cửa sổ '15m',,3,
,novelty,fail,auth,60m,grammar_invalid,phép đo 'novelty' không dùng cửa sổ '60m',,3,
novelty_fail_auth_7d,novelty,fail,auth,7d,dropped_r2,không nhắm kịch bản nào ở mục 5.2,,3,số gói xác thực trong đăng nhập thất bại (4625) hôm nay chưa xuất hiện trong 7 ngày lịch trước
novelty_fail_auth_14d,novelty,fail,auth,14d,dropped_r2,không nhắm kịch bản nào ở mục 5.2,,4,số gói xác thực trong đăng nhập thất bại (4625) hôm nay chưa xuất hiện trong 14 ngày lịch trước
,novelty,fail,auth,hist,grammar_invalid,phép đo 'novelty' không dùng cửa sổ 'hist',,4,
,novelty,fail,fail_reason,1d,grammar_invalid,phép đo 'novelty' không dùng cửa sổ '1d',,3,
,novelty,fail,fail_reason,5m,grammar_invalid,phép đo 'novelty' không dùng cửa sổ '5m',,3,
,novelty,fail,fail_reason,15m,grammar_invalid,phép đo 'novelty' không dùng cửa sổ '15m',,3,
,novelty,fail,fail_reason,60m,grammar_invalid,phép đo 'novelty' không dùng cửa sổ '60m',,3,
novelty_fail_failreason_7d,novelty,fail,fail_reason,7d,round2,,brute_force,3,số lý do thất bại trong đăng nhập thất bại (4625) hôm nay chưa xuất hiện trong 7 ngày lịch trước
novelty_fail_failreason_14d,novelty,fail,fail_reason,14d,dropped_r3,cần 4 đơn vị giải thích (> 3): không đọc được bằng một câu ngắn,brute_force,4,số lý do thất bại trong đăng nhập thất bại (4625) hôm nay chưa xuất hiện trong 14 ngày lịch trước
,novelty,fail,fail_reason,hist,grammar_invalid,phép đo 'novelty' không dùng cửa sổ 'hist',,4,
,novelty,success,event,1d,grammar_invalid,phép đo 'novelty' không dùng cửa sổ '1d',,2,
,novelty,success,event,5m,grammar_invalid,phép đo 'novelty' không dùng cửa sổ '5m',,2,
,novelty,success,event,15m,grammar_invalid,phép đo 'novelty' không dùng cửa sổ '15m',,2,
,novelty,success,event,60m,grammar_invalid,phép đo 'novelty' không dùng cửa sổ '60m',,2,
,novelty,success,event,7d,grammar_invalid,phép đo 'novelty' cần một chiều thực thể,,2,
,novelty,success,event,14d,grammar_invalid,phép đo 'novelty' cần một chiều thực thể,,3,
,novelty,success,event,hist,grammar_invalid,phép đo 'novelty' không dùng cửa sổ 'hist',,3,
,novelty,success,Source,1d,grammar_invalid,phép đo 'novelty' không dùng cửa sổ '1d',,2,
,novelty,success,Source,5m,grammar_invalid,phép đo 'novelty' không dùng cửa sổ '5m',,2,
,novelty,success,Source,15m,grammar_invalid,phép đo 'novelty' không dùng cửa sổ '15m',,2,
,novelty,success,Source,60m,grammar_invalid,phép đo 'novelty' không dùng cửa sổ '60m',,2,
novelty_success_source_7d,novelty,success,Source,7d,round2,,new_workstation_burst,2,số máy nguồn (Source) trong đăng nhập thành công (4624) hôm nay chưa xuất hiện trong 7 ngày lịch trước
novelty_success_source_14d,novelty,success,Source,14d,dropped_r4,"biến thể 14d của một ứng viên 7d (v3.0: novelty nhiều cửa sổ có ρ = 0,9999; warm-up gấp đôi)",new_workstation_burst,3,số máy nguồn (Source) trong đăng nhập thành công (4624) hôm nay chưa xuất hiện trong 14 ngày lịch trước
,novelty,success,Source,hist,grammar_invalid,phép đo 'novelty' không dùng cửa sổ 'hist',,3,
,novelty,success,LogHost,1d,grammar_invalid,phép đo 'novelty' không dùng cửa sổ '1d',,2,
,novelty,success,LogHost,5m,grammar_invalid,phép đo 'novelty' không dùng cửa sổ '5m',,2,
,novelty,success,LogHost,15m,grammar_invalid,phép đo 'novelty' không dùng cửa sổ '15m',,2,
,novelty,success,LogHost,60m,grammar_invalid,phép đo 'novelty' không dùng cửa sổ '60m',,2,
novelty_success_host_7d,novelty,success,LogHost,7d,round2,,lateral_fanout,2,số máy đích (LogHost) trong đăng nhập thành công (4624) hôm nay chưa xuất hiện trong 7 ngày lịch trước
novelty_success_host_14d,novelty,success,LogHost,14d,dropped_r4,"biến thể 14d của một ứng viên 7d (v3.0: novelty nhiều cửa sổ có ρ = 0,9999; warm-up gấp đôi)",lateral_fanout,3,số máy đích (LogHost) trong đăng nhập thành công (4624) hôm nay chưa xuất hiện trong 14 ngày lịch trước
,novelty,success,LogHost,hist,grammar_invalid,phép đo 'novelty' không dùng cửa sổ 'hist',,3,
,novelty,success,pair,1d,grammar_invalid,phép đo 'novelty' không dùng cửa sổ '1d',,3,
,novelty,success,pair,5m,grammar_invalid,phép đo 'novelty' không dùng cửa sổ '5m',,3,
,novelty,success,pair,15m,grammar_invalid,phép đo 'novelty' không dùng cửa sổ '15m',,3,
,novelty,success,pair,60m,grammar_invalid,phép đo 'novelty' không dùng cửa sổ '60m',,3,
novelty_success_pair_7d,novelty,success,pair,7d,round2,,"lateral_fanout,new_workstation_burst",3,"số cặp (Source, LogHost) trong đăng nhập thành công (4624) hôm nay chưa xuất hiện trong 7 ngày lịch trước"
novelty_success_pair_14d,novelty,success,pair,14d,dropped_r3,cần 4 đơn vị giải thích (> 3): không đọc được bằng một câu ngắn,"lateral_fanout,new_workstation_burst",4,"số cặp (Source, LogHost) trong đăng nhập thành công (4624) hôm nay chưa xuất hiện trong 14 ngày lịch trước"
,novelty,success,pair,hist,grammar_invalid,phép đo 'novelty' không dùng cửa sổ 'hist',,4,
,novelty,success,hour,1d,grammar_invalid,phép đo 'novelty' không dùng cửa sổ '1d',,2,
,novelty,success,hour,5m,grammar_invalid,phép đo 'novelty' không dùng cửa sổ '5m',,2,
,novelty,success,hour,15m,grammar_invalid,phép đo 'novelty' không dùng cửa sổ '15m',,2,
,novelty,success,hour,60m,grammar_invalid,phép đo 'novelty' không dùng cửa sổ '60m',,2,
novelty_success_hour_7d,novelty,success,hour,7d,round2,,off_hours,2,số khung giờ trong đăng nhập thành công (4624) hôm nay chưa xuất hiện trong 7 ngày lịch trước
novelty_success_hour_14d,novelty,success,hour,14d,dropped_r4,"biến thể 14d của một ứng viên 7d (v3.0: novelty nhiều cửa sổ có ρ = 0,9999; warm-up gấp đôi)",off_hours,3,số khung giờ trong đăng nhập thành công (4624) hôm nay chưa xuất hiện trong 14 ngày lịch trước
,novelty,success,hour,hist,grammar_invalid,phép đo 'novelty' không dùng cửa sổ 'hist',,3,
,novelty,success,logon_type,1d,grammar_invalid,phép đo 'novelty' không dùng cửa sổ '1d',,2,
,novelty,success,logon_type,5m,grammar_invalid,phép đo 'novelty' không dùng cửa sổ '5m',,2,
,novelty,success,logon_type,15m,grammar_invalid,phép đo 'novelty' không dùng cửa sổ '15m',,2,
,novelty,success,logon_type,60m,grammar_invalid,phép đo 'novelty' không dùng cửa sổ '60m',,2,
novelty_success_logontype_7d,novelty,success,logon_type,7d,round2,,logon_type_switch,2,số loại logon trong đăng nhập thành công (4624) hôm nay chưa xuất hiện trong 7 ngày lịch trước
novelty_success_logontype_14d,novelty,success,logon_type,14d,dropped_r4,"biến thể 14d của một ứng viên 7d (v3.0: novelty nhiều cửa sổ có ρ = 0,9999; warm-up gấp đôi)",logon_type_switch,3,số loại logon trong đăng nhập thành công (4624) hôm nay chưa xuất hiện trong 14 ngày lịch trước
,novelty,success,logon_type,hist,grammar_invalid,phép đo 'novelty' không dùng cửa sổ 'hist',,3,
,novelty,success,auth,1d,grammar_invalid,phép đo 'novelty' không dùng cửa sổ '1d',,3,
,novelty,success,auth,5m,grammar_invalid,phép đo 'novelty' không dùng cửa sổ '5m',,3,
,novelty,success,auth,15m,grammar_invalid,phép đo 'novelty' không dùng cửa sổ '15m',,3,
,novelty,success,auth,60m,grammar_invalid,phép đo 'novelty' không dùng cửa sổ '60m',,3,
novelty_success_auth_7d,novelty,success,auth,7d,dropped_r2,không nhắm kịch bản nào ở mục 5.2,,3,số gói xác thực trong đăng nhập thành công (4624) hôm nay chưa xuất hiện trong 7 ngày lịch trước
novelty_success_auth_14d,novelty,success,auth,14d,dropped_r2,không nhắm kịch bản nào ở mục 5.2,,4,số gói xác thực trong đăng nhập thành công (4624) hôm nay chưa xuất hiện trong 14 ngày lịch trước
,novelty,success,auth,hist,grammar_invalid,phép đo 'novelty' không dùng cửa sổ 'hist',,4,
,novelty,success,fail_reason,1d,grammar_invalid,phép đo 'novelty' không dùng cửa sổ '1d',,3,
,novelty,success,fail_reason,5m,grammar_invalid,phép đo 'novelty' không dùng cửa sổ '5m',,3,
,novelty,success,fail_reason,15m,grammar_invalid,phép đo 'novelty' không dùng cửa sổ '15m',,3,
,novelty,success,fail_reason,60m,grammar_invalid,phép đo 'novelty' không dùng cửa sổ '60m',,3,
,novelty,success,fail_reason,7d,grammar_invalid,FailureReason chỉ tồn tại ở 4625,,3,
,novelty,success,fail_reason,14d,grammar_invalid,FailureReason chỉ tồn tại ở 4625,,4,
,novelty,success,fail_reason,hist,grammar_invalid,phép đo 'novelty' không dùng cửa sổ 'hist',,4,
,novelty,night,event,1d,grammar_invalid,phép đo 'novelty' không dùng cửa sổ '1d',,2,
,novelty,night,event,5m,grammar_invalid,phép đo 'novelty' không dùng cửa sổ '5m',,2,
,novelty,night,event,15m,grammar_invalid,phép đo 'novelty' không dùng cửa sổ '15m',,2,
,novelty,night,event,60m,grammar_invalid,phép đo 'novelty' không dùng cửa sổ '60m',,2,
,novelty,night,event,7d,grammar_invalid,phép đo 'novelty' cần một chiều thực thể,,2,
,novelty,night,event,14d,grammar_invalid,phép đo 'novelty' cần một chiều thực thể,,3,
,novelty,night,event,hist,grammar_invalid,phép đo 'novelty' không dùng cửa sổ 'hist',,3,
,novelty,night,Source,1d,grammar_invalid,phép đo 'novelty' không dùng cửa sổ '1d',,2,
,novelty,night,Source,5m,grammar_invalid,phép đo 'novelty' không dùng cửa sổ '5m',,2,
,novelty,night,Source,15m,grammar_invalid,phép đo 'novelty' không dùng cửa sổ '15m',,2,
,novelty,night,Source,60m,grammar_invalid,phép đo 'novelty' không dùng cửa sổ '60m',,2,
novelty_night_source_7d,novelty,night,Source,7d,dropped_r2,không nhắm kịch bản nào ở mục 5.2,,2,số máy nguồn (Source) trong sự kiện ngoài giờ (18h–7h) hôm nay chưa xuất hiện trong 7 ngày lịch trước
novelty_night_source_14d,novelty,night,Source,14d,dropped_r2,không nhắm kịch bản nào ở mục 5.2,,3,số máy nguồn (Source) trong sự kiện ngoài giờ (18h–7h) hôm nay chưa xuất hiện trong 14 ngày lịch trước
,novelty,night,Source,hist,grammar_invalid,phép đo 'novelty' không dùng cửa sổ 'hist',,3,
,novelty,night,LogHost,1d,grammar_invalid,phép đo 'novelty' không dùng cửa sổ '1d',,2,
,novelty,night,LogHost,5m,grammar_invalid,phép đo 'novelty' không dùng cửa sổ '5m',,2,
,novelty,night,LogHost,15m,grammar_invalid,phép đo 'novelty' không dùng cửa sổ '15m',,2,
,novelty,night,LogHost,60m,grammar_invalid,phép đo 'novelty' không dùng cửa sổ '60m',,2,
novelty_night_host_7d,novelty,night,LogHost,7d,dropped_r2,không nhắm kịch bản nào ở mục 5.2,,2,số máy đích (LogHost) trong sự kiện ngoài giờ (18h–7h) hôm nay chưa xuất hiện trong 7 ngày lịch trước
novelty_night_host_14d,novelty,night,LogHost,14d,dropped_r2,không nhắm kịch bản nào ở mục 5.2,,3,số máy đích (LogHost) trong sự kiện ngoài giờ (18h–7h) hôm nay chưa xuất hiện trong 14 ngày lịch trước
,novelty,night,LogHost,hist,grammar_invalid,phép đo 'novelty' không dùng cửa sổ 'hist',,3,
,novelty,night,pair,1d,grammar_invalid,phép đo 'novelty' không dùng cửa sổ '1d',,3,
,novelty,night,pair,5m,grammar_invalid,phép đo 'novelty' không dùng cửa sổ '5m',,3,
,novelty,night,pair,15m,grammar_invalid,phép đo 'novelty' không dùng cửa sổ '15m',,3,
,novelty,night,pair,60m,grammar_invalid,phép đo 'novelty' không dùng cửa sổ '60m',,3,
novelty_night_pair_7d,novelty,night,pair,7d,dropped_r2,không nhắm kịch bản nào ở mục 5.2,,3,"số cặp (Source, LogHost) trong sự kiện ngoài giờ (18h–7h) hôm nay chưa xuất hiện trong 7 ngày lịch trước"
novelty_night_pair_14d,novelty,night,pair,14d,dropped_r2,không nhắm kịch bản nào ở mục 5.2,,4,"số cặp (Source, LogHost) trong sự kiện ngoài giờ (18h–7h) hôm nay chưa xuất hiện trong 14 ngày lịch trước"
,novelty,night,pair,hist,grammar_invalid,phép đo 'novelty' không dùng cửa sổ 'hist',,4,
,novelty,night,hour,1d,grammar_invalid,phép đo 'novelty' không dùng cửa sổ '1d',,2,
,novelty,night,hour,5m,grammar_invalid,phép đo 'novelty' không dùng cửa sổ '5m',,2,
,novelty,night,hour,15m,grammar_invalid,phép đo 'novelty' không dùng cửa sổ '15m',,2,
,novelty,night,hour,60m,grammar_invalid,phép đo 'novelty' không dùng cửa sổ '60m',,2,
,novelty,night,hour,7d,grammar_invalid,'ngoài giờ' được định nghĩa bằng chính khung giờ (vòng lặp định nghĩa),,2,
,novelty,night,hour,14d,grammar_invalid,'ngoài giờ' được định nghĩa bằng chính khung giờ (vòng lặp định nghĩa),,3,
,novelty,night,hour,hist,grammar_invalid,phép đo 'novelty' không dùng cửa sổ 'hist',,3,
,novelty,night,logon_type,1d,grammar_invalid,phép đo 'novelty' không dùng cửa sổ '1d',,2,
,novelty,night,logon_type,5m,grammar_invalid,phép đo 'novelty' không dùng cửa sổ '5m',,2,
,novelty,night,logon_type,15m,grammar_invalid,phép đo 'novelty' không dùng cửa sổ '15m',,2,
,novelty,night,logon_type,60m,grammar_invalid,phép đo 'novelty' không dùng cửa sổ '60m',,2,
novelty_night_logontype_7d,novelty,night,logon_type,7d,dropped_r2,không nhắm kịch bản nào ở mục 5.2,,2,số loại logon trong sự kiện ngoài giờ (18h–7h) hôm nay chưa xuất hiện trong 7 ngày lịch trước
novelty_night_logontype_14d,novelty,night,logon_type,14d,dropped_r2,không nhắm kịch bản nào ở mục 5.2,,3,số loại logon trong sự kiện ngoài giờ (18h–7h) hôm nay chưa xuất hiện trong 14 ngày lịch trước
,novelty,night,logon_type,hist,grammar_invalid,phép đo 'novelty' không dùng cửa sổ 'hist',,3,
,novelty,night,auth,1d,grammar_invalid,phép đo 'novelty' không dùng cửa sổ '1d',,3,
,novelty,night,auth,5m,grammar_invalid,phép đo 'novelty' không dùng cửa sổ '5m',,3,
,novelty,night,auth,15m,grammar_invalid,phép đo 'novelty' không dùng cửa sổ '15m',,3,
,novelty,night,auth,60m,grammar_invalid,phép đo 'novelty' không dùng cửa sổ '60m',,3,
novelty_night_auth_7d,novelty,night,auth,7d,dropped_r2,không nhắm kịch bản nào ở mục 5.2,,3,số gói xác thực trong sự kiện ngoài giờ (18h–7h) hôm nay chưa xuất hiện trong 7 ngày lịch trước
novelty_night_auth_14d,novelty,night,auth,14d,dropped_r2,không nhắm kịch bản nào ở mục 5.2,,4,số gói xác thực trong sự kiện ngoài giờ (18h–7h) hôm nay chưa xuất hiện trong 14 ngày lịch trước
,novelty,night,auth,hist,grammar_invalid,phép đo 'novelty' không dùng cửa sổ 'hist',,4,
,novelty,night,fail_reason,1d,grammar_invalid,phép đo 'novelty' không dùng cửa sổ '1d',,3,
,novelty,night,fail_reason,5m,grammar_invalid,phép đo 'novelty' không dùng cửa sổ '5m',,3,
,novelty,night,fail_reason,15m,grammar_invalid,phép đo 'novelty' không dùng cửa sổ '15m',,3,
,novelty,night,fail_reason,60m,grammar_invalid,phép đo 'novelty' không dùng cửa sổ '60m',,3,
,novelty,night,fail_reason,7d,grammar_invalid,FailureReason chỉ tồn tại ở 4625,,3,
,novelty,night,fail_reason,14d,grammar_invalid,FailureReason chỉ tồn tại ở 4625,,4,
,novelty,night,fail_reason,hist,grammar_invalid,phép đo 'novelty' không dùng cửa sổ 'hist',,4,
,novelty_share,all,event,1d,grammar_invalid,phép đo 'novelty_share' không dùng cửa sổ '1d',,1,
,novelty_share,all,event,5m,grammar_invalid,phép đo 'novelty_share' không dùng cửa sổ '5m',,1,
,novelty_share,all,event,15m,grammar_invalid,phép đo 'novelty_share' không dùng cửa sổ '15m',,1,
,novelty_share,all,event,60m,grammar_invalid,phép đo 'novelty_share' không dùng cửa sổ '60m',,1,
,novelty_share,all,event,7d,grammar_invalid,phép đo 'novelty_share' cần một chiều thực thể,,1,
,novelty_share,all,event,14d,grammar_invalid,phép đo 'novelty_share' cần một chiều thực thể,,2,
,novelty_share,all,event,hist,grammar_invalid,phép đo 'novelty_share' không dùng cửa sổ 'hist',,2,
,novelty_share,all,Source,1d,grammar_invalid,phép đo 'novelty_share' không dùng cửa sổ '1d',,1,
,novelty_share,all,Source,5m,grammar_invalid,phép đo 'novelty_share' không dùng cửa sổ '5m',,1,
,novelty_share,all,Source,15m,grammar_invalid,phép đo 'novelty_share' không dùng cửa sổ '15m',,1,
,novelty_share,all,Source,60m,grammar_invalid,phép đo 'novelty_share' không dùng cửa sổ '60m',,1,
novelty_share_source_7d,novelty_share,all,Source,7d,round2,,new_workstation_burst,1,tỷ lệ mọi sự kiện hôm nay thuộc máy nguồn (Source) chưa xuất hiện trong 7 ngày lịch trước
novelty_share_source_14d,novelty_share,all,Source,14d,dropped_r4,"biến thể 14d của một ứng viên 7d (v3.0: novelty nhiều cửa sổ có ρ = 0,9999; warm-up gấp đôi)",new_workstation_burst,2,tỷ lệ mọi sự kiện hôm nay thuộc máy nguồn (Source) chưa xuất hiện trong 14 ngày lịch trước
,novelty_share,all,Source,hist,grammar_invalid,phép đo 'novelty_share' không dùng cửa sổ 'hist',,2,
,novelty_share,all,LogHost,1d,grammar_invalid,phép đo 'novelty_share' không dùng cửa sổ '1d',,1,
,novelty_share,all,LogHost,5m,grammar_invalid,phép đo 'novelty_share' không dùng cửa sổ '5m',,1,
,novelty_share,all,LogHost,15m,grammar_invalid,phép đo 'novelty_share' không dùng cửa sổ '15m',,1,
,novelty_share,all,LogHost,60m,grammar_invalid,phép đo 'novelty_share' không dùng cửa sổ '60m',,1,
novelty_share_host_7d,novelty_share,all,LogHost,7d,round2,,lateral_fanout,1,tỷ lệ mọi sự kiện hôm nay thuộc máy đích (LogHost) chưa xuất hiện trong 7 ngày lịch trước
novelty_share_host_14d,novelty_share,all,LogHost,14d,dropped_r4,"biến thể 14d của một ứng viên 7d (v3.0: novelty nhiều cửa sổ có ρ = 0,9999; warm-up gấp đôi)",lateral_fanout,2,tỷ lệ mọi sự kiện hôm nay thuộc máy đích (LogHost) chưa xuất hiện trong 14 ngày lịch trước
,novelty_share,all,LogHost,hist,grammar_invalid,phép đo 'novelty_share' không dùng cửa sổ 'hist',,2,
,novelty_share,all,pair,1d,grammar_invalid,phép đo 'novelty_share' không dùng cửa sổ '1d',,2,
,novelty_share,all,pair,5m,grammar_invalid,phép đo 'novelty_share' không dùng cửa sổ '5m',,2,
,novelty_share,all,pair,15m,grammar_invalid,phép đo 'novelty_share' không dùng cửa sổ '15m',,2,
,novelty_share,all,pair,60m,grammar_invalid,phép đo 'novelty_share' không dùng cửa sổ '60m',,2,
novelty_share_pair_7d,novelty_share,all,pair,7d,round2,,"lateral_fanout,new_workstation_burst",2,"tỷ lệ mọi sự kiện hôm nay thuộc cặp (Source, LogHost) chưa xuất hiện trong 7 ngày lịch trước"
novelty_share_pair_14d,novelty_share,all,pair,14d,dropped_r4,"biến thể 14d của một ứng viên 7d (v3.0: novelty nhiều cửa sổ có ρ = 0,9999; warm-up gấp đôi)","lateral_fanout,new_workstation_burst",3,"tỷ lệ mọi sự kiện hôm nay thuộc cặp (Source, LogHost) chưa xuất hiện trong 14 ngày lịch trước"
,novelty_share,all,pair,hist,grammar_invalid,phép đo 'novelty_share' không dùng cửa sổ 'hist',,3,
,novelty_share,all,hour,1d,grammar_invalid,phép đo 'novelty_share' không dùng cửa sổ '1d',,1,
,novelty_share,all,hour,5m,grammar_invalid,phép đo 'novelty_share' không dùng cửa sổ '5m',,1,
,novelty_share,all,hour,15m,grammar_invalid,phép đo 'novelty_share' không dùng cửa sổ '15m',,1,
,novelty_share,all,hour,60m,grammar_invalid,phép đo 'novelty_share' không dùng cửa sổ '60m',,1,
novelty_share_hour_7d,novelty_share,all,hour,7d,round2,,off_hours,1,tỷ lệ mọi sự kiện hôm nay thuộc khung giờ chưa xuất hiện trong 7 ngày lịch trước
novelty_share_hour_14d,novelty_share,all,hour,14d,dropped_r4,"biến thể 14d của một ứng viên 7d (v3.0: novelty nhiều cửa sổ có ρ = 0,9999; warm-up gấp đôi)",off_hours,2,tỷ lệ mọi sự kiện hôm nay thuộc khung giờ chưa xuất hiện trong 14 ngày lịch trước
,novelty_share,all,hour,hist,grammar_invalid,phép đo 'novelty_share' không dùng cửa sổ 'hist',,2,
,novelty_share,all,logon_type,1d,grammar_invalid,phép đo 'novelty_share' không dùng cửa sổ '1d',,1,
,novelty_share,all,logon_type,5m,grammar_invalid,phép đo 'novelty_share' không dùng cửa sổ '5m',,1,
,novelty_share,all,logon_type,15m,grammar_invalid,phép đo 'novelty_share' không dùng cửa sổ '15m',,1,
,novelty_share,all,logon_type,60m,grammar_invalid,phép đo 'novelty_share' không dùng cửa sổ '60m',,1,
novelty_share_logontype_7d,novelty_share,all,logon_type,7d,round2,,logon_type_switch,1,tỷ lệ mọi sự kiện hôm nay thuộc loại logon chưa xuất hiện trong 7 ngày lịch trước
novelty_share_logontype_14d,novelty_share,all,logon_type,14d,dropped_r4,"biến thể 14d của một ứng viên 7d (v3.0: novelty nhiều cửa sổ có ρ = 0,9999; warm-up gấp đôi)",logon_type_switch,2,tỷ lệ mọi sự kiện hôm nay thuộc loại logon chưa xuất hiện trong 14 ngày lịch trước
,novelty_share,all,logon_type,hist,grammar_invalid,phép đo 'novelty_share' không dùng cửa sổ 'hist',,2,
,novelty_share,all,auth,1d,grammar_invalid,phép đo 'novelty_share' không dùng cửa sổ '1d',,2,
,novelty_share,all,auth,5m,grammar_invalid,phép đo 'novelty_share' không dùng cửa sổ '5m',,2,
,novelty_share,all,auth,15m,grammar_invalid,phép đo 'novelty_share' không dùng cửa sổ '15m',,2,
,novelty_share,all,auth,60m,grammar_invalid,phép đo 'novelty_share' không dùng cửa sổ '60m',,2,
novelty_share_auth_7d,novelty_share,all,auth,7d,dropped_r2,không nhắm kịch bản nào ở mục 5.2,,2,tỷ lệ mọi sự kiện hôm nay thuộc gói xác thực chưa xuất hiện trong 7 ngày lịch trước
novelty_share_auth_14d,novelty_share,all,auth,14d,dropped_r2,không nhắm kịch bản nào ở mục 5.2,,3,tỷ lệ mọi sự kiện hôm nay thuộc gói xác thực chưa xuất hiện trong 14 ngày lịch trước
,novelty_share,all,auth,hist,grammar_invalid,phép đo 'novelty_share' không dùng cửa sổ 'hist',,3,
,novelty_share,all,fail_reason,1d,grammar_invalid,phép đo 'novelty_share' không dùng cửa sổ '1d',,2,
,novelty_share,all,fail_reason,5m,grammar_invalid,phép đo 'novelty_share' không dùng cửa sổ '5m',,2,
,novelty_share,all,fail_reason,15m,grammar_invalid,phép đo 'novelty_share' không dùng cửa sổ '15m',,2,
,novelty_share,all,fail_reason,60m,grammar_invalid,phép đo 'novelty_share' không dùng cửa sổ '60m',,2,
,novelty_share,all,fail_reason,7d,grammar_invalid,FailureReason chỉ tồn tại ở 4625,,2,
,novelty_share,all,fail_reason,14d,grammar_invalid,FailureReason chỉ tồn tại ở 4625,,3,
,novelty_share,all,fail_reason,hist,grammar_invalid,phép đo 'novelty_share' không dùng cửa sổ 'hist',,3,
,novelty_share,fail,event,1d,grammar_invalid,phép đo 'novelty_share' không dùng cửa sổ '1d',,2,
,novelty_share,fail,event,5m,grammar_invalid,phép đo 'novelty_share' không dùng cửa sổ '5m',,2,
,novelty_share,fail,event,15m,grammar_invalid,phép đo 'novelty_share' không dùng cửa sổ '15m',,2,
,novelty_share,fail,event,60m,grammar_invalid,phép đo 'novelty_share' không dùng cửa sổ '60m',,2,
,novelty_share,fail,event,7d,grammar_invalid,phép đo 'novelty_share' cần một chiều thực thể,,2,
,novelty_share,fail,event,14d,grammar_invalid,phép đo 'novelty_share' cần một chiều thực thể,,3,
,novelty_share,fail,event,hist,grammar_invalid,phép đo 'novelty_share' không dùng cửa sổ 'hist',,3,
,novelty_share,fail,Source,1d,grammar_invalid,phép đo 'novelty_share' không dùng cửa sổ '1d',,2,
,novelty_share,fail,Source,5m,grammar_invalid,phép đo 'novelty_share' không dùng cửa sổ '5m',,2,
,novelty_share,fail,Source,15m,grammar_invalid,phép đo 'novelty_share' không dùng cửa sổ '15m',,2,
,novelty_share,fail,Source,60m,grammar_invalid,phép đo 'novelty_share' không dùng cửa sổ '60m',,2,
novelty_share_fail_source_7d,novelty_share,fail,Source,7d,round2,,"brute_force,password_spraying",2,tỷ lệ đăng nhập thất bại (4625) hôm nay thuộc máy nguồn (Source) chưa xuất hiện trong 7 ngày lịch trước
novelty_share_fail_source_14d,novelty_share,fail,Source,14d,dropped_r4,"biến thể 14d của một ứng viên 7d (v3.0: novelty nhiều cửa sổ có ρ = 0,9999; warm-up gấp đôi)","brute_force,password_spraying",3,tỷ lệ đăng nhập thất bại (4625) hôm nay thuộc máy nguồn (Source) chưa xuất hiện trong 14 ngày lịch trước
,novelty_share,fail,Source,hist,grammar_invalid,phép đo 'novelty_share' không dùng cửa sổ 'hist',,3,
,novelty_share,fail,LogHost,1d,grammar_invalid,phép đo 'novelty_share' không dùng cửa sổ '1d',,2,
,novelty_share,fail,LogHost,5m,grammar_invalid,phép đo 'novelty_share' không dùng cửa sổ '5m',,2,
,novelty_share,fail,LogHost,15m,grammar_invalid,phép đo 'novelty_share' không dùng cửa sổ '15m',,2,
,novelty_share,fail,LogHost,60m,grammar_invalid,phép đo 'novelty_share' không dùng cửa sổ '60m',,2,
novelty_share_fail_host_7d,novelty_share,fail,LogHost,7d,round2,,"brute_force,password_spraying",2,tỷ lệ đăng nhập thất bại (4625) hôm nay thuộc máy đích (LogHost) chưa xuất hiện trong 7 ngày lịch trước
novelty_share_fail_host_14d,novelty_share,fail,LogHost,14d,dropped_r4,"biến thể 14d của một ứng viên 7d (v3.0: novelty nhiều cửa sổ có ρ = 0,9999; warm-up gấp đôi)","brute_force,password_spraying",3,tỷ lệ đăng nhập thất bại (4625) hôm nay thuộc máy đích (LogHost) chưa xuất hiện trong 14 ngày lịch trước
,novelty_share,fail,LogHost,hist,grammar_invalid,phép đo 'novelty_share' không dùng cửa sổ 'hist',,3,
,novelty_share,fail,pair,1d,grammar_invalid,phép đo 'novelty_share' không dùng cửa sổ '1d',,3,
,novelty_share,fail,pair,5m,grammar_invalid,phép đo 'novelty_share' không dùng cửa sổ '5m',,3,
,novelty_share,fail,pair,15m,grammar_invalid,phép đo 'novelty_share' không dùng cửa sổ '15m',,3,
,novelty_share,fail,pair,60m,grammar_invalid,phép đo 'novelty_share' không dùng cửa sổ '60m',,3,
novelty_share_fail_pair_7d,novelty_share,fail,pair,7d,round2,,"brute_force,password_spraying",3,"tỷ lệ đăng nhập thất bại (4625) hôm nay thuộc cặp (Source, LogHost) chưa xuất hiện trong 7 ngày lịch trước"
novelty_share_fail_pair_14d,novelty_share,fail,pair,14d,dropped_r3,cần 4 đơn vị giải thích (> 3): không đọc được bằng một câu ngắn,"brute_force,password_spraying",4,"tỷ lệ đăng nhập thất bại (4625) hôm nay thuộc cặp (Source, LogHost) chưa xuất hiện trong 14 ngày lịch trước"
,novelty_share,fail,pair,hist,grammar_invalid,phép đo 'novelty_share' không dùng cửa sổ 'hist',,4,
,novelty_share,fail,hour,1d,grammar_invalid,phép đo 'novelty_share' không dùng cửa sổ '1d',,2,
,novelty_share,fail,hour,5m,grammar_invalid,phép đo 'novelty_share' không dùng cửa sổ '5m',,2,
,novelty_share,fail,hour,15m,grammar_invalid,phép đo 'novelty_share' không dùng cửa sổ '15m',,2,
,novelty_share,fail,hour,60m,grammar_invalid,phép đo 'novelty_share' không dùng cửa sổ '60m',,2,
novelty_share_fail_hour_7d,novelty_share,fail,hour,7d,dropped_r2,không nhắm kịch bản nào ở mục 5.2,,2,tỷ lệ đăng nhập thất bại (4625) hôm nay thuộc khung giờ chưa xuất hiện trong 7 ngày lịch trước
novelty_share_fail_hour_14d,novelty_share,fail,hour,14d,dropped_r2,không nhắm kịch bản nào ở mục 5.2,,3,tỷ lệ đăng nhập thất bại (4625) hôm nay thuộc khung giờ chưa xuất hiện trong 14 ngày lịch trước
,novelty_share,fail,hour,hist,grammar_invalid,phép đo 'novelty_share' không dùng cửa sổ 'hist',,3,
,novelty_share,fail,logon_type,1d,grammar_invalid,phép đo 'novelty_share' không dùng cửa sổ '1d',,2,
,novelty_share,fail,logon_type,5m,grammar_invalid,phép đo 'novelty_share' không dùng cửa sổ '5m',,2,
,novelty_share,fail,logon_type,15m,grammar_invalid,phép đo 'novelty_share' không dùng cửa sổ '15m',,2,
,novelty_share,fail,logon_type,60m,grammar_invalid,phép đo 'novelty_share' không dùng cửa sổ '60m',,2,
novelty_share_fail_logontype_7d,novelty_share,fail,logon_type,7d,dropped_r2,không nhắm kịch bản nào ở mục 5.2,,2,tỷ lệ đăng nhập thất bại (4625) hôm nay thuộc loại logon chưa xuất hiện trong 7 ngày lịch trước
novelty_share_fail_logontype_14d,novelty_share,fail,logon_type,14d,dropped_r2,không nhắm kịch bản nào ở mục 5.2,,3,tỷ lệ đăng nhập thất bại (4625) hôm nay thuộc loại logon chưa xuất hiện trong 14 ngày lịch trước
,novelty_share,fail,logon_type,hist,grammar_invalid,phép đo 'novelty_share' không dùng cửa sổ 'hist',,3,
,novelty_share,fail,auth,1d,grammar_invalid,phép đo 'novelty_share' không dùng cửa sổ '1d',,3,
,novelty_share,fail,auth,5m,grammar_invalid,phép đo 'novelty_share' không dùng cửa sổ '5m',,3,
,novelty_share,fail,auth,15m,grammar_invalid,phép đo 'novelty_share' không dùng cửa sổ '15m',,3,
,novelty_share,fail,auth,60m,grammar_invalid,phép đo 'novelty_share' không dùng cửa sổ '60m',,3,
novelty_share_fail_auth_7d,novelty_share,fail,auth,7d,dropped_r2,không nhắm kịch bản nào ở mục 5.2,,3,tỷ lệ đăng nhập thất bại (4625) hôm nay thuộc gói xác thực chưa xuất hiện trong 7 ngày lịch trước
novelty_share_fail_auth_14d,novelty_share,fail,auth,14d,dropped_r2,không nhắm kịch bản nào ở mục 5.2,,4,tỷ lệ đăng nhập thất bại (4625) hôm nay thuộc gói xác thực chưa xuất hiện trong 14 ngày lịch trước
,novelty_share,fail,auth,hist,grammar_invalid,phép đo 'novelty_share' không dùng cửa sổ 'hist',,4,
,novelty_share,fail,fail_reason,1d,grammar_invalid,phép đo 'novelty_share' không dùng cửa sổ '1d',,3,
,novelty_share,fail,fail_reason,5m,grammar_invalid,phép đo 'novelty_share' không dùng cửa sổ '5m',,3,
,novelty_share,fail,fail_reason,15m,grammar_invalid,phép đo 'novelty_share' không dùng cửa sổ '15m',,3,
,novelty_share,fail,fail_reason,60m,grammar_invalid,phép đo 'novelty_share' không dùng cửa sổ '60m',,3,
novelty_share_fail_failreason_7d,novelty_share,fail,fail_reason,7d,round2,,brute_force,3,tỷ lệ đăng nhập thất bại (4625) hôm nay thuộc lý do thất bại chưa xuất hiện trong 7 ngày lịch trước
novelty_share_fail_failreason_14d,novelty_share,fail,fail_reason,14d,dropped_r3,cần 4 đơn vị giải thích (> 3): không đọc được bằng một câu ngắn,brute_force,4,tỷ lệ đăng nhập thất bại (4625) hôm nay thuộc lý do thất bại chưa xuất hiện trong 14 ngày lịch trước
,novelty_share,fail,fail_reason,hist,grammar_invalid,phép đo 'novelty_share' không dùng cửa sổ 'hist',,4,
,novelty_share,success,event,1d,grammar_invalid,phép đo 'novelty_share' không dùng cửa sổ '1d',,2,
,novelty_share,success,event,5m,grammar_invalid,phép đo 'novelty_share' không dùng cửa sổ '5m',,2,
,novelty_share,success,event,15m,grammar_invalid,phép đo 'novelty_share' không dùng cửa sổ '15m',,2,
,novelty_share,success,event,60m,grammar_invalid,phép đo 'novelty_share' không dùng cửa sổ '60m',,2,
,novelty_share,success,event,7d,grammar_invalid,phép đo 'novelty_share' cần một chiều thực thể,,2,
,novelty_share,success,event,14d,grammar_invalid,phép đo 'novelty_share' cần một chiều thực thể,,3,
,novelty_share,success,event,hist,grammar_invalid,phép đo 'novelty_share' không dùng cửa sổ 'hist',,3,
,novelty_share,success,Source,1d,grammar_invalid,phép đo 'novelty_share' không dùng cửa sổ '1d',,2,
,novelty_share,success,Source,5m,grammar_invalid,phép đo 'novelty_share' không dùng cửa sổ '5m',,2,
,novelty_share,success,Source,15m,grammar_invalid,phép đo 'novelty_share' không dùng cửa sổ '15m',,2,
,novelty_share,success,Source,60m,grammar_invalid,phép đo 'novelty_share' không dùng cửa sổ '60m',,2,
novelty_share_success_source_7d,novelty_share,success,Source,7d,round2,,new_workstation_burst,2,tỷ lệ đăng nhập thành công (4624) hôm nay thuộc máy nguồn (Source) chưa xuất hiện trong 7 ngày lịch trước
novelty_share_success_source_14d,novelty_share,success,Source,14d,dropped_r4,"biến thể 14d của một ứng viên 7d (v3.0: novelty nhiều cửa sổ có ρ = 0,9999; warm-up gấp đôi)",new_workstation_burst,3,tỷ lệ đăng nhập thành công (4624) hôm nay thuộc máy nguồn (Source) chưa xuất hiện trong 14 ngày lịch trước
,novelty_share,success,Source,hist,grammar_invalid,phép đo 'novelty_share' không dùng cửa sổ 'hist',,3,
,novelty_share,success,LogHost,1d,grammar_invalid,phép đo 'novelty_share' không dùng cửa sổ '1d',,2,
,novelty_share,success,LogHost,5m,grammar_invalid,phép đo 'novelty_share' không dùng cửa sổ '5m',,2,
,novelty_share,success,LogHost,15m,grammar_invalid,phép đo 'novelty_share' không dùng cửa sổ '15m',,2,
,novelty_share,success,LogHost,60m,grammar_invalid,phép đo 'novelty_share' không dùng cửa sổ '60m',,2,
novelty_share_success_host_7d,novelty_share,success,LogHost,7d,round2,,lateral_fanout,2,tỷ lệ đăng nhập thành công (4624) hôm nay thuộc máy đích (LogHost) chưa xuất hiện trong 7 ngày lịch trước
novelty_share_success_host_14d,novelty_share,success,LogHost,14d,dropped_r4,"biến thể 14d của một ứng viên 7d (v3.0: novelty nhiều cửa sổ có ρ = 0,9999; warm-up gấp đôi)",lateral_fanout,3,tỷ lệ đăng nhập thành công (4624) hôm nay thuộc máy đích (LogHost) chưa xuất hiện trong 14 ngày lịch trước
,novelty_share,success,LogHost,hist,grammar_invalid,phép đo 'novelty_share' không dùng cửa sổ 'hist',,3,
,novelty_share,success,pair,1d,grammar_invalid,phép đo 'novelty_share' không dùng cửa sổ '1d',,3,
,novelty_share,success,pair,5m,grammar_invalid,phép đo 'novelty_share' không dùng cửa sổ '5m',,3,
,novelty_share,success,pair,15m,grammar_invalid,phép đo 'novelty_share' không dùng cửa sổ '15m',,3,
,novelty_share,success,pair,60m,grammar_invalid,phép đo 'novelty_share' không dùng cửa sổ '60m',,3,
novelty_share_success_pair_7d,novelty_share,success,pair,7d,round2,,"lateral_fanout,new_workstation_burst",3,"tỷ lệ đăng nhập thành công (4624) hôm nay thuộc cặp (Source, LogHost) chưa xuất hiện trong 7 ngày lịch trước"
novelty_share_success_pair_14d,novelty_share,success,pair,14d,dropped_r3,cần 4 đơn vị giải thích (> 3): không đọc được bằng một câu ngắn,"lateral_fanout,new_workstation_burst",4,"tỷ lệ đăng nhập thành công (4624) hôm nay thuộc cặp (Source, LogHost) chưa xuất hiện trong 14 ngày lịch trước"
,novelty_share,success,pair,hist,grammar_invalid,phép đo 'novelty_share' không dùng cửa sổ 'hist',,4,
,novelty_share,success,hour,1d,grammar_invalid,phép đo 'novelty_share' không dùng cửa sổ '1d',,2,
,novelty_share,success,hour,5m,grammar_invalid,phép đo 'novelty_share' không dùng cửa sổ '5m',,2,
,novelty_share,success,hour,15m,grammar_invalid,phép đo 'novelty_share' không dùng cửa sổ '15m',,2,
,novelty_share,success,hour,60m,grammar_invalid,phép đo 'novelty_share' không dùng cửa sổ '60m',,2,
novelty_share_success_hour_7d,novelty_share,success,hour,7d,round2,,off_hours,2,tỷ lệ đăng nhập thành công (4624) hôm nay thuộc khung giờ chưa xuất hiện trong 7 ngày lịch trước
novelty_share_success_hour_14d,novelty_share,success,hour,14d,dropped_r4,"biến thể 14d của một ứng viên 7d (v3.0: novelty nhiều cửa sổ có ρ = 0,9999; warm-up gấp đôi)",off_hours,3,tỷ lệ đăng nhập thành công (4624) hôm nay thuộc khung giờ chưa xuất hiện trong 14 ngày lịch trước
,novelty_share,success,hour,hist,grammar_invalid,phép đo 'novelty_share' không dùng cửa sổ 'hist',,3,
,novelty_share,success,logon_type,1d,grammar_invalid,phép đo 'novelty_share' không dùng cửa sổ '1d',,2,
,novelty_share,success,logon_type,5m,grammar_invalid,phép đo 'novelty_share' không dùng cửa sổ '5m',,2,
,novelty_share,success,logon_type,15m,grammar_invalid,phép đo 'novelty_share' không dùng cửa sổ '15m',,2,
,novelty_share,success,logon_type,60m,grammar_invalid,phép đo 'novelty_share' không dùng cửa sổ '60m',,2,
novelty_share_success_logontype_7d,novelty_share,success,logon_type,7d,round2,,logon_type_switch,2,tỷ lệ đăng nhập thành công (4624) hôm nay thuộc loại logon chưa xuất hiện trong 7 ngày lịch trước
novelty_share_success_logontype_14d,novelty_share,success,logon_type,14d,dropped_r4,"biến thể 14d của một ứng viên 7d (v3.0: novelty nhiều cửa sổ có ρ = 0,9999; warm-up gấp đôi)",logon_type_switch,3,tỷ lệ đăng nhập thành công (4624) hôm nay thuộc loại logon chưa xuất hiện trong 14 ngày lịch trước
,novelty_share,success,logon_type,hist,grammar_invalid,phép đo 'novelty_share' không dùng cửa sổ 'hist',,3,
,novelty_share,success,auth,1d,grammar_invalid,phép đo 'novelty_share' không dùng cửa sổ '1d',,3,
,novelty_share,success,auth,5m,grammar_invalid,phép đo 'novelty_share' không dùng cửa sổ '5m',,3,
,novelty_share,success,auth,15m,grammar_invalid,phép đo 'novelty_share' không dùng cửa sổ '15m',,3,
,novelty_share,success,auth,60m,grammar_invalid,phép đo 'novelty_share' không dùng cửa sổ '60m',,3,
novelty_share_success_auth_7d,novelty_share,success,auth,7d,dropped_r2,không nhắm kịch bản nào ở mục 5.2,,3,tỷ lệ đăng nhập thành công (4624) hôm nay thuộc gói xác thực chưa xuất hiện trong 7 ngày lịch trước
novelty_share_success_auth_14d,novelty_share,success,auth,14d,dropped_r2,không nhắm kịch bản nào ở mục 5.2,,4,tỷ lệ đăng nhập thành công (4624) hôm nay thuộc gói xác thực chưa xuất hiện trong 14 ngày lịch trước
,novelty_share,success,auth,hist,grammar_invalid,phép đo 'novelty_share' không dùng cửa sổ 'hist',,4,
,novelty_share,success,fail_reason,1d,grammar_invalid,phép đo 'novelty_share' không dùng cửa sổ '1d',,3,
,novelty_share,success,fail_reason,5m,grammar_invalid,phép đo 'novelty_share' không dùng cửa sổ '5m',,3,
,novelty_share,success,fail_reason,15m,grammar_invalid,phép đo 'novelty_share' không dùng cửa sổ '15m',,3,
,novelty_share,success,fail_reason,60m,grammar_invalid,phép đo 'novelty_share' không dùng cửa sổ '60m',,3,
,novelty_share,success,fail_reason,7d,grammar_invalid,FailureReason chỉ tồn tại ở 4625,,3,
,novelty_share,success,fail_reason,14d,grammar_invalid,FailureReason chỉ tồn tại ở 4625,,4,
,novelty_share,success,fail_reason,hist,grammar_invalid,phép đo 'novelty_share' không dùng cửa sổ 'hist',,4,
,novelty_share,night,event,1d,grammar_invalid,phép đo 'novelty_share' không dùng cửa sổ '1d',,2,
,novelty_share,night,event,5m,grammar_invalid,phép đo 'novelty_share' không dùng cửa sổ '5m',,2,
,novelty_share,night,event,15m,grammar_invalid,phép đo 'novelty_share' không dùng cửa sổ '15m',,2,
,novelty_share,night,event,60m,grammar_invalid,phép đo 'novelty_share' không dùng cửa sổ '60m',,2,
,novelty_share,night,event,7d,grammar_invalid,phép đo 'novelty_share' cần một chiều thực thể,,2,
,novelty_share,night,event,14d,grammar_invalid,phép đo 'novelty_share' cần một chiều thực thể,,3,
,novelty_share,night,event,hist,grammar_invalid,phép đo 'novelty_share' không dùng cửa sổ 'hist',,3,
,novelty_share,night,Source,1d,grammar_invalid,phép đo 'novelty_share' không dùng cửa sổ '1d',,2,
,novelty_share,night,Source,5m,grammar_invalid,phép đo 'novelty_share' không dùng cửa sổ '5m',,2,
,novelty_share,night,Source,15m,grammar_invalid,phép đo 'novelty_share' không dùng cửa sổ '15m',,2,
,novelty_share,night,Source,60m,grammar_invalid,phép đo 'novelty_share' không dùng cửa sổ '60m',,2,
novelty_share_night_source_7d,novelty_share,night,Source,7d,dropped_r2,không nhắm kịch bản nào ở mục 5.2,,2,tỷ lệ sự kiện ngoài giờ (18h–7h) hôm nay thuộc máy nguồn (Source) chưa xuất hiện trong 7 ngày lịch trước
novelty_share_night_source_14d,novelty_share,night,Source,14d,dropped_r2,không nhắm kịch bản nào ở mục 5.2,,3,tỷ lệ sự kiện ngoài giờ (18h–7h) hôm nay thuộc máy nguồn (Source) chưa xuất hiện trong 14 ngày lịch trước
,novelty_share,night,Source,hist,grammar_invalid,phép đo 'novelty_share' không dùng cửa sổ 'hist',,3,
,novelty_share,night,LogHost,1d,grammar_invalid,phép đo 'novelty_share' không dùng cửa sổ '1d',,2,
,novelty_share,night,LogHost,5m,grammar_invalid,phép đo 'novelty_share' không dùng cửa sổ '5m',,2,
,novelty_share,night,LogHost,15m,grammar_invalid,phép đo 'novelty_share' không dùng cửa sổ '15m',,2,
,novelty_share,night,LogHost,60m,grammar_invalid,phép đo 'novelty_share' không dùng cửa sổ '60m',,2,
novelty_share_night_host_7d,novelty_share,night,LogHost,7d,dropped_r2,không nhắm kịch bản nào ở mục 5.2,,2,tỷ lệ sự kiện ngoài giờ (18h–7h) hôm nay thuộc máy đích (LogHost) chưa xuất hiện trong 7 ngày lịch trước
novelty_share_night_host_14d,novelty_share,night,LogHost,14d,dropped_r2,không nhắm kịch bản nào ở mục 5.2,,3,tỷ lệ sự kiện ngoài giờ (18h–7h) hôm nay thuộc máy đích (LogHost) chưa xuất hiện trong 14 ngày lịch trước
,novelty_share,night,LogHost,hist,grammar_invalid,phép đo 'novelty_share' không dùng cửa sổ 'hist',,3,
,novelty_share,night,pair,1d,grammar_invalid,phép đo 'novelty_share' không dùng cửa sổ '1d',,3,
,novelty_share,night,pair,5m,grammar_invalid,phép đo 'novelty_share' không dùng cửa sổ '5m',,3,
,novelty_share,night,pair,15m,grammar_invalid,phép đo 'novelty_share' không dùng cửa sổ '15m',,3,
,novelty_share,night,pair,60m,grammar_invalid,phép đo 'novelty_share' không dùng cửa sổ '60m',,3,
novelty_share_night_pair_7d,novelty_share,night,pair,7d,dropped_r2,không nhắm kịch bản nào ở mục 5.2,,3,"tỷ lệ sự kiện ngoài giờ (18h–7h) hôm nay thuộc cặp (Source, LogHost) chưa xuất hiện trong 7 ngày lịch trước"
novelty_share_night_pair_14d,novelty_share,night,pair,14d,dropped_r2,không nhắm kịch bản nào ở mục 5.2,,4,"tỷ lệ sự kiện ngoài giờ (18h–7h) hôm nay thuộc cặp (Source, LogHost) chưa xuất hiện trong 14 ngày lịch trước"
,novelty_share,night,pair,hist,grammar_invalid,phép đo 'novelty_share' không dùng cửa sổ 'hist',,4,
,novelty_share,night,hour,1d,grammar_invalid,phép đo 'novelty_share' không dùng cửa sổ '1d',,2,
,novelty_share,night,hour,5m,grammar_invalid,phép đo 'novelty_share' không dùng cửa sổ '5m',,2,
,novelty_share,night,hour,15m,grammar_invalid,phép đo 'novelty_share' không dùng cửa sổ '15m',,2,
,novelty_share,night,hour,60m,grammar_invalid,phép đo 'novelty_share' không dùng cửa sổ '60m',,2,
,novelty_share,night,hour,7d,grammar_invalid,'ngoài giờ' được định nghĩa bằng chính khung giờ (vòng lặp định nghĩa),,2,
,novelty_share,night,hour,14d,grammar_invalid,'ngoài giờ' được định nghĩa bằng chính khung giờ (vòng lặp định nghĩa),,3,
,novelty_share,night,hour,hist,grammar_invalid,phép đo 'novelty_share' không dùng cửa sổ 'hist',,3,
,novelty_share,night,logon_type,1d,grammar_invalid,phép đo 'novelty_share' không dùng cửa sổ '1d',,2,
,novelty_share,night,logon_type,5m,grammar_invalid,phép đo 'novelty_share' không dùng cửa sổ '5m',,2,
,novelty_share,night,logon_type,15m,grammar_invalid,phép đo 'novelty_share' không dùng cửa sổ '15m',,2,
,novelty_share,night,logon_type,60m,grammar_invalid,phép đo 'novelty_share' không dùng cửa sổ '60m',,2,
novelty_share_night_logontype_7d,novelty_share,night,logon_type,7d,dropped_r2,không nhắm kịch bản nào ở mục 5.2,,2,tỷ lệ sự kiện ngoài giờ (18h–7h) hôm nay thuộc loại logon chưa xuất hiện trong 7 ngày lịch trước
novelty_share_night_logontype_14d,novelty_share,night,logon_type,14d,dropped_r2,không nhắm kịch bản nào ở mục 5.2,,3,tỷ lệ sự kiện ngoài giờ (18h–7h) hôm nay thuộc loại logon chưa xuất hiện trong 14 ngày lịch trước
,novelty_share,night,logon_type,hist,grammar_invalid,phép đo 'novelty_share' không dùng cửa sổ 'hist',,3,
,novelty_share,night,auth,1d,grammar_invalid,phép đo 'novelty_share' không dùng cửa sổ '1d',,3,
,novelty_share,night,auth,5m,grammar_invalid,phép đo 'novelty_share' không dùng cửa sổ '5m',,3,
,novelty_share,night,auth,15m,grammar_invalid,phép đo 'novelty_share' không dùng cửa sổ '15m',,3,
,novelty_share,night,auth,60m,grammar_invalid,phép đo 'novelty_share' không dùng cửa sổ '60m',,3,
novelty_share_night_auth_7d,novelty_share,night,auth,7d,dropped_r2,không nhắm kịch bản nào ở mục 5.2,,3,tỷ lệ sự kiện ngoài giờ (18h–7h) hôm nay thuộc gói xác thực chưa xuất hiện trong 7 ngày lịch trước
novelty_share_night_auth_14d,novelty_share,night,auth,14d,dropped_r2,không nhắm kịch bản nào ở mục 5.2,,4,tỷ lệ sự kiện ngoài giờ (18h–7h) hôm nay thuộc gói xác thực chưa xuất hiện trong 14 ngày lịch trước
,novelty_share,night,auth,hist,grammar_invalid,phép đo 'novelty_share' không dùng cửa sổ 'hist',,4,
,novelty_share,night,fail_reason,1d,grammar_invalid,phép đo 'novelty_share' không dùng cửa sổ '1d',,3,
,novelty_share,night,fail_reason,5m,grammar_invalid,phép đo 'novelty_share' không dùng cửa sổ '5m',,3,
,novelty_share,night,fail_reason,15m,grammar_invalid,phép đo 'novelty_share' không dùng cửa sổ '15m',,3,
,novelty_share,night,fail_reason,60m,grammar_invalid,phép đo 'novelty_share' không dùng cửa sổ '60m',,3,
,novelty_share,night,fail_reason,7d,grammar_invalid,FailureReason chỉ tồn tại ở 4625,,3,
,novelty_share,night,fail_reason,14d,grammar_invalid,FailureReason chỉ tồn tại ở 4625,,4,
,novelty_share,night,fail_reason,hist,grammar_invalid,phép đo 'novelty_share' không dùng cửa sổ 'hist',,4,
,jaccard,all,event,1d,grammar_invalid,phép đo 'jaccard' không dùng cửa sổ '1d',,2,
,jaccard,all,event,5m,grammar_invalid,phép đo 'jaccard' không dùng cửa sổ '5m',,2,
,jaccard,all,event,15m,grammar_invalid,phép đo 'jaccard' không dùng cửa sổ '15m',,2,
,jaccard,all,event,60m,grammar_invalid,phép đo 'jaccard' không dùng cửa sổ '60m',,2,
,jaccard,all,event,7d,grammar_invalid,phép đo 'jaccard' cần một chiều thực thể,,2,
,jaccard,all,event,14d,grammar_invalid,phép đo 'jaccard' cần một chiều thực thể,,3,
,jaccard,all,event,hist,grammar_invalid,phép đo 'jaccard' không dùng cửa sổ 'hist',,3,
,jaccard,all,Source,1d,grammar_invalid,phép đo 'jaccard' không dùng cửa sổ '1d',,2,
,jaccard,all,Source,5m,grammar_invalid,phép đo 'jaccard' không dùng cửa sổ '5m',,2,
,jaccard,all,Source,15m,grammar_invalid,phép đo 'jaccard' không dùng cửa sổ '15m',,2,
,jaccard,all,Source,60m,grammar_invalid,phép đo 'jaccard' không dùng cửa sổ '60m',,2,
jaccard_source_7d,jaccard,all,Source,7d,round2,,new_workstation_burst,2,độ trùng (Jaccard) giữa tập máy nguồn (Source) hôm nay và tập máy nguồn (Source) của 7 ngày lịch trước (mọi sự kiện)
jaccard_source_14d,jaccard,all,Source,14d,dropped_r4,"biến thể 14d của một ứng viên 7d (v3.0: novelty nhiều cửa sổ có ρ = 0,9999; warm-up gấp đôi)",new_workstation_burst,3,độ trùng (Jaccard) giữa tập máy nguồn (Source) hôm nay và tập máy nguồn (Source) của 14 ngày lịch trước (mọi sự kiện)
,jaccard,all,Source,hist,grammar_invalid,phép đo 'jaccard' không dùng cửa sổ 'hist',,3,
,jaccard,all,LogHost,1d,grammar_invalid,phép đo 'jaccard' không dùng cửa sổ '1d',,2,
,jaccard,all,LogHost,5m,grammar_invalid,phép đo 'jaccard' không dùng cửa sổ '5m',,2,
,jaccard,all,LogHost,15m,grammar_invalid,phép đo 'jaccard' không dùng cửa sổ '15m',,2,
,jaccard,all,LogHost,60m,grammar_invalid,phép đo 'jaccard' không dùng cửa sổ '60m',,2,
jaccard_host_7d,jaccard,all,LogHost,7d,round2,,lateral_fanout,2,độ trùng (Jaccard) giữa tập máy đích (LogHost) hôm nay và tập máy đích (LogHost) của 7 ngày lịch trước (mọi sự kiện)
jaccard_host_14d,jaccard,all,LogHost,14d,dropped_r4,"biến thể 14d của một ứng viên 7d (v3.0: novelty nhiều cửa sổ có ρ = 0,9999; warm-up gấp đôi)",lateral_fanout,3,độ trùng (Jaccard) giữa tập máy đích (LogHost) hôm nay và tập máy đích (LogHost) của 14 ngày lịch trước (mọi sự kiện)
,jaccard,all,LogHost,hist,grammar_invalid,phép đo 'jaccard' không dùng cửa sổ 'hist',,3,
,jaccard,all,pair,1d,grammar_invalid,phép đo 'jaccard' không dùng cửa sổ '1d',,3,
,jaccard,all,pair,5m,grammar_invalid,phép đo 'jaccard' không dùng cửa sổ '5m',,3,
,jaccard,all,pair,15m,grammar_invalid,phép đo 'jaccard' không dùng cửa sổ '15m',,3,
,jaccard,all,pair,60m,grammar_invalid,phép đo 'jaccard' không dùng cửa sổ '60m',,3,
jaccard_pair_7d,jaccard,all,pair,7d,round2,,"lateral_fanout,new_workstation_burst",3,"độ trùng (Jaccard) giữa tập cặp (Source, LogHost) hôm nay và tập cặp (Source, LogHost) của 7 ngày lịch trước (mọi sự kiện)"
jaccard_pair_14d,jaccard,all,pair,14d,dropped_r3,cần 4 đơn vị giải thích (> 3): không đọc được bằng một câu ngắn,"lateral_fanout,new_workstation_burst",4,"độ trùng (Jaccard) giữa tập cặp (Source, LogHost) hôm nay và tập cặp (Source, LogHost) của 14 ngày lịch trước (mọi sự kiện)"
,jaccard,all,pair,hist,grammar_invalid,phép đo 'jaccard' không dùng cửa sổ 'hist',,4,
,jaccard,all,hour,1d,grammar_invalid,phép đo 'jaccard' không dùng cửa sổ '1d',,2,
,jaccard,all,hour,5m,grammar_invalid,phép đo 'jaccard' không dùng cửa sổ '5m',,2,
,jaccard,all,hour,15m,grammar_invalid,phép đo 'jaccard' không dùng cửa sổ '15m',,2,
,jaccard,all,hour,60m,grammar_invalid,phép đo 'jaccard' không dùng cửa sổ '60m',,2,
jaccard_hour_7d,jaccard,all,hour,7d,round2,,off_hours,2,độ trùng (Jaccard) giữa tập khung giờ hôm nay và tập khung giờ của 7 ngày lịch trước (mọi sự kiện)
jaccard_hour_14d,jaccard,all,hour,14d,dropped_r4,"biến thể 14d của một ứng viên 7d (v3.0: novelty nhiều cửa sổ có ρ = 0,9999; warm-up gấp đôi)",off_hours,3,độ trùng (Jaccard) giữa tập khung giờ hôm nay và tập khung giờ của 14 ngày lịch trước (mọi sự kiện)
,jaccard,all,hour,hist,grammar_invalid,phép đo 'jaccard' không dùng cửa sổ 'hist',,3,
,jaccard,all,logon_type,1d,grammar_invalid,phép đo 'jaccard' không dùng cửa sổ '1d',,2,
,jaccard,all,logon_type,5m,grammar_invalid,phép đo 'jaccard' không dùng cửa sổ '5m',,2,
,jaccard,all,logon_type,15m,grammar_invalid,phép đo 'jaccard' không dùng cửa sổ '15m',,2,
,jaccard,all,logon_type,60m,grammar_invalid,phép đo 'jaccard' không dùng cửa sổ '60m',,2,
jaccard_logontype_7d,jaccard,all,logon_type,7d,round2,,logon_type_switch,2,độ trùng (Jaccard) giữa tập loại logon hôm nay và tập loại logon của 7 ngày lịch trước (mọi sự kiện)
jaccard_logontype_14d,jaccard,all,logon_type,14d,dropped_r4,"biến thể 14d của một ứng viên 7d (v3.0: novelty nhiều cửa sổ có ρ = 0,9999; warm-up gấp đôi)",logon_type_switch,3,độ trùng (Jaccard) giữa tập loại logon hôm nay và tập loại logon của 14 ngày lịch trước (mọi sự kiện)
,jaccard,all,logon_type,hist,grammar_invalid,phép đo 'jaccard' không dùng cửa sổ 'hist',,3,
,jaccard,all,auth,1d,grammar_invalid,phép đo 'jaccard' không dùng cửa sổ '1d',,3,
,jaccard,all,auth,5m,grammar_invalid,phép đo 'jaccard' không dùng cửa sổ '5m',,3,
,jaccard,all,auth,15m,grammar_invalid,phép đo 'jaccard' không dùng cửa sổ '15m',,3,
,jaccard,all,auth,60m,grammar_invalid,phép đo 'jaccard' không dùng cửa sổ '60m',,3,
jaccard_auth_7d,jaccard,all,auth,7d,dropped_r2,không nhắm kịch bản nào ở mục 5.2,,3,độ trùng (Jaccard) giữa tập gói xác thực hôm nay và tập gói xác thực của 7 ngày lịch trước (mọi sự kiện)
jaccard_auth_14d,jaccard,all,auth,14d,dropped_r2,không nhắm kịch bản nào ở mục 5.2,,4,độ trùng (Jaccard) giữa tập gói xác thực hôm nay và tập gói xác thực của 14 ngày lịch trước (mọi sự kiện)
,jaccard,all,auth,hist,grammar_invalid,phép đo 'jaccard' không dùng cửa sổ 'hist',,4,
,jaccard,all,fail_reason,1d,grammar_invalid,phép đo 'jaccard' không dùng cửa sổ '1d',,3,
,jaccard,all,fail_reason,5m,grammar_invalid,phép đo 'jaccard' không dùng cửa sổ '5m',,3,
,jaccard,all,fail_reason,15m,grammar_invalid,phép đo 'jaccard' không dùng cửa sổ '15m',,3,
,jaccard,all,fail_reason,60m,grammar_invalid,phép đo 'jaccard' không dùng cửa sổ '60m',,3,
,jaccard,all,fail_reason,7d,grammar_invalid,FailureReason chỉ tồn tại ở 4625,,3,
,jaccard,all,fail_reason,14d,grammar_invalid,FailureReason chỉ tồn tại ở 4625,,4,
,jaccard,all,fail_reason,hist,grammar_invalid,phép đo 'jaccard' không dùng cửa sổ 'hist',,4,
,jaccard,fail,event,1d,grammar_invalid,phép đo 'jaccard' không dùng cửa sổ '1d',,3,
,jaccard,fail,event,5m,grammar_invalid,phép đo 'jaccard' không dùng cửa sổ '5m',,3,
,jaccard,fail,event,15m,grammar_invalid,phép đo 'jaccard' không dùng cửa sổ '15m',,3,
,jaccard,fail,event,60m,grammar_invalid,phép đo 'jaccard' không dùng cửa sổ '60m',,3,
,jaccard,fail,event,7d,grammar_invalid,phép đo 'jaccard' cần một chiều thực thể,,3,
,jaccard,fail,event,14d,grammar_invalid,phép đo 'jaccard' cần một chiều thực thể,,4,
,jaccard,fail,event,hist,grammar_invalid,phép đo 'jaccard' không dùng cửa sổ 'hist',,4,
,jaccard,fail,Source,1d,grammar_invalid,phép đo 'jaccard' không dùng cửa sổ '1d',,3,
,jaccard,fail,Source,5m,grammar_invalid,phép đo 'jaccard' không dùng cửa sổ '5m',,3,
,jaccard,fail,Source,15m,grammar_invalid,phép đo 'jaccard' không dùng cửa sổ '15m',,3,
,jaccard,fail,Source,60m,grammar_invalid,phép đo 'jaccard' không dùng cửa sổ '60m',,3,
jaccard_fail_source_7d,jaccard,fail,Source,7d,round2,,"brute_force,password_spraying",3,độ trùng (Jaccard) giữa tập máy nguồn (Source) hôm nay và tập máy nguồn (Source) của 7 ngày lịch trước (đăng nhập thất bại (4625))
jaccard_fail_source_14d,jaccard,fail,Source,14d,dropped_r3,cần 4 đơn vị giải thích (> 3): không đọc được bằng một câu ngắn,"brute_force,password_spraying",4,độ trùng (Jaccard) giữa tập máy nguồn (Source) hôm nay và tập máy nguồn (Source) của 14 ngày lịch trước (đăng nhập thất bại (4625))
,jaccard,fail,Source,hist,grammar_invalid,phép đo 'jaccard' không dùng cửa sổ 'hist',,4,
,jaccard,fail,LogHost,1d,grammar_invalid,phép đo 'jaccard' không dùng cửa sổ '1d',,3,
,jaccard,fail,LogHost,5m,grammar_invalid,phép đo 'jaccard' không dùng cửa sổ '5m',,3,
,jaccard,fail,LogHost,15m,grammar_invalid,phép đo 'jaccard' không dùng cửa sổ '15m',,3,
,jaccard,fail,LogHost,60m,grammar_invalid,phép đo 'jaccard' không dùng cửa sổ '60m',,3,
jaccard_fail_host_7d,jaccard,fail,LogHost,7d,round2,,"brute_force,password_spraying",3,độ trùng (Jaccard) giữa tập máy đích (LogHost) hôm nay và tập máy đích (LogHost) của 7 ngày lịch trước (đăng nhập thất bại (4625))
jaccard_fail_host_14d,jaccard,fail,LogHost,14d,dropped_r3,cần 4 đơn vị giải thích (> 3): không đọc được bằng một câu ngắn,"brute_force,password_spraying",4,độ trùng (Jaccard) giữa tập máy đích (LogHost) hôm nay và tập máy đích (LogHost) của 14 ngày lịch trước (đăng nhập thất bại (4625))
,jaccard,fail,LogHost,hist,grammar_invalid,phép đo 'jaccard' không dùng cửa sổ 'hist',,4,
,jaccard,fail,pair,1d,grammar_invalid,phép đo 'jaccard' không dùng cửa sổ '1d',,4,
,jaccard,fail,pair,5m,grammar_invalid,phép đo 'jaccard' không dùng cửa sổ '5m',,4,
,jaccard,fail,pair,15m,grammar_invalid,phép đo 'jaccard' không dùng cửa sổ '15m',,4,
,jaccard,fail,pair,60m,grammar_invalid,phép đo 'jaccard' không dùng cửa sổ '60m',,4,
jaccard_fail_pair_7d,jaccard,fail,pair,7d,dropped_r3,cần 4 đơn vị giải thích (> 3): không đọc được bằng một câu ngắn,"brute_force,password_spraying",4,"độ trùng (Jaccard) giữa tập cặp (Source, LogHost) hôm nay và tập cặp (Source, LogHost) của 7 ngày lịch trước (đăng nhập thất bại (4625))"
jaccard_fail_pair_14d,jaccard,fail,pair,14d,dropped_r3,cần 5 đơn vị giải thích (> 3): không đọc được bằng một câu ngắn,"brute_force,password_spraying",5,"độ trùng (Jaccard) giữa tập cặp (Source, LogHost) hôm nay và tập cặp (Source, LogHost) của 14 ngày lịch trước (đăng nhập thất bại (4625))"
,jaccard,fail,pair,hist,grammar_invalid,phép đo 'jaccard' không dùng cửa sổ 'hist',,5,
,jaccard,fail,hour,1d,grammar_invalid,phép đo 'jaccard' không dùng cửa sổ '1d',,3,
,jaccard,fail,hour,5m,grammar_invalid,phép đo 'jaccard' không dùng cửa sổ '5m',,3,
,jaccard,fail,hour,15m,grammar_invalid,phép đo 'jaccard' không dùng cửa sổ '15m',,3,
,jaccard,fail,hour,60m,grammar_invalid,phép đo 'jaccard' không dùng cửa sổ '60m',,3,
jaccard_fail_hour_7d,jaccard,fail,hour,7d,dropped_r2,không nhắm kịch bản nào ở mục 5.2,,3,độ trùng (Jaccard) giữa tập khung giờ hôm nay và tập khung giờ của 7 ngày lịch trước (đăng nhập thất bại (4625))
jaccard_fail_hour_14d,jaccard,fail,hour,14d,dropped_r2,không nhắm kịch bản nào ở mục 5.2,,4,độ trùng (Jaccard) giữa tập khung giờ hôm nay và tập khung giờ của 14 ngày lịch trước (đăng nhập thất bại (4625))
,jaccard,fail,hour,hist,grammar_invalid,phép đo 'jaccard' không dùng cửa sổ 'hist',,4,
,jaccard,fail,logon_type,1d,grammar_invalid,phép đo 'jaccard' không dùng cửa sổ '1d',,3,
,jaccard,fail,logon_type,5m,grammar_invalid,phép đo 'jaccard' không dùng cửa sổ '5m',,3,
,jaccard,fail,logon_type,15m,grammar_invalid,phép đo 'jaccard' không dùng cửa sổ '15m',,3,
,jaccard,fail,logon_type,60m,grammar_invalid,phép đo 'jaccard' không dùng cửa sổ '60m',,3,
jaccard_fail_logontype_7d,jaccard,fail,logon_type,7d,dropped_r2,không nhắm kịch bản nào ở mục 5.2,,3,độ trùng (Jaccard) giữa tập loại logon hôm nay và tập loại logon của 7 ngày lịch trước (đăng nhập thất bại (4625))
jaccard_fail_logontype_14d,jaccard,fail,logon_type,14d,dropped_r2,không nhắm kịch bản nào ở mục 5.2,,4,độ trùng (Jaccard) giữa tập loại logon hôm nay và tập loại logon của 14 ngày lịch trước (đăng nhập thất bại (4625))
,jaccard,fail,logon_type,hist,grammar_invalid,phép đo 'jaccard' không dùng cửa sổ 'hist',,4,
,jaccard,fail,auth,1d,grammar_invalid,phép đo 'jaccard' không dùng cửa sổ '1d',,4,
,jaccard,fail,auth,5m,grammar_invalid,phép đo 'jaccard' không dùng cửa sổ '5m',,4,
,jaccard,fail,auth,15m,grammar_invalid,phép đo 'jaccard' không dùng cửa sổ '15m',,4,
,jaccard,fail,auth,60m,grammar_invalid,phép đo 'jaccard' không dùng cửa sổ '60m',,4,
jaccard_fail_auth_7d,jaccard,fail,auth,7d,dropped_r2,không nhắm kịch bản nào ở mục 5.2,,4,độ trùng (Jaccard) giữa tập gói xác thực hôm nay và tập gói xác thực của 7 ngày lịch trước (đăng nhập thất bại (4625))
jaccard_fail_auth_14d,jaccard,fail,auth,14d,dropped_r2,không nhắm kịch bản nào ở mục 5.2,,5,độ trùng (Jaccard) giữa tập gói xác thực hôm nay và tập gói xác thực của 14 ngày lịch trước (đăng nhập thất bại (4625))
,jaccard,fail,auth,hist,grammar_invalid,phép đo 'jaccard' không dùng cửa sổ 'hist',,5,
,jaccard,fail,fail_reason,1d,grammar_invalid,phép đo 'jaccard' không dùng cửa sổ '1d',,4,
,jaccard,fail,fail_reason,5m,grammar_invalid,phép đo 'jaccard' không dùng cửa sổ '5m',,4,
,jaccard,fail,fail_reason,15m,grammar_invalid,phép đo 'jaccard' không dùng cửa sổ '15m',,4,
,jaccard,fail,fail_reason,60m,grammar_invalid,phép đo 'jaccard' không dùng cửa sổ '60m',,4,
jaccard_fail_failreason_7d,jaccard,fail,fail_reason,7d,dropped_r3,cần 4 đơn vị giải thích (> 3): không đọc được bằng một câu ngắn,brute_force,4,độ trùng (Jaccard) giữa tập lý do thất bại hôm nay và tập lý do thất bại của 7 ngày lịch trước (đăng nhập thất bại (4625))
jaccard_fail_failreason_14d,jaccard,fail,fail_reason,14d,dropped_r3,cần 5 đơn vị giải thích (> 3): không đọc được bằng một câu ngắn,brute_force,5,độ trùng (Jaccard) giữa tập lý do thất bại hôm nay và tập lý do thất bại của 14 ngày lịch trước (đăng nhập thất bại (4625))
,jaccard,fail,fail_reason,hist,grammar_invalid,phép đo 'jaccard' không dùng cửa sổ 'hist',,5,
,jaccard,success,event,1d,grammar_invalid,phép đo 'jaccard' không dùng cửa sổ '1d',,3,
,jaccard,success,event,5m,grammar_invalid,phép đo 'jaccard' không dùng cửa sổ '5m',,3,
,jaccard,success,event,15m,grammar_invalid,phép đo 'jaccard' không dùng cửa sổ '15m',,3,
,jaccard,success,event,60m,grammar_invalid,phép đo 'jaccard' không dùng cửa sổ '60m',,3,
,jaccard,success,event,7d,grammar_invalid,phép đo 'jaccard' cần một chiều thực thể,,3,
,jaccard,success,event,14d,grammar_invalid,phép đo 'jaccard' cần một chiều thực thể,,4,
,jaccard,success,event,hist,grammar_invalid,phép đo 'jaccard' không dùng cửa sổ 'hist',,4,
,jaccard,success,Source,1d,grammar_invalid,phép đo 'jaccard' không dùng cửa sổ '1d',,3,
,jaccard,success,Source,5m,grammar_invalid,phép đo 'jaccard' không dùng cửa sổ '5m',,3,
,jaccard,success,Source,15m,grammar_invalid,phép đo 'jaccard' không dùng cửa sổ '15m',,3,
,jaccard,success,Source,60m,grammar_invalid,phép đo 'jaccard' không dùng cửa sổ '60m',,3,
jaccard_success_source_7d,jaccard,success,Source,7d,dropped_r4,"đối tượng 'thành công' gần trùng 'mọi sự kiện' (87,36% dòng không có thất bại)",new_workstation_burst,3,độ trùng (Jaccard) giữa tập máy nguồn (Source) hôm nay và tập máy nguồn (Source) của 7 ngày lịch trước (đăng nhập thành công (4624))
jaccard_success_source_14d,jaccard,success,Source,14d,dropped_r3,cần 4 đơn vị giải thích (> 3): không đọc được bằng một câu ngắn,new_workstation_burst,4,độ trùng (Jaccard) giữa tập máy nguồn (Source) hôm nay và tập máy nguồn (Source) của 14 ngày lịch trước (đăng nhập thành công (4624))
,jaccard,success,Source,hist,grammar_invalid,phép đo 'jaccard' không dùng cửa sổ 'hist',,4,
,jaccard,success,LogHost,1d,grammar_invalid,phép đo 'jaccard' không dùng cửa sổ '1d',,3,
,jaccard,success,LogHost,5m,grammar_invalid,phép đo 'jaccard' không dùng cửa sổ '5m',,3,
,jaccard,success,LogHost,15m,grammar_invalid,phép đo 'jaccard' không dùng cửa sổ '15m',,3,
,jaccard,success,LogHost,60m,grammar_invalid,phép đo 'jaccard' không dùng cửa sổ '60m',,3,
jaccard_success_host_7d,jaccard,success,LogHost,7d,dropped_r4,"đối tượng 'thành công' gần trùng 'mọi sự kiện' (87,36% dòng không có thất bại)",lateral_fanout,3,độ trùng (Jaccard) giữa tập máy đích (LogHost) hôm nay và tập máy đích (LogHost) của 7 ngày lịch trước (đăng nhập thành công (4624))
jaccard_success_host_14d,jaccard,success,LogHost,14d,dropped_r3,cần 4 đơn vị giải thích (> 3): không đọc được bằng một câu ngắn,lateral_fanout,4,độ trùng (Jaccard) giữa tập máy đích (LogHost) hôm nay và tập máy đích (LogHost) của 14 ngày lịch trước (đăng nhập thành công (4624))
,jaccard,success,LogHost,hist,grammar_invalid,phép đo 'jaccard' không dùng cửa sổ 'hist',,4,
,jaccard,success,pair,1d,grammar_invalid,phép đo 'jaccard' không dùng cửa sổ '1d',,4,
,jaccard,success,pair,5m,grammar_invalid,phép đo 'jaccard' không dùng cửa sổ '5m',,4,
,jaccard,success,pair,15m,grammar_invalid,phép đo 'jaccard' không dùng cửa sổ '15m',,4,
,jaccard,success,pair,60m,grammar_invalid,phép đo 'jaccard' không dùng cửa sổ '60m',,4,
jaccard_success_pair_7d,jaccard,success,pair,7d,dropped_r3,cần 4 đơn vị giải thích (> 3): không đọc được bằng một câu ngắn,"lateral_fanout,new_workstation_burst",4,"độ trùng (Jaccard) giữa tập cặp (Source, LogHost) hôm nay và tập cặp (Source, LogHost) của 7 ngày lịch trước (đăng nhập thành công (4624))"
jaccard_success_pair_14d,jaccard,success,pair,14d,dropped_r3,cần 5 đơn vị giải thích (> 3): không đọc được bằng một câu ngắn,"lateral_fanout,new_workstation_burst",5,"độ trùng (Jaccard) giữa tập cặp (Source, LogHost) hôm nay và tập cặp (Source, LogHost) của 14 ngày lịch trước (đăng nhập thành công (4624))"
,jaccard,success,pair,hist,grammar_invalid,phép đo 'jaccard' không dùng cửa sổ 'hist',,5,
,jaccard,success,hour,1d,grammar_invalid,phép đo 'jaccard' không dùng cửa sổ '1d',,3,
,jaccard,success,hour,5m,grammar_invalid,phép đo 'jaccard' không dùng cửa sổ '5m',,3,
,jaccard,success,hour,15m,grammar_invalid,phép đo 'jaccard' không dùng cửa sổ '15m',,3,
,jaccard,success,hour,60m,grammar_invalid,phép đo 'jaccard' không dùng cửa sổ '60m',,3,
jaccard_success_hour_7d,jaccard,success,hour,7d,dropped_r4,"đối tượng 'thành công' gần trùng 'mọi sự kiện' (87,36% dòng không có thất bại)",off_hours,3,độ trùng (Jaccard) giữa tập khung giờ hôm nay và tập khung giờ của 7 ngày lịch trước (đăng nhập thành công (4624))
jaccard_success_hour_14d,jaccard,success,hour,14d,dropped_r3,cần 4 đơn vị giải thích (> 3): không đọc được bằng một câu ngắn,off_hours,4,độ trùng (Jaccard) giữa tập khung giờ hôm nay và tập khung giờ của 14 ngày lịch trước (đăng nhập thành công (4624))
,jaccard,success,hour,hist,grammar_invalid,phép đo 'jaccard' không dùng cửa sổ 'hist',,4,
,jaccard,success,logon_type,1d,grammar_invalid,phép đo 'jaccard' không dùng cửa sổ '1d',,3,
,jaccard,success,logon_type,5m,grammar_invalid,phép đo 'jaccard' không dùng cửa sổ '5m',,3,
,jaccard,success,logon_type,15m,grammar_invalid,phép đo 'jaccard' không dùng cửa sổ '15m',,3,
,jaccard,success,logon_type,60m,grammar_invalid,phép đo 'jaccard' không dùng cửa sổ '60m',,3,
jaccard_success_logontype_7d,jaccard,success,logon_type,7d,dropped_r4,"đối tượng 'thành công' gần trùng 'mọi sự kiện' (87,36% dòng không có thất bại)",logon_type_switch,3,độ trùng (Jaccard) giữa tập loại logon hôm nay và tập loại logon của 7 ngày lịch trước (đăng nhập thành công (4624))
jaccard_success_logontype_14d,jaccard,success,logon_type,14d,dropped_r3,cần 4 đơn vị giải thích (> 3): không đọc được bằng một câu ngắn,logon_type_switch,4,độ trùng (Jaccard) giữa tập loại logon hôm nay và tập loại logon của 14 ngày lịch trước (đăng nhập thành công (4624))
,jaccard,success,logon_type,hist,grammar_invalid,phép đo 'jaccard' không dùng cửa sổ 'hist',,4,
,jaccard,success,auth,1d,grammar_invalid,phép đo 'jaccard' không dùng cửa sổ '1d',,4,
,jaccard,success,auth,5m,grammar_invalid,phép đo 'jaccard' không dùng cửa sổ '5m',,4,
,jaccard,success,auth,15m,grammar_invalid,phép đo 'jaccard' không dùng cửa sổ '15m',,4,
,jaccard,success,auth,60m,grammar_invalid,phép đo 'jaccard' không dùng cửa sổ '60m',,4,
jaccard_success_auth_7d,jaccard,success,auth,7d,dropped_r2,không nhắm kịch bản nào ở mục 5.2,,4,độ trùng (Jaccard) giữa tập gói xác thực hôm nay và tập gói xác thực của 7 ngày lịch trước (đăng nhập thành công (4624))
jaccard_success_auth_14d,jaccard,success,auth,14d,dropped_r2,không nhắm kịch bản nào ở mục 5.2,,5,độ trùng (Jaccard) giữa tập gói xác thực hôm nay và tập gói xác thực của 14 ngày lịch trước (đăng nhập thành công (4624))
,jaccard,success,auth,hist,grammar_invalid,phép đo 'jaccard' không dùng cửa sổ 'hist',,5,
,jaccard,success,fail_reason,1d,grammar_invalid,phép đo 'jaccard' không dùng cửa sổ '1d',,4,
,jaccard,success,fail_reason,5m,grammar_invalid,phép đo 'jaccard' không dùng cửa sổ '5m',,4,
,jaccard,success,fail_reason,15m,grammar_invalid,phép đo 'jaccard' không dùng cửa sổ '15m',,4,
,jaccard,success,fail_reason,60m,grammar_invalid,phép đo 'jaccard' không dùng cửa sổ '60m',,4,
,jaccard,success,fail_reason,7d,grammar_invalid,FailureReason chỉ tồn tại ở 4625,,4,
,jaccard,success,fail_reason,14d,grammar_invalid,FailureReason chỉ tồn tại ở 4625,,5,
,jaccard,success,fail_reason,hist,grammar_invalid,phép đo 'jaccard' không dùng cửa sổ 'hist',,5,
,jaccard,night,event,1d,grammar_invalid,phép đo 'jaccard' không dùng cửa sổ '1d',,3,
,jaccard,night,event,5m,grammar_invalid,phép đo 'jaccard' không dùng cửa sổ '5m',,3,
,jaccard,night,event,15m,grammar_invalid,phép đo 'jaccard' không dùng cửa sổ '15m',,3,
,jaccard,night,event,60m,grammar_invalid,phép đo 'jaccard' không dùng cửa sổ '60m',,3,
,jaccard,night,event,7d,grammar_invalid,phép đo 'jaccard' cần một chiều thực thể,,3,
,jaccard,night,event,14d,grammar_invalid,phép đo 'jaccard' cần một chiều thực thể,,4,
,jaccard,night,event,hist,grammar_invalid,phép đo 'jaccard' không dùng cửa sổ 'hist',,4,
,jaccard,night,Source,1d,grammar_invalid,phép đo 'jaccard' không dùng cửa sổ '1d',,3,
,jaccard,night,Source,5m,grammar_invalid,phép đo 'jaccard' không dùng cửa sổ '5m',,3,
,jaccard,night,Source,15m,grammar_invalid,phép đo 'jaccard' không dùng cửa sổ '15m',,3,
,jaccard,night,Source,60m,grammar_invalid,phép đo 'jaccard' không dùng cửa sổ '60m',,3,
jaccard_night_source_7d,jaccard,night,Source,7d,dropped_r2,không nhắm kịch bản nào ở mục 5.2,,3,độ trùng (Jaccard) giữa tập máy nguồn (Source) hôm nay và tập máy nguồn (Source) của 7 ngày lịch trước (sự kiện ngoài giờ (18h–7h))
jaccard_night_source_14d,jaccard,night,Source,14d,dropped_r2,không nhắm kịch bản nào ở mục 5.2,,4,độ trùng (Jaccard) giữa tập máy nguồn (Source) hôm nay và tập máy nguồn (Source) của 14 ngày lịch trước (sự kiện ngoài giờ (18h–7h))
,jaccard,night,Source,hist,grammar_invalid,phép đo 'jaccard' không dùng cửa sổ 'hist',,4,
,jaccard,night,LogHost,1d,grammar_invalid,phép đo 'jaccard' không dùng cửa sổ '1d',,3,
,jaccard,night,LogHost,5m,grammar_invalid,phép đo 'jaccard' không dùng cửa sổ '5m',,3,
,jaccard,night,LogHost,15m,grammar_invalid,phép đo 'jaccard' không dùng cửa sổ '15m',,3,
,jaccard,night,LogHost,60m,grammar_invalid,phép đo 'jaccard' không dùng cửa sổ '60m',,3,
jaccard_night_host_7d,jaccard,night,LogHost,7d,dropped_r2,không nhắm kịch bản nào ở mục 5.2,,3,độ trùng (Jaccard) giữa tập máy đích (LogHost) hôm nay và tập máy đích (LogHost) của 7 ngày lịch trước (sự kiện ngoài giờ (18h–7h))
jaccard_night_host_14d,jaccard,night,LogHost,14d,dropped_r2,không nhắm kịch bản nào ở mục 5.2,,4,độ trùng (Jaccard) giữa tập máy đích (LogHost) hôm nay và tập máy đích (LogHost) của 14 ngày lịch trước (sự kiện ngoài giờ (18h–7h))
,jaccard,night,LogHost,hist,grammar_invalid,phép đo 'jaccard' không dùng cửa sổ 'hist',,4,
,jaccard,night,pair,1d,grammar_invalid,phép đo 'jaccard' không dùng cửa sổ '1d',,4,
,jaccard,night,pair,5m,grammar_invalid,phép đo 'jaccard' không dùng cửa sổ '5m',,4,
,jaccard,night,pair,15m,grammar_invalid,phép đo 'jaccard' không dùng cửa sổ '15m',,4,
,jaccard,night,pair,60m,grammar_invalid,phép đo 'jaccard' không dùng cửa sổ '60m',,4,
jaccard_night_pair_7d,jaccard,night,pair,7d,dropped_r2,không nhắm kịch bản nào ở mục 5.2,,4,"độ trùng (Jaccard) giữa tập cặp (Source, LogHost) hôm nay và tập cặp (Source, LogHost) của 7 ngày lịch trước (sự kiện ngoài giờ (18h–7h))"
jaccard_night_pair_14d,jaccard,night,pair,14d,dropped_r2,không nhắm kịch bản nào ở mục 5.2,,5,"độ trùng (Jaccard) giữa tập cặp (Source, LogHost) hôm nay và tập cặp (Source, LogHost) của 14 ngày lịch trước (sự kiện ngoài giờ (18h–7h))"
,jaccard,night,pair,hist,grammar_invalid,phép đo 'jaccard' không dùng cửa sổ 'hist',,5,
,jaccard,night,hour,1d,grammar_invalid,phép đo 'jaccard' không dùng cửa sổ '1d',,3,
,jaccard,night,hour,5m,grammar_invalid,phép đo 'jaccard' không dùng cửa sổ '5m',,3,
,jaccard,night,hour,15m,grammar_invalid,phép đo 'jaccard' không dùng cửa sổ '15m',,3,
,jaccard,night,hour,60m,grammar_invalid,phép đo 'jaccard' không dùng cửa sổ '60m',,3,
,jaccard,night,hour,7d,grammar_invalid,'ngoài giờ' được định nghĩa bằng chính khung giờ (vòng lặp định nghĩa),,3,
,jaccard,night,hour,14d,grammar_invalid,'ngoài giờ' được định nghĩa bằng chính khung giờ (vòng lặp định nghĩa),,4,
,jaccard,night,hour,hist,grammar_invalid,phép đo 'jaccard' không dùng cửa sổ 'hist',,4,
,jaccard,night,logon_type,1d,grammar_invalid,phép đo 'jaccard' không dùng cửa sổ '1d',,3,
,jaccard,night,logon_type,5m,grammar_invalid,phép đo 'jaccard' không dùng cửa sổ '5m',,3,
,jaccard,night,logon_type,15m,grammar_invalid,phép đo 'jaccard' không dùng cửa sổ '15m',,3,
,jaccard,night,logon_type,60m,grammar_invalid,phép đo 'jaccard' không dùng cửa sổ '60m',,3,
jaccard_night_logontype_7d,jaccard,night,logon_type,7d,dropped_r2,không nhắm kịch bản nào ở mục 5.2,,3,độ trùng (Jaccard) giữa tập loại logon hôm nay và tập loại logon của 7 ngày lịch trước (sự kiện ngoài giờ (18h–7h))
jaccard_night_logontype_14d,jaccard,night,logon_type,14d,dropped_r2,không nhắm kịch bản nào ở mục 5.2,,4,độ trùng (Jaccard) giữa tập loại logon hôm nay và tập loại logon của 14 ngày lịch trước (sự kiện ngoài giờ (18h–7h))
,jaccard,night,logon_type,hist,grammar_invalid,phép đo 'jaccard' không dùng cửa sổ 'hist',,4,
,jaccard,night,auth,1d,grammar_invalid,phép đo 'jaccard' không dùng cửa sổ '1d',,4,
,jaccard,night,auth,5m,grammar_invalid,phép đo 'jaccard' không dùng cửa sổ '5m',,4,
,jaccard,night,auth,15m,grammar_invalid,phép đo 'jaccard' không dùng cửa sổ '15m',,4,
,jaccard,night,auth,60m,grammar_invalid,phép đo 'jaccard' không dùng cửa sổ '60m',,4,
jaccard_night_auth_7d,jaccard,night,auth,7d,dropped_r2,không nhắm kịch bản nào ở mục 5.2,,4,độ trùng (Jaccard) giữa tập gói xác thực hôm nay và tập gói xác thực của 7 ngày lịch trước (sự kiện ngoài giờ (18h–7h))
jaccard_night_auth_14d,jaccard,night,auth,14d,dropped_r2,không nhắm kịch bản nào ở mục 5.2,,5,độ trùng (Jaccard) giữa tập gói xác thực hôm nay và tập gói xác thực của 14 ngày lịch trước (sự kiện ngoài giờ (18h–7h))
,jaccard,night,auth,hist,grammar_invalid,phép đo 'jaccard' không dùng cửa sổ 'hist',,5,
,jaccard,night,fail_reason,1d,grammar_invalid,phép đo 'jaccard' không dùng cửa sổ '1d',,4,
,jaccard,night,fail_reason,5m,grammar_invalid,phép đo 'jaccard' không dùng cửa sổ '5m',,4,
,jaccard,night,fail_reason,15m,grammar_invalid,phép đo 'jaccard' không dùng cửa sổ '15m',,4,
,jaccard,night,fail_reason,60m,grammar_invalid,phép đo 'jaccard' không dùng cửa sổ '60m',,4,
,jaccard,night,fail_reason,7d,grammar_invalid,FailureReason chỉ tồn tại ở 4625,,4,
,jaccard,night,fail_reason,14d,grammar_invalid,FailureReason chỉ tồn tại ở 4625,,5,
,jaccard,night,fail_reason,hist,grammar_invalid,phép đo 'jaccard' không dùng cửa sổ 'hist',,5,
,dist_shift,all,event,1d,grammar_invalid,phép đo 'dist_shift' không dùng cửa sổ '1d',,2,
,dist_shift,all,event,5m,grammar_invalid,phép đo 'dist_shift' không dùng cửa sổ '5m',,2,
,dist_shift,all,event,15m,grammar_invalid,phép đo 'dist_shift' không dùng cửa sổ '15m',,2,
,dist_shift,all,event,60m,grammar_invalid,phép đo 'dist_shift' không dùng cửa sổ '60m',,2,
,dist_shift,all,event,7d,grammar_invalid,phép đo 'dist_shift' cần một chiều thực thể,,2,
,dist_shift,all,event,14d,grammar_invalid,phép đo 'dist_shift' cần một chiều thực thể,,3,
,dist_shift,all,event,hist,grammar_invalid,phép đo 'dist_shift' không dùng cửa sổ 'hist',,3,
,dist_shift,all,Source,1d,grammar_invalid,phép đo 'dist_shift' không dùng cửa sổ '1d',,2,
,dist_shift,all,Source,5m,grammar_invalid,phép đo 'dist_shift' không dùng cửa sổ '5m',,2,
,dist_shift,all,Source,15m,grammar_invalid,phép đo 'dist_shift' không dùng cửa sổ '15m',,2,
,dist_shift,all,Source,60m,grammar_invalid,phép đo 'dist_shift' không dùng cửa sổ '60m',,2,
dist_shift_source_7d,dist_shift,all,Source,7d,round2,,new_workstation_burst,2,khoảng cách phân bố (total variation) của mọi sự kiện theo máy nguồn (Source) giữa hôm nay và 7 ngày lịch trước
dist_shift_source_14d,dist_shift,all,Source,14d,dropped_r4,"biến thể 14d của một ứng viên 7d (v3.0: novelty nhiều cửa sổ có ρ = 0,9999; warm-up gấp đôi)",new_workstation_burst,3,khoảng cách phân bố (total variation) của mọi sự kiện theo máy nguồn (Source) giữa hôm nay và 14 ngày lịch trước
,dist_shift,all,Source,hist,grammar_invalid,phép đo 'dist_shift' không dùng cửa sổ 'hist',,3,
,dist_shift,all,LogHost,1d,grammar_invalid,phép đo 'dist_shift' không dùng cửa sổ '1d',,2,
,dist_shift,all,LogHost,5m,grammar_invalid,phép đo 'dist_shift' không dùng cửa sổ '5m',,2,
,dist_shift,all,LogHost,15m,grammar_invalid,phép đo 'dist_shift' không dùng cửa sổ '15m',,2,
,dist_shift,all,LogHost,60m,grammar_invalid,phép đo 'dist_shift' không dùng cửa sổ '60m',,2,
dist_shift_host_7d,dist_shift,all,LogHost,7d,round2,,lateral_fanout,2,khoảng cách phân bố (total variation) của mọi sự kiện theo máy đích (LogHost) giữa hôm nay và 7 ngày lịch trước
dist_shift_host_14d,dist_shift,all,LogHost,14d,dropped_r4,"biến thể 14d của một ứng viên 7d (v3.0: novelty nhiều cửa sổ có ρ = 0,9999; warm-up gấp đôi)",lateral_fanout,3,khoảng cách phân bố (total variation) của mọi sự kiện theo máy đích (LogHost) giữa hôm nay và 14 ngày lịch trước
,dist_shift,all,LogHost,hist,grammar_invalid,phép đo 'dist_shift' không dùng cửa sổ 'hist',,3,
,dist_shift,all,pair,1d,grammar_invalid,phép đo 'dist_shift' không dùng cửa sổ '1d',,3,
,dist_shift,all,pair,5m,grammar_invalid,phép đo 'dist_shift' không dùng cửa sổ '5m',,3,
,dist_shift,all,pair,15m,grammar_invalid,phép đo 'dist_shift' không dùng cửa sổ '15m',,3,
,dist_shift,all,pair,60m,grammar_invalid,phép đo 'dist_shift' không dùng cửa sổ '60m',,3,
dist_shift_pair_7d,dist_shift,all,pair,7d,round2,,"lateral_fanout,new_workstation_burst",3,"khoảng cách phân bố (total variation) của mọi sự kiện theo cặp (Source, LogHost) giữa hôm nay và 7 ngày lịch trước"
dist_shift_pair_14d,dist_shift,all,pair,14d,dropped_r3,cần 4 đơn vị giải thích (> 3): không đọc được bằng một câu ngắn,"lateral_fanout,new_workstation_burst",4,"khoảng cách phân bố (total variation) của mọi sự kiện theo cặp (Source, LogHost) giữa hôm nay và 14 ngày lịch trước"
,dist_shift,all,pair,hist,grammar_invalid,phép đo 'dist_shift' không dùng cửa sổ 'hist',,4,
,dist_shift,all,hour,1d,grammar_invalid,phép đo 'dist_shift' không dùng cửa sổ '1d',,2,
,dist_shift,all,hour,5m,grammar_invalid,phép đo 'dist_shift' không dùng cửa sổ '5m',,2,
,dist_shift,all,hour,15m,grammar_invalid,phép đo 'dist_shift' không dùng cửa sổ '15m',,2,
,dist_shift,all,hour,60m,grammar_invalid,phép đo 'dist_shift' không dùng cửa sổ '60m',,2,
dist_shift_hour_7d,dist_shift,all,hour,7d,round2,,off_hours,2,khoảng cách phân bố (total variation) của mọi sự kiện theo khung giờ giữa hôm nay và 7 ngày lịch trước
dist_shift_hour_14d,dist_shift,all,hour,14d,dropped_r4,"biến thể 14d của một ứng viên 7d (v3.0: novelty nhiều cửa sổ có ρ = 0,9999; warm-up gấp đôi)",off_hours,3,khoảng cách phân bố (total variation) của mọi sự kiện theo khung giờ giữa hôm nay và 14 ngày lịch trước
,dist_shift,all,hour,hist,grammar_invalid,phép đo 'dist_shift' không dùng cửa sổ 'hist',,3,
,dist_shift,all,logon_type,1d,grammar_invalid,phép đo 'dist_shift' không dùng cửa sổ '1d',,2,
,dist_shift,all,logon_type,5m,grammar_invalid,phép đo 'dist_shift' không dùng cửa sổ '5m',,2,
,dist_shift,all,logon_type,15m,grammar_invalid,phép đo 'dist_shift' không dùng cửa sổ '15m',,2,
,dist_shift,all,logon_type,60m,grammar_invalid,phép đo 'dist_shift' không dùng cửa sổ '60m',,2,
dist_shift_logontype_7d,dist_shift,all,logon_type,7d,round2,,logon_type_switch,2,khoảng cách phân bố (total variation) của mọi sự kiện theo loại logon giữa hôm nay và 7 ngày lịch trước
dist_shift_logontype_14d,dist_shift,all,logon_type,14d,dropped_r4,"biến thể 14d của một ứng viên 7d (v3.0: novelty nhiều cửa sổ có ρ = 0,9999; warm-up gấp đôi)",logon_type_switch,3,khoảng cách phân bố (total variation) của mọi sự kiện theo loại logon giữa hôm nay và 14 ngày lịch trước
,dist_shift,all,logon_type,hist,grammar_invalid,phép đo 'dist_shift' không dùng cửa sổ 'hist',,3,
,dist_shift,all,auth,1d,grammar_invalid,phép đo 'dist_shift' không dùng cửa sổ '1d',,3,
,dist_shift,all,auth,5m,grammar_invalid,phép đo 'dist_shift' không dùng cửa sổ '5m',,3,
,dist_shift,all,auth,15m,grammar_invalid,phép đo 'dist_shift' không dùng cửa sổ '15m',,3,
,dist_shift,all,auth,60m,grammar_invalid,phép đo 'dist_shift' không dùng cửa sổ '60m',,3,
dist_shift_auth_7d,dist_shift,all,auth,7d,dropped_r2,không nhắm kịch bản nào ở mục 5.2,,3,khoảng cách phân bố (total variation) của mọi sự kiện theo gói xác thực giữa hôm nay và 7 ngày lịch trước
dist_shift_auth_14d,dist_shift,all,auth,14d,dropped_r2,không nhắm kịch bản nào ở mục 5.2,,4,khoảng cách phân bố (total variation) của mọi sự kiện theo gói xác thực giữa hôm nay và 14 ngày lịch trước
,dist_shift,all,auth,hist,grammar_invalid,phép đo 'dist_shift' không dùng cửa sổ 'hist',,4,
,dist_shift,all,fail_reason,1d,grammar_invalid,phép đo 'dist_shift' không dùng cửa sổ '1d',,3,
,dist_shift,all,fail_reason,5m,grammar_invalid,phép đo 'dist_shift' không dùng cửa sổ '5m',,3,
,dist_shift,all,fail_reason,15m,grammar_invalid,phép đo 'dist_shift' không dùng cửa sổ '15m',,3,
,dist_shift,all,fail_reason,60m,grammar_invalid,phép đo 'dist_shift' không dùng cửa sổ '60m',,3,
,dist_shift,all,fail_reason,7d,grammar_invalid,FailureReason chỉ tồn tại ở 4625,,3,
,dist_shift,all,fail_reason,14d,grammar_invalid,FailureReason chỉ tồn tại ở 4625,,4,
,dist_shift,all,fail_reason,hist,grammar_invalid,phép đo 'dist_shift' không dùng cửa sổ 'hist',,4,
,dist_shift,fail,event,1d,grammar_invalid,phép đo 'dist_shift' không dùng cửa sổ '1d',,3,
,dist_shift,fail,event,5m,grammar_invalid,phép đo 'dist_shift' không dùng cửa sổ '5m',,3,
,dist_shift,fail,event,15m,grammar_invalid,phép đo 'dist_shift' không dùng cửa sổ '15m',,3,
,dist_shift,fail,event,60m,grammar_invalid,phép đo 'dist_shift' không dùng cửa sổ '60m',,3,
,dist_shift,fail,event,7d,grammar_invalid,phép đo 'dist_shift' cần một chiều thực thể,,3,
,dist_shift,fail,event,14d,grammar_invalid,phép đo 'dist_shift' cần một chiều thực thể,,4,
,dist_shift,fail,event,hist,grammar_invalid,phép đo 'dist_shift' không dùng cửa sổ 'hist',,4,
,dist_shift,fail,Source,1d,grammar_invalid,phép đo 'dist_shift' không dùng cửa sổ '1d',,3,
,dist_shift,fail,Source,5m,grammar_invalid,phép đo 'dist_shift' không dùng cửa sổ '5m',,3,
,dist_shift,fail,Source,15m,grammar_invalid,phép đo 'dist_shift' không dùng cửa sổ '15m',,3,
,dist_shift,fail,Source,60m,grammar_invalid,phép đo 'dist_shift' không dùng cửa sổ '60m',,3,
dist_shift_fail_source_7d,dist_shift,fail,Source,7d,round2,,"brute_force,password_spraying",3,khoảng cách phân bố (total variation) của đăng nhập thất bại (4625) theo máy nguồn (Source) giữa hôm nay và 7 ngày lịch trước
dist_shift_fail_source_14d,dist_shift,fail,Source,14d,dropped_r3,cần 4 đơn vị giải thích (> 3): không đọc được bằng một câu ngắn,"brute_force,password_spraying",4,khoảng cách phân bố (total variation) của đăng nhập thất bại (4625) theo máy nguồn (Source) giữa hôm nay và 14 ngày lịch trước
,dist_shift,fail,Source,hist,grammar_invalid,phép đo 'dist_shift' không dùng cửa sổ 'hist',,4,
,dist_shift,fail,LogHost,1d,grammar_invalid,phép đo 'dist_shift' không dùng cửa sổ '1d',,3,
,dist_shift,fail,LogHost,5m,grammar_invalid,phép đo 'dist_shift' không dùng cửa sổ '5m',,3,
,dist_shift,fail,LogHost,15m,grammar_invalid,phép đo 'dist_shift' không dùng cửa sổ '15m',,3,
,dist_shift,fail,LogHost,60m,grammar_invalid,phép đo 'dist_shift' không dùng cửa sổ '60m',,3,
dist_shift_fail_host_7d,dist_shift,fail,LogHost,7d,round2,,"brute_force,password_spraying",3,khoảng cách phân bố (total variation) của đăng nhập thất bại (4625) theo máy đích (LogHost) giữa hôm nay và 7 ngày lịch trước
dist_shift_fail_host_14d,dist_shift,fail,LogHost,14d,dropped_r3,cần 4 đơn vị giải thích (> 3): không đọc được bằng một câu ngắn,"brute_force,password_spraying",4,khoảng cách phân bố (total variation) của đăng nhập thất bại (4625) theo máy đích (LogHost) giữa hôm nay và 14 ngày lịch trước
,dist_shift,fail,LogHost,hist,grammar_invalid,phép đo 'dist_shift' không dùng cửa sổ 'hist',,4,
,dist_shift,fail,pair,1d,grammar_invalid,phép đo 'dist_shift' không dùng cửa sổ '1d',,4,
,dist_shift,fail,pair,5m,grammar_invalid,phép đo 'dist_shift' không dùng cửa sổ '5m',,4,
,dist_shift,fail,pair,15m,grammar_invalid,phép đo 'dist_shift' không dùng cửa sổ '15m',,4,
,dist_shift,fail,pair,60m,grammar_invalid,phép đo 'dist_shift' không dùng cửa sổ '60m',,4,
dist_shift_fail_pair_7d,dist_shift,fail,pair,7d,dropped_r3,cần 4 đơn vị giải thích (> 3): không đọc được bằng một câu ngắn,"brute_force,password_spraying",4,"khoảng cách phân bố (total variation) của đăng nhập thất bại (4625) theo cặp (Source, LogHost) giữa hôm nay và 7 ngày lịch trước"
dist_shift_fail_pair_14d,dist_shift,fail,pair,14d,dropped_r3,cần 5 đơn vị giải thích (> 3): không đọc được bằng một câu ngắn,"brute_force,password_spraying",5,"khoảng cách phân bố (total variation) của đăng nhập thất bại (4625) theo cặp (Source, LogHost) giữa hôm nay và 14 ngày lịch trước"
,dist_shift,fail,pair,hist,grammar_invalid,phép đo 'dist_shift' không dùng cửa sổ 'hist',,5,
,dist_shift,fail,hour,1d,grammar_invalid,phép đo 'dist_shift' không dùng cửa sổ '1d',,3,
,dist_shift,fail,hour,5m,grammar_invalid,phép đo 'dist_shift' không dùng cửa sổ '5m',,3,
,dist_shift,fail,hour,15m,grammar_invalid,phép đo 'dist_shift' không dùng cửa sổ '15m',,3,
,dist_shift,fail,hour,60m,grammar_invalid,phép đo 'dist_shift' không dùng cửa sổ '60m',,3,
dist_shift_fail_hour_7d,dist_shift,fail,hour,7d,dropped_r2,không nhắm kịch bản nào ở mục 5.2,,3,khoảng cách phân bố (total variation) của đăng nhập thất bại (4625) theo khung giờ giữa hôm nay và 7 ngày lịch trước
dist_shift_fail_hour_14d,dist_shift,fail,hour,14d,dropped_r2,không nhắm kịch bản nào ở mục 5.2,,4,khoảng cách phân bố (total variation) của đăng nhập thất bại (4625) theo khung giờ giữa hôm nay và 14 ngày lịch trước
,dist_shift,fail,hour,hist,grammar_invalid,phép đo 'dist_shift' không dùng cửa sổ 'hist',,4,
,dist_shift,fail,logon_type,1d,grammar_invalid,phép đo 'dist_shift' không dùng cửa sổ '1d',,3,
,dist_shift,fail,logon_type,5m,grammar_invalid,phép đo 'dist_shift' không dùng cửa sổ '5m',,3,
,dist_shift,fail,logon_type,15m,grammar_invalid,phép đo 'dist_shift' không dùng cửa sổ '15m',,3,
,dist_shift,fail,logon_type,60m,grammar_invalid,phép đo 'dist_shift' không dùng cửa sổ '60m',,3,
dist_shift_fail_logontype_7d,dist_shift,fail,logon_type,7d,dropped_r2,không nhắm kịch bản nào ở mục 5.2,,3,khoảng cách phân bố (total variation) của đăng nhập thất bại (4625) theo loại logon giữa hôm nay và 7 ngày lịch trước
dist_shift_fail_logontype_14d,dist_shift,fail,logon_type,14d,dropped_r2,không nhắm kịch bản nào ở mục 5.2,,4,khoảng cách phân bố (total variation) của đăng nhập thất bại (4625) theo loại logon giữa hôm nay và 14 ngày lịch trước
,dist_shift,fail,logon_type,hist,grammar_invalid,phép đo 'dist_shift' không dùng cửa sổ 'hist',,4,
,dist_shift,fail,auth,1d,grammar_invalid,phép đo 'dist_shift' không dùng cửa sổ '1d',,4,
,dist_shift,fail,auth,5m,grammar_invalid,phép đo 'dist_shift' không dùng cửa sổ '5m',,4,
,dist_shift,fail,auth,15m,grammar_invalid,phép đo 'dist_shift' không dùng cửa sổ '15m',,4,
,dist_shift,fail,auth,60m,grammar_invalid,phép đo 'dist_shift' không dùng cửa sổ '60m',,4,
dist_shift_fail_auth_7d,dist_shift,fail,auth,7d,dropped_r2,không nhắm kịch bản nào ở mục 5.2,,4,khoảng cách phân bố (total variation) của đăng nhập thất bại (4625) theo gói xác thực giữa hôm nay và 7 ngày lịch trước
dist_shift_fail_auth_14d,dist_shift,fail,auth,14d,dropped_r2,không nhắm kịch bản nào ở mục 5.2,,5,khoảng cách phân bố (total variation) của đăng nhập thất bại (4625) theo gói xác thực giữa hôm nay và 14 ngày lịch trước
,dist_shift,fail,auth,hist,grammar_invalid,phép đo 'dist_shift' không dùng cửa sổ 'hist',,5,
,dist_shift,fail,fail_reason,1d,grammar_invalid,phép đo 'dist_shift' không dùng cửa sổ '1d',,4,
,dist_shift,fail,fail_reason,5m,grammar_invalid,phép đo 'dist_shift' không dùng cửa sổ '5m',,4,
,dist_shift,fail,fail_reason,15m,grammar_invalid,phép đo 'dist_shift' không dùng cửa sổ '15m',,4,
,dist_shift,fail,fail_reason,60m,grammar_invalid,phép đo 'dist_shift' không dùng cửa sổ '60m',,4,
dist_shift_fail_failreason_7d,dist_shift,fail,fail_reason,7d,dropped_r3,cần 4 đơn vị giải thích (> 3): không đọc được bằng một câu ngắn,brute_force,4,khoảng cách phân bố (total variation) của đăng nhập thất bại (4625) theo lý do thất bại giữa hôm nay và 7 ngày lịch trước
dist_shift_fail_failreason_14d,dist_shift,fail,fail_reason,14d,dropped_r3,cần 5 đơn vị giải thích (> 3): không đọc được bằng một câu ngắn,brute_force,5,khoảng cách phân bố (total variation) của đăng nhập thất bại (4625) theo lý do thất bại giữa hôm nay và 14 ngày lịch trước
,dist_shift,fail,fail_reason,hist,grammar_invalid,phép đo 'dist_shift' không dùng cửa sổ 'hist',,5,
,dist_shift,success,event,1d,grammar_invalid,phép đo 'dist_shift' không dùng cửa sổ '1d',,3,
,dist_shift,success,event,5m,grammar_invalid,phép đo 'dist_shift' không dùng cửa sổ '5m',,3,
,dist_shift,success,event,15m,grammar_invalid,phép đo 'dist_shift' không dùng cửa sổ '15m',,3,
,dist_shift,success,event,60m,grammar_invalid,phép đo 'dist_shift' không dùng cửa sổ '60m',,3,
,dist_shift,success,event,7d,grammar_invalid,phép đo 'dist_shift' cần một chiều thực thể,,3,
,dist_shift,success,event,14d,grammar_invalid,phép đo 'dist_shift' cần một chiều thực thể,,4,
,dist_shift,success,event,hist,grammar_invalid,phép đo 'dist_shift' không dùng cửa sổ 'hist',,4,
,dist_shift,success,Source,1d,grammar_invalid,phép đo 'dist_shift' không dùng cửa sổ '1d',,3,
,dist_shift,success,Source,5m,grammar_invalid,phép đo 'dist_shift' không dùng cửa sổ '5m',,3,
,dist_shift,success,Source,15m,grammar_invalid,phép đo 'dist_shift' không dùng cửa sổ '15m',,3,
,dist_shift,success,Source,60m,grammar_invalid,phép đo 'dist_shift' không dùng cửa sổ '60m',,3,
dist_shift_success_source_7d,dist_shift,success,Source,7d,dropped_r4,"đối tượng 'thành công' gần trùng 'mọi sự kiện' (87,36% dòng không có thất bại)",new_workstation_burst,3,khoảng cách phân bố (total variation) của đăng nhập thành công (4624) theo máy nguồn (Source) giữa hôm nay và 7 ngày lịch trước
dist_shift_success_source_14d,dist_shift,success,Source,14d,dropped_r3,cần 4 đơn vị giải thích (> 3): không đọc được bằng một câu ngắn,new_workstation_burst,4,khoảng cách phân bố (total variation) của đăng nhập thành công (4624) theo máy nguồn (Source) giữa hôm nay và 14 ngày lịch trước
,dist_shift,success,Source,hist,grammar_invalid,phép đo 'dist_shift' không dùng cửa sổ 'hist',,4,
,dist_shift,success,LogHost,1d,grammar_invalid,phép đo 'dist_shift' không dùng cửa sổ '1d',,3,
,dist_shift,success,LogHost,5m,grammar_invalid,phép đo 'dist_shift' không dùng cửa sổ '5m',,3,
,dist_shift,success,LogHost,15m,grammar_invalid,phép đo 'dist_shift' không dùng cửa sổ '15m',,3,
,dist_shift,success,LogHost,60m,grammar_invalid,phép đo 'dist_shift' không dùng cửa sổ '60m',,3,
dist_shift_success_host_7d,dist_shift,success,LogHost,7d,dropped_r4,"đối tượng 'thành công' gần trùng 'mọi sự kiện' (87,36% dòng không có thất bại)",lateral_fanout,3,khoảng cách phân bố (total variation) của đăng nhập thành công (4624) theo máy đích (LogHost) giữa hôm nay và 7 ngày lịch trước
dist_shift_success_host_14d,dist_shift,success,LogHost,14d,dropped_r3,cần 4 đơn vị giải thích (> 3): không đọc được bằng một câu ngắn,lateral_fanout,4,khoảng cách phân bố (total variation) của đăng nhập thành công (4624) theo máy đích (LogHost) giữa hôm nay và 14 ngày lịch trước
,dist_shift,success,LogHost,hist,grammar_invalid,phép đo 'dist_shift' không dùng cửa sổ 'hist',,4,
,dist_shift,success,pair,1d,grammar_invalid,phép đo 'dist_shift' không dùng cửa sổ '1d',,4,
,dist_shift,success,pair,5m,grammar_invalid,phép đo 'dist_shift' không dùng cửa sổ '5m',,4,
,dist_shift,success,pair,15m,grammar_invalid,phép đo 'dist_shift' không dùng cửa sổ '15m',,4,
,dist_shift,success,pair,60m,grammar_invalid,phép đo 'dist_shift' không dùng cửa sổ '60m',,4,
dist_shift_success_pair_7d,dist_shift,success,pair,7d,dropped_r3,cần 4 đơn vị giải thích (> 3): không đọc được bằng một câu ngắn,"lateral_fanout,new_workstation_burst",4,"khoảng cách phân bố (total variation) của đăng nhập thành công (4624) theo cặp (Source, LogHost) giữa hôm nay và 7 ngày lịch trước"
dist_shift_success_pair_14d,dist_shift,success,pair,14d,dropped_r3,cần 5 đơn vị giải thích (> 3): không đọc được bằng một câu ngắn,"lateral_fanout,new_workstation_burst",5,"khoảng cách phân bố (total variation) của đăng nhập thành công (4624) theo cặp (Source, LogHost) giữa hôm nay và 14 ngày lịch trước"
,dist_shift,success,pair,hist,grammar_invalid,phép đo 'dist_shift' không dùng cửa sổ 'hist',,5,
,dist_shift,success,hour,1d,grammar_invalid,phép đo 'dist_shift' không dùng cửa sổ '1d',,3,
,dist_shift,success,hour,5m,grammar_invalid,phép đo 'dist_shift' không dùng cửa sổ '5m',,3,
,dist_shift,success,hour,15m,grammar_invalid,phép đo 'dist_shift' không dùng cửa sổ '15m',,3,
,dist_shift,success,hour,60m,grammar_invalid,phép đo 'dist_shift' không dùng cửa sổ '60m',,3,
dist_shift_success_hour_7d,dist_shift,success,hour,7d,dropped_r4,"đối tượng 'thành công' gần trùng 'mọi sự kiện' (87,36% dòng không có thất bại)",off_hours,3,khoảng cách phân bố (total variation) của đăng nhập thành công (4624) theo khung giờ giữa hôm nay và 7 ngày lịch trước
dist_shift_success_hour_14d,dist_shift,success,hour,14d,dropped_r3,cần 4 đơn vị giải thích (> 3): không đọc được bằng một câu ngắn,off_hours,4,khoảng cách phân bố (total variation) của đăng nhập thành công (4624) theo khung giờ giữa hôm nay và 14 ngày lịch trước
,dist_shift,success,hour,hist,grammar_invalid,phép đo 'dist_shift' không dùng cửa sổ 'hist',,4,
,dist_shift,success,logon_type,1d,grammar_invalid,phép đo 'dist_shift' không dùng cửa sổ '1d',,3,
,dist_shift,success,logon_type,5m,grammar_invalid,phép đo 'dist_shift' không dùng cửa sổ '5m',,3,
,dist_shift,success,logon_type,15m,grammar_invalid,phép đo 'dist_shift' không dùng cửa sổ '15m',,3,
,dist_shift,success,logon_type,60m,grammar_invalid,phép đo 'dist_shift' không dùng cửa sổ '60m',,3,
dist_shift_success_logontype_7d,dist_shift,success,logon_type,7d,dropped_r4,"đối tượng 'thành công' gần trùng 'mọi sự kiện' (87,36% dòng không có thất bại)",logon_type_switch,3,khoảng cách phân bố (total variation) của đăng nhập thành công (4624) theo loại logon giữa hôm nay và 7 ngày lịch trước
dist_shift_success_logontype_14d,dist_shift,success,logon_type,14d,dropped_r3,cần 4 đơn vị giải thích (> 3): không đọc được bằng một câu ngắn,logon_type_switch,4,khoảng cách phân bố (total variation) của đăng nhập thành công (4624) theo loại logon giữa hôm nay và 14 ngày lịch trước
,dist_shift,success,logon_type,hist,grammar_invalid,phép đo 'dist_shift' không dùng cửa sổ 'hist',,4,
,dist_shift,success,auth,1d,grammar_invalid,phép đo 'dist_shift' không dùng cửa sổ '1d',,4,
,dist_shift,success,auth,5m,grammar_invalid,phép đo 'dist_shift' không dùng cửa sổ '5m',,4,
,dist_shift,success,auth,15m,grammar_invalid,phép đo 'dist_shift' không dùng cửa sổ '15m',,4,
,dist_shift,success,auth,60m,grammar_invalid,phép đo 'dist_shift' không dùng cửa sổ '60m',,4,
dist_shift_success_auth_7d,dist_shift,success,auth,7d,dropped_r2,không nhắm kịch bản nào ở mục 5.2,,4,khoảng cách phân bố (total variation) của đăng nhập thành công (4624) theo gói xác thực giữa hôm nay và 7 ngày lịch trước
dist_shift_success_auth_14d,dist_shift,success,auth,14d,dropped_r2,không nhắm kịch bản nào ở mục 5.2,,5,khoảng cách phân bố (total variation) của đăng nhập thành công (4624) theo gói xác thực giữa hôm nay và 14 ngày lịch trước
,dist_shift,success,auth,hist,grammar_invalid,phép đo 'dist_shift' không dùng cửa sổ 'hist',,5,
,dist_shift,success,fail_reason,1d,grammar_invalid,phép đo 'dist_shift' không dùng cửa sổ '1d',,4,
,dist_shift,success,fail_reason,5m,grammar_invalid,phép đo 'dist_shift' không dùng cửa sổ '5m',,4,
,dist_shift,success,fail_reason,15m,grammar_invalid,phép đo 'dist_shift' không dùng cửa sổ '15m',,4,
,dist_shift,success,fail_reason,60m,grammar_invalid,phép đo 'dist_shift' không dùng cửa sổ '60m',,4,
,dist_shift,success,fail_reason,7d,grammar_invalid,FailureReason chỉ tồn tại ở 4625,,4,
,dist_shift,success,fail_reason,14d,grammar_invalid,FailureReason chỉ tồn tại ở 4625,,5,
,dist_shift,success,fail_reason,hist,grammar_invalid,phép đo 'dist_shift' không dùng cửa sổ 'hist',,5,
,dist_shift,night,event,1d,grammar_invalid,phép đo 'dist_shift' không dùng cửa sổ '1d',,3,
,dist_shift,night,event,5m,grammar_invalid,phép đo 'dist_shift' không dùng cửa sổ '5m',,3,
,dist_shift,night,event,15m,grammar_invalid,phép đo 'dist_shift' không dùng cửa sổ '15m',,3,
,dist_shift,night,event,60m,grammar_invalid,phép đo 'dist_shift' không dùng cửa sổ '60m',,3,
,dist_shift,night,event,7d,grammar_invalid,phép đo 'dist_shift' cần một chiều thực thể,,3,
,dist_shift,night,event,14d,grammar_invalid,phép đo 'dist_shift' cần một chiều thực thể,,4,
,dist_shift,night,event,hist,grammar_invalid,phép đo 'dist_shift' không dùng cửa sổ 'hist',,4,
,dist_shift,night,Source,1d,grammar_invalid,phép đo 'dist_shift' không dùng cửa sổ '1d',,3,
,dist_shift,night,Source,5m,grammar_invalid,phép đo 'dist_shift' không dùng cửa sổ '5m',,3,
,dist_shift,night,Source,15m,grammar_invalid,phép đo 'dist_shift' không dùng cửa sổ '15m',,3,
,dist_shift,night,Source,60m,grammar_invalid,phép đo 'dist_shift' không dùng cửa sổ '60m',,3,
dist_shift_night_source_7d,dist_shift,night,Source,7d,dropped_r2,không nhắm kịch bản nào ở mục 5.2,,3,khoảng cách phân bố (total variation) của sự kiện ngoài giờ (18h–7h) theo máy nguồn (Source) giữa hôm nay và 7 ngày lịch trước
dist_shift_night_source_14d,dist_shift,night,Source,14d,dropped_r2,không nhắm kịch bản nào ở mục 5.2,,4,khoảng cách phân bố (total variation) của sự kiện ngoài giờ (18h–7h) theo máy nguồn (Source) giữa hôm nay và 14 ngày lịch trước
,dist_shift,night,Source,hist,grammar_invalid,phép đo 'dist_shift' không dùng cửa sổ 'hist',,4,
,dist_shift,night,LogHost,1d,grammar_invalid,phép đo 'dist_shift' không dùng cửa sổ '1d',,3,
,dist_shift,night,LogHost,5m,grammar_invalid,phép đo 'dist_shift' không dùng cửa sổ '5m',,3,
,dist_shift,night,LogHost,15m,grammar_invalid,phép đo 'dist_shift' không dùng cửa sổ '15m',,3,
,dist_shift,night,LogHost,60m,grammar_invalid,phép đo 'dist_shift' không dùng cửa sổ '60m',,3,
dist_shift_night_host_7d,dist_shift,night,LogHost,7d,dropped_r2,không nhắm kịch bản nào ở mục 5.2,,3,khoảng cách phân bố (total variation) của sự kiện ngoài giờ (18h–7h) theo máy đích (LogHost) giữa hôm nay và 7 ngày lịch trước
dist_shift_night_host_14d,dist_shift,night,LogHost,14d,dropped_r2,không nhắm kịch bản nào ở mục 5.2,,4,khoảng cách phân bố (total variation) của sự kiện ngoài giờ (18h–7h) theo máy đích (LogHost) giữa hôm nay và 14 ngày lịch trước
,dist_shift,night,LogHost,hist,grammar_invalid,phép đo 'dist_shift' không dùng cửa sổ 'hist',,4,
,dist_shift,night,pair,1d,grammar_invalid,phép đo 'dist_shift' không dùng cửa sổ '1d',,4,
,dist_shift,night,pair,5m,grammar_invalid,phép đo 'dist_shift' không dùng cửa sổ '5m',,4,
,dist_shift,night,pair,15m,grammar_invalid,phép đo 'dist_shift' không dùng cửa sổ '15m',,4,
,dist_shift,night,pair,60m,grammar_invalid,phép đo 'dist_shift' không dùng cửa sổ '60m',,4,
dist_shift_night_pair_7d,dist_shift,night,pair,7d,dropped_r2,không nhắm kịch bản nào ở mục 5.2,,4,"khoảng cách phân bố (total variation) của sự kiện ngoài giờ (18h–7h) theo cặp (Source, LogHost) giữa hôm nay và 7 ngày lịch trước"
dist_shift_night_pair_14d,dist_shift,night,pair,14d,dropped_r2,không nhắm kịch bản nào ở mục 5.2,,5,"khoảng cách phân bố (total variation) của sự kiện ngoài giờ (18h–7h) theo cặp (Source, LogHost) giữa hôm nay và 14 ngày lịch trước"
,dist_shift,night,pair,hist,grammar_invalid,phép đo 'dist_shift' không dùng cửa sổ 'hist',,5,
,dist_shift,night,hour,1d,grammar_invalid,phép đo 'dist_shift' không dùng cửa sổ '1d',,3,
,dist_shift,night,hour,5m,grammar_invalid,phép đo 'dist_shift' không dùng cửa sổ '5m',,3,
,dist_shift,night,hour,15m,grammar_invalid,phép đo 'dist_shift' không dùng cửa sổ '15m',,3,
,dist_shift,night,hour,60m,grammar_invalid,phép đo 'dist_shift' không dùng cửa sổ '60m',,3,
,dist_shift,night,hour,7d,grammar_invalid,'ngoài giờ' được định nghĩa bằng chính khung giờ (vòng lặp định nghĩa),,3,
,dist_shift,night,hour,14d,grammar_invalid,'ngoài giờ' được định nghĩa bằng chính khung giờ (vòng lặp định nghĩa),,4,
,dist_shift,night,hour,hist,grammar_invalid,phép đo 'dist_shift' không dùng cửa sổ 'hist',,4,
,dist_shift,night,logon_type,1d,grammar_invalid,phép đo 'dist_shift' không dùng cửa sổ '1d',,3,
,dist_shift,night,logon_type,5m,grammar_invalid,phép đo 'dist_shift' không dùng cửa sổ '5m',,3,
,dist_shift,night,logon_type,15m,grammar_invalid,phép đo 'dist_shift' không dùng cửa sổ '15m',,3,
,dist_shift,night,logon_type,60m,grammar_invalid,phép đo 'dist_shift' không dùng cửa sổ '60m',,3,
dist_shift_night_logontype_7d,dist_shift,night,logon_type,7d,dropped_r2,không nhắm kịch bản nào ở mục 5.2,,3,khoảng cách phân bố (total variation) của sự kiện ngoài giờ (18h–7h) theo loại logon giữa hôm nay và 7 ngày lịch trước
dist_shift_night_logontype_14d,dist_shift,night,logon_type,14d,dropped_r2,không nhắm kịch bản nào ở mục 5.2,,4,khoảng cách phân bố (total variation) của sự kiện ngoài giờ (18h–7h) theo loại logon giữa hôm nay và 14 ngày lịch trước
,dist_shift,night,logon_type,hist,grammar_invalid,phép đo 'dist_shift' không dùng cửa sổ 'hist',,4,
,dist_shift,night,auth,1d,grammar_invalid,phép đo 'dist_shift' không dùng cửa sổ '1d',,4,
,dist_shift,night,auth,5m,grammar_invalid,phép đo 'dist_shift' không dùng cửa sổ '5m',,4,
,dist_shift,night,auth,15m,grammar_invalid,phép đo 'dist_shift' không dùng cửa sổ '15m',,4,
,dist_shift,night,auth,60m,grammar_invalid,phép đo 'dist_shift' không dùng cửa sổ '60m',,4,
dist_shift_night_auth_7d,dist_shift,night,auth,7d,dropped_r2,không nhắm kịch bản nào ở mục 5.2,,4,khoảng cách phân bố (total variation) của sự kiện ngoài giờ (18h–7h) theo gói xác thực giữa hôm nay và 7 ngày lịch trước
dist_shift_night_auth_14d,dist_shift,night,auth,14d,dropped_r2,không nhắm kịch bản nào ở mục 5.2,,5,khoảng cách phân bố (total variation) của sự kiện ngoài giờ (18h–7h) theo gói xác thực giữa hôm nay và 14 ngày lịch trước
,dist_shift,night,auth,hist,grammar_invalid,phép đo 'dist_shift' không dùng cửa sổ 'hist',,5,
,dist_shift,night,fail_reason,1d,grammar_invalid,phép đo 'dist_shift' không dùng cửa sổ '1d',,4,
,dist_shift,night,fail_reason,5m,grammar_invalid,phép đo 'dist_shift' không dùng cửa sổ '5m',,4,
,dist_shift,night,fail_reason,15m,grammar_invalid,phép đo 'dist_shift' không dùng cửa sổ '15m',,4,
,dist_shift,night,fail_reason,60m,grammar_invalid,phép đo 'dist_shift' không dùng cửa sổ '60m',,4,
,dist_shift,night,fail_reason,7d,grammar_invalid,FailureReason chỉ tồn tại ở 4625,,4,
,dist_shift,night,fail_reason,14d,grammar_invalid,FailureReason chỉ tồn tại ở 4625,,5,
,dist_shift,night,fail_reason,hist,grammar_invalid,phép đo 'dist_shift' không dùng cửa sổ 'hist',,5,
,deviation,all,event,1d,grammar_invalid,phép đo 'deviation' không dùng cửa sổ '1d',,2,
,deviation,all,event,5m,grammar_invalid,phép đo 'deviation' không dùng cửa sổ '5m',,2,
,deviation,all,event,15m,grammar_invalid,phép đo 'deviation' không dùng cửa sổ '15m',,2,
,deviation,all,event,60m,grammar_invalid,phép đo 'deviation' không dùng cửa sổ '60m',,2,
deviation_count_7d,deviation,all,event,7d,dropped_r1,core: volume_robust_z_7d,dormant_wakeup,2,z bền vững của log số mọi sự kiện hôm nay so với 7 ngày lịch trước
deviation_count_14d,deviation,all,event,14d,dropped_r4,"biến thể 14d của một ứng viên 7d (v3.0: novelty nhiều cửa sổ có ρ = 0,9999; warm-up gấp đôi)",dormant_wakeup,3,z bền vững của log số mọi sự kiện hôm nay so với 14 ngày lịch trước
,deviation,all,event,hist,grammar_invalid,phép đo 'deviation' không dùng cửa sổ 'hist',,3,
,deviation,all,Source,1d,grammar_invalid,phép đo 'deviation' không dùng cửa sổ '1d',,2,
,deviation,all,Source,5m,grammar_invalid,phép đo 'deviation' không dùng cửa sổ '5m',,2,
,deviation,all,Source,15m,grammar_invalid,phép đo 'deviation' không dùng cửa sổ '15m',,2,
,deviation,all,Source,60m,grammar_invalid,phép đo 'deviation' không dùng cửa sổ '60m',,2,
deviation_distinct_source_7d,deviation,all,Source,7d,dropped_r4,cùng nền với delta_mean nhưng khó giải thích hơn: giữ hiệu số so với trung bình 7 ngày,new_workstation_burst,2,z bền vững của log số máy nguồn (Source) khác nhau (mọi sự kiện) hôm nay so với 7 ngày lịch trước
deviation_distinct_source_14d,deviation,all,Source,14d,dropped_r4,"biến thể 14d của một ứng viên 7d (v3.0: novelty nhiều cửa sổ có ρ = 0,9999; warm-up gấp đôi)",new_workstation_burst,3,z bền vững của log số máy nguồn (Source) khác nhau (mọi sự kiện) hôm nay so với 14 ngày lịch trước
,deviation,all,Source,hist,grammar_invalid,phép đo 'deviation' không dùng cửa sổ 'hist',,3,
,deviation,all,LogHost,1d,grammar_invalid,phép đo 'deviation' không dùng cửa sổ '1d',,2,
,deviation,all,LogHost,5m,grammar_invalid,phép đo 'deviation' không dùng cửa sổ '5m',,2,
,deviation,all,LogHost,15m,grammar_invalid,phép đo 'deviation' không dùng cửa sổ '15m',,2,
,deviation,all,LogHost,60m,grammar_invalid,phép đo 'deviation' không dùng cửa sổ '60m',,2,
deviation_distinct_host_7d,deviation,all,LogHost,7d,dropped_r4,cùng nền với delta_mean nhưng khó giải thích hơn: giữ hiệu số so với trung bình 7 ngày,lateral_fanout,2,z bền vững của log số máy đích (LogHost) khác nhau (mọi sự kiện) hôm nay so với 7 ngày lịch trước
deviation_distinct_host_14d,deviation,all,LogHost,14d,dropped_r4,"biến thể 14d của một ứng viên 7d (v3.0: novelty nhiều cửa sổ có ρ = 0,9999; warm-up gấp đôi)",lateral_fanout,3,z bền vững của log số máy đích (LogHost) khác nhau (mọi sự kiện) hôm nay so với 14 ngày lịch trước
,deviation,all,LogHost,hist,grammar_invalid,phép đo 'deviation' không dùng cửa sổ 'hist',,3,
,deviation,all,pair,1d,grammar_invalid,phép đo 'deviation' không dùng cửa sổ '1d',,3,
,deviation,all,pair,5m,grammar_invalid,phép đo 'deviation' không dùng cửa sổ '5m',,3,
,deviation,all,pair,15m,grammar_invalid,phép đo 'deviation' không dùng cửa sổ '15m',,3,
,deviation,all,pair,60m,grammar_invalid,phép đo 'deviation' không dùng cửa sổ '60m',,3,
deviation_distinct_pair_7d,deviation,all,pair,7d,dropped_r4,cùng nền với delta_mean nhưng khó giải thích hơn: giữ hiệu số so với trung bình 7 ngày,"lateral_fanout,new_workstation_burst",3,"z bền vững của log số cặp (Source, LogHost) khác nhau (mọi sự kiện) hôm nay so với 7 ngày lịch trước"
deviation_distinct_pair_14d,deviation,all,pair,14d,dropped_r3,cần 4 đơn vị giải thích (> 3): không đọc được bằng một câu ngắn,"lateral_fanout,new_workstation_burst",4,"z bền vững của log số cặp (Source, LogHost) khác nhau (mọi sự kiện) hôm nay so với 14 ngày lịch trước"
,deviation,all,pair,hist,grammar_invalid,phép đo 'deviation' không dùng cửa sổ 'hist',,4,
,deviation,all,hour,1d,grammar_invalid,phép đo 'deviation' không dùng cửa sổ '1d',,2,
,deviation,all,hour,5m,grammar_invalid,phép đo 'deviation' không dùng cửa sổ '5m',,2,
,deviation,all,hour,15m,grammar_invalid,phép đo 'deviation' không dùng cửa sổ '15m',,2,
,deviation,all,hour,60m,grammar_invalid,phép đo 'deviation' không dùng cửa sổ '60m',,2,
deviation_distinct_hour_7d,deviation,all,hour,7d,dropped_r4,cùng nền với delta_mean nhưng khó giải thích hơn: giữ hiệu số so với trung bình 7 ngày,off_hours,2,z bền vững của log số khung giờ khác nhau (mọi sự kiện) hôm nay so với 7 ngày lịch trước
deviation_distinct_hour_14d,deviation,all,hour,14d,dropped_r4,"biến thể 14d của một ứng viên 7d (v3.0: novelty nhiều cửa sổ có ρ = 0,9999; warm-up gấp đôi)",off_hours,3,z bền vững của log số khung giờ khác nhau (mọi sự kiện) hôm nay so với 14 ngày lịch trước
,deviation,all,hour,hist,grammar_invalid,phép đo 'deviation' không dùng cửa sổ 'hist',,3,
,deviation,all,logon_type,1d,grammar_invalid,phép đo 'deviation' không dùng cửa sổ '1d',,2,
,deviation,all,logon_type,5m,grammar_invalid,phép đo 'deviation' không dùng cửa sổ '5m',,2,
,deviation,all,logon_type,15m,grammar_invalid,phép đo 'deviation' không dùng cửa sổ '15m',,2,
,deviation,all,logon_type,60m,grammar_invalid,phép đo 'deviation' không dùng cửa sổ '60m',,2,
deviation_distinct_logontype_7d,deviation,all,logon_type,7d,dropped_r4,cùng nền với delta_mean nhưng khó giải thích hơn: giữ hiệu số so với trung bình 7 ngày,logon_type_switch,2,z bền vững của log số loại logon khác nhau (mọi sự kiện) hôm nay so với 7 ngày lịch trước
deviation_distinct_logontype_14d,deviation,all,logon_type,14d,dropped_r4,"biến thể 14d của một ứng viên 7d (v3.0: novelty nhiều cửa sổ có ρ = 0,9999; warm-up gấp đôi)",logon_type_switch,3,z bền vững của log số loại logon khác nhau (mọi sự kiện) hôm nay so với 14 ngày lịch trước
,deviation,all,logon_type,hist,grammar_invalid,phép đo 'deviation' không dùng cửa sổ 'hist',,3,
,deviation,all,auth,1d,grammar_invalid,phép đo 'deviation' không dùng cửa sổ '1d',,3,
,deviation,all,auth,5m,grammar_invalid,phép đo 'deviation' không dùng cửa sổ '5m',,3,
,deviation,all,auth,15m,grammar_invalid,phép đo 'deviation' không dùng cửa sổ '15m',,3,
,deviation,all,auth,60m,grammar_invalid,phép đo 'deviation' không dùng cửa sổ '60m',,3,
deviation_distinct_auth_7d,deviation,all,auth,7d,dropped_r2,không nhắm kịch bản nào ở mục 5.2,,3,z bền vững của log số gói xác thực khác nhau (mọi sự kiện) hôm nay so với 7 ngày lịch trước
deviation_distinct_auth_14d,deviation,all,auth,14d,dropped_r2,không nhắm kịch bản nào ở mục 5.2,,4,z bền vững của log số gói xác thực khác nhau (mọi sự kiện) hôm nay so với 14 ngày lịch trước
,deviation,all,auth,hist,grammar_invalid,phép đo 'deviation' không dùng cửa sổ 'hist',,4,
,deviation,all,fail_reason,1d,grammar_invalid,phép đo 'deviation' không dùng cửa sổ '1d',,3,
,deviation,all,fail_reason,5m,grammar_invalid,phép đo 'deviation' không dùng cửa sổ '5m',,3,
,deviation,all,fail_reason,15m,grammar_invalid,phép đo 'deviation' không dùng cửa sổ '15m',,3,
,deviation,all,fail_reason,60m,grammar_invalid,phép đo 'deviation' không dùng cửa sổ '60m',,3,
,deviation,all,fail_reason,7d,grammar_invalid,FailureReason chỉ tồn tại ở 4625,,3,
,deviation,all,fail_reason,14d,grammar_invalid,FailureReason chỉ tồn tại ở 4625,,4,
,deviation,all,fail_reason,hist,grammar_invalid,phép đo 'deviation' không dùng cửa sổ 'hist',,4,
,deviation,fail,event,1d,grammar_invalid,phép đo 'deviation' không dùng cửa sổ '1d',,3,
,deviation,fail,event,5m,grammar_invalid,phép đo 'deviation' không dùng cửa sổ '5m',,3,
,deviation,fail,event,15m,grammar_invalid,phép đo 'deviation' không dùng cửa sổ '15m',,3,
,deviation,fail,event,60m,grammar_invalid,phép đo 'deviation' không dùng cửa sổ '60m',,3,
deviation_share_fail_7d,deviation,fail,event,7d,dropped_r4,cùng nền với delta_mean nhưng khó giải thích hơn: giữ hiệu số so với trung bình 7 ngày,"brute_force,password_spraying",3,z bền vững của tỷ lệ đăng nhập thất bại (4625) hôm nay so với 7 ngày lịch trước
deviation_share_fail_14d,deviation,fail,event,14d,dropped_r3,cần 4 đơn vị giải thích (> 3): không đọc được bằng một câu ngắn,"brute_force,password_spraying",4,z bền vững của tỷ lệ đăng nhập thất bại (4625) hôm nay so với 14 ngày lịch trước
,deviation,fail,event,hist,grammar_invalid,phép đo 'deviation' không dùng cửa sổ 'hist',,4,
,deviation,fail,Source,1d,grammar_invalid,phép đo 'deviation' không dùng cửa sổ '1d',,3,
,deviation,fail,Source,5m,grammar_invalid,phép đo 'deviation' không dùng cửa sổ '5m',,3,
,deviation,fail,Source,15m,grammar_invalid,phép đo 'deviation' không dùng cửa sổ '15m',,3,
,deviation,fail,Source,60m,grammar_invalid,phép đo 'deviation' không dùng cửa sổ '60m',,3,
deviation_distinct_fail_source_7d,deviation,fail,Source,7d,dropped_r4,cùng nền với delta_mean nhưng khó giải thích hơn: giữ hiệu số so với trung bình 7 ngày,"brute_force,password_spraying",3,z bền vững của log số máy nguồn (Source) khác nhau (đăng nhập thất bại (4625)) hôm nay so với 7 ngày lịch trước
deviation_distinct_fail_source_14d,deviation,fail,Source,14d,dropped_r3,cần 4 đơn vị giải thích (> 3): không đọc được bằng một câu ngắn,"brute_force,password_spraying",4,z bền vững của log số máy nguồn (Source) khác nhau (đăng nhập thất bại (4625)) hôm nay so với 14 ngày lịch trước
,deviation,fail,Source,hist,grammar_invalid,phép đo 'deviation' không dùng cửa sổ 'hist',,4,
,deviation,fail,LogHost,1d,grammar_invalid,phép đo 'deviation' không dùng cửa sổ '1d',,3,
,deviation,fail,LogHost,5m,grammar_invalid,phép đo 'deviation' không dùng cửa sổ '5m',,3,
,deviation,fail,LogHost,15m,grammar_invalid,phép đo 'deviation' không dùng cửa sổ '15m',,3,
,deviation,fail,LogHost,60m,grammar_invalid,phép đo 'deviation' không dùng cửa sổ '60m',,3,
deviation_distinct_fail_host_7d,deviation,fail,LogHost,7d,dropped_r4,cùng nền với delta_mean nhưng khó giải thích hơn: giữ hiệu số so với trung bình 7 ngày,"brute_force,password_spraying",3,z bền vững của log số máy đích (LogHost) khác nhau (đăng nhập thất bại (4625)) hôm nay so với 7 ngày lịch trước
deviation_distinct_fail_host_14d,deviation,fail,LogHost,14d,dropped_r3,cần 4 đơn vị giải thích (> 3): không đọc được bằng một câu ngắn,"brute_force,password_spraying",4,z bền vững của log số máy đích (LogHost) khác nhau (đăng nhập thất bại (4625)) hôm nay so với 14 ngày lịch trước
,deviation,fail,LogHost,hist,grammar_invalid,phép đo 'deviation' không dùng cửa sổ 'hist',,4,
,deviation,fail,pair,1d,grammar_invalid,phép đo 'deviation' không dùng cửa sổ '1d',,4,
,deviation,fail,pair,5m,grammar_invalid,phép đo 'deviation' không dùng cửa sổ '5m',,4,
,deviation,fail,pair,15m,grammar_invalid,phép đo 'deviation' không dùng cửa sổ '15m',,4,
,deviation,fail,pair,60m,grammar_invalid,phép đo 'deviation' không dùng cửa sổ '60m',,4,
deviation_distinct_fail_pair_7d,deviation,fail,pair,7d,dropped_r3,cần 4 đơn vị giải thích (> 3): không đọc được bằng một câu ngắn,"brute_force,password_spraying",4,"z bền vững của log số cặp (Source, LogHost) khác nhau (đăng nhập thất bại (4625)) hôm nay so với 7 ngày lịch trước"
deviation_distinct_fail_pair_14d,deviation,fail,pair,14d,dropped_r3,cần 5 đơn vị giải thích (> 3): không đọc được bằng một câu ngắn,"brute_force,password_spraying",5,"z bền vững của log số cặp (Source, LogHost) khác nhau (đăng nhập thất bại (4625)) hôm nay so với 14 ngày lịch trước"
,deviation,fail,pair,hist,grammar_invalid,phép đo 'deviation' không dùng cửa sổ 'hist',,5,
,deviation,fail,hour,1d,grammar_invalid,phép đo 'deviation' không dùng cửa sổ '1d',,3,
,deviation,fail,hour,5m,grammar_invalid,phép đo 'deviation' không dùng cửa sổ '5m',,3,
,deviation,fail,hour,15m,grammar_invalid,phép đo 'deviation' không dùng cửa sổ '15m',,3,
,deviation,fail,hour,60m,grammar_invalid,phép đo 'deviation' không dùng cửa sổ '60m',,3,
deviation_distinct_fail_hour_7d,deviation,fail,hour,7d,dropped_r2,không nhắm kịch bản nào ở mục 5.2,,3,z bền vững của log số khung giờ khác nhau (đăng nhập thất bại (4625)) hôm nay so với 7 ngày lịch trước
deviation_distinct_fail_hour_14d,deviation,fail,hour,14d,dropped_r2,không nhắm kịch bản nào ở mục 5.2,,4,z bền vững của log số khung giờ khác nhau (đăng nhập thất bại (4625)) hôm nay so với 14 ngày lịch trước
,deviation,fail,hour,hist,grammar_invalid,phép đo 'deviation' không dùng cửa sổ 'hist',,4,
,deviation,fail,logon_type,1d,grammar_invalid,phép đo 'deviation' không dùng cửa sổ '1d',,3,
,deviation,fail,logon_type,5m,grammar_invalid,phép đo 'deviation' không dùng cửa sổ '5m',,3,
,deviation,fail,logon_type,15m,grammar_invalid,phép đo 'deviation' không dùng cửa sổ '15m',,3,
,deviation,fail,logon_type,60m,grammar_invalid,phép đo 'deviation' không dùng cửa sổ '60m',,3,
deviation_distinct_fail_logontype_7d,deviation,fail,logon_type,7d,dropped_r2,không nhắm kịch bản nào ở mục 5.2,,3,z bền vững của log số loại logon khác nhau (đăng nhập thất bại (4625)) hôm nay so với 7 ngày lịch trước
deviation_distinct_fail_logontype_14d,deviation,fail,logon_type,14d,dropped_r2,không nhắm kịch bản nào ở mục 5.2,,4,z bền vững của log số loại logon khác nhau (đăng nhập thất bại (4625)) hôm nay so với 14 ngày lịch trước
,deviation,fail,logon_type,hist,grammar_invalid,phép đo 'deviation' không dùng cửa sổ 'hist',,4,
,deviation,fail,auth,1d,grammar_invalid,phép đo 'deviation' không dùng cửa sổ '1d',,4,
,deviation,fail,auth,5m,grammar_invalid,phép đo 'deviation' không dùng cửa sổ '5m',,4,
,deviation,fail,auth,15m,grammar_invalid,phép đo 'deviation' không dùng cửa sổ '15m',,4,
,deviation,fail,auth,60m,grammar_invalid,phép đo 'deviation' không dùng cửa sổ '60m',,4,
deviation_distinct_fail_auth_7d,deviation,fail,auth,7d,dropped_r2,không nhắm kịch bản nào ở mục 5.2,,4,z bền vững của log số gói xác thực khác nhau (đăng nhập thất bại (4625)) hôm nay so với 7 ngày lịch trước
deviation_distinct_fail_auth_14d,deviation,fail,auth,14d,dropped_r2,không nhắm kịch bản nào ở mục 5.2,,5,z bền vững của log số gói xác thực khác nhau (đăng nhập thất bại (4625)) hôm nay so với 14 ngày lịch trước
,deviation,fail,auth,hist,grammar_invalid,phép đo 'deviation' không dùng cửa sổ 'hist',,5,
,deviation,fail,fail_reason,1d,grammar_invalid,phép đo 'deviation' không dùng cửa sổ '1d',,4,
,deviation,fail,fail_reason,5m,grammar_invalid,phép đo 'deviation' không dùng cửa sổ '5m',,4,
,deviation,fail,fail_reason,15m,grammar_invalid,phép đo 'deviation' không dùng cửa sổ '15m',,4,
,deviation,fail,fail_reason,60m,grammar_invalid,phép đo 'deviation' không dùng cửa sổ '60m',,4,
deviation_distinct_fail_failreason_7d,deviation,fail,fail_reason,7d,dropped_r3,cần 4 đơn vị giải thích (> 3): không đọc được bằng một câu ngắn,brute_force,4,z bền vững của log số lý do thất bại khác nhau (đăng nhập thất bại (4625)) hôm nay so với 7 ngày lịch trước
deviation_distinct_fail_failreason_14d,deviation,fail,fail_reason,14d,dropped_r3,cần 5 đơn vị giải thích (> 3): không đọc được bằng một câu ngắn,brute_force,5,z bền vững của log số lý do thất bại khác nhau (đăng nhập thất bại (4625)) hôm nay so với 14 ngày lịch trước
,deviation,fail,fail_reason,hist,grammar_invalid,phép đo 'deviation' không dùng cửa sổ 'hist',,5,
,deviation,success,event,1d,grammar_invalid,phép đo 'deviation' không dùng cửa sổ '1d',,3,
,deviation,success,event,5m,grammar_invalid,phép đo 'deviation' không dùng cửa sổ '5m',,3,
,deviation,success,event,15m,grammar_invalid,phép đo 'deviation' không dùng cửa sổ '15m',,3,
,deviation,success,event,60m,grammar_invalid,phép đo 'deviation' không dùng cửa sổ '60m',,3,
deviation_share_success_7d,deviation,success,event,7d,dropped_r4,cùng nền với delta_mean nhưng khó giải thích hơn: giữ hiệu số so với trung bình 7 ngày,dormant_wakeup,3,z bền vững của tỷ lệ đăng nhập thành công (4624) hôm nay so với 7 ngày lịch trước
deviation_share_success_14d,deviation,success,event,14d,dropped_r3,cần 4 đơn vị giải thích (> 3): không đọc được bằng một câu ngắn,dormant_wakeup,4,z bền vững của tỷ lệ đăng nhập thành công (4624) hôm nay so với 14 ngày lịch trước
,deviation,success,event,hist,grammar_invalid,phép đo 'deviation' không dùng cửa sổ 'hist',,4,
,deviation,success,Source,1d,grammar_invalid,phép đo 'deviation' không dùng cửa sổ '1d',,3,
,deviation,success,Source,5m,grammar_invalid,phép đo 'deviation' không dùng cửa sổ '5m',,3,
,deviation,success,Source,15m,grammar_invalid,phép đo 'deviation' không dùng cửa sổ '15m',,3,
,deviation,success,Source,60m,grammar_invalid,phép đo 'deviation' không dùng cửa sổ '60m',,3,
deviation_distinct_success_source_7d,deviation,success,Source,7d,dropped_r4,cùng nền với delta_mean nhưng khó giải thích hơn: giữ hiệu số so với trung bình 7 ngày,new_workstation_burst,3,z bền vững của log số máy nguồn (Source) khác nhau (đăng nhập thành công (4624)) hôm nay so với 7 ngày lịch trước
deviation_distinct_success_source_14d,deviation,success,Source,14d,dropped_r3,cần 4 đơn vị giải thích (> 3): không đọc được bằng một câu ngắn,new_workstation_burst,4,z bền vững của log số máy nguồn (Source) khác nhau (đăng nhập thành công (4624)) hôm nay so với 14 ngày lịch trước
,deviation,success,Source,hist,grammar_invalid,phép đo 'deviation' không dùng cửa sổ 'hist',,4,
,deviation,success,LogHost,1d,grammar_invalid,phép đo 'deviation' không dùng cửa sổ '1d',,3,
,deviation,success,LogHost,5m,grammar_invalid,phép đo 'deviation' không dùng cửa sổ '5m',,3,
,deviation,success,LogHost,15m,grammar_invalid,phép đo 'deviation' không dùng cửa sổ '15m',,3,
,deviation,success,LogHost,60m,grammar_invalid,phép đo 'deviation' không dùng cửa sổ '60m',,3,
deviation_distinct_success_host_7d,deviation,success,LogHost,7d,dropped_r4,cùng nền với delta_mean nhưng khó giải thích hơn: giữ hiệu số so với trung bình 7 ngày,lateral_fanout,3,z bền vững của log số máy đích (LogHost) khác nhau (đăng nhập thành công (4624)) hôm nay so với 7 ngày lịch trước
deviation_distinct_success_host_14d,deviation,success,LogHost,14d,dropped_r3,cần 4 đơn vị giải thích (> 3): không đọc được bằng một câu ngắn,lateral_fanout,4,z bền vững của log số máy đích (LogHost) khác nhau (đăng nhập thành công (4624)) hôm nay so với 14 ngày lịch trước
,deviation,success,LogHost,hist,grammar_invalid,phép đo 'deviation' không dùng cửa sổ 'hist',,4,
,deviation,success,pair,1d,grammar_invalid,phép đo 'deviation' không dùng cửa sổ '1d',,4,
,deviation,success,pair,5m,grammar_invalid,phép đo 'deviation' không dùng cửa sổ '5m',,4,
,deviation,success,pair,15m,grammar_invalid,phép đo 'deviation' không dùng cửa sổ '15m',,4,
,deviation,success,pair,60m,grammar_invalid,phép đo 'deviation' không dùng cửa sổ '60m',,4,
deviation_distinct_success_pair_7d,deviation,success,pair,7d,dropped_r3,cần 4 đơn vị giải thích (> 3): không đọc được bằng một câu ngắn,"lateral_fanout,new_workstation_burst",4,"z bền vững của log số cặp (Source, LogHost) khác nhau (đăng nhập thành công (4624)) hôm nay so với 7 ngày lịch trước"
deviation_distinct_success_pair_14d,deviation,success,pair,14d,dropped_r3,cần 5 đơn vị giải thích (> 3): không đọc được bằng một câu ngắn,"lateral_fanout,new_workstation_burst",5,"z bền vững của log số cặp (Source, LogHost) khác nhau (đăng nhập thành công (4624)) hôm nay so với 14 ngày lịch trước"
,deviation,success,pair,hist,grammar_invalid,phép đo 'deviation' không dùng cửa sổ 'hist',,5,
,deviation,success,hour,1d,grammar_invalid,phép đo 'deviation' không dùng cửa sổ '1d',,3,
,deviation,success,hour,5m,grammar_invalid,phép đo 'deviation' không dùng cửa sổ '5m',,3,
,deviation,success,hour,15m,grammar_invalid,phép đo 'deviation' không dùng cửa sổ '15m',,3,
,deviation,success,hour,60m,grammar_invalid,phép đo 'deviation' không dùng cửa sổ '60m',,3,
deviation_distinct_success_hour_7d,deviation,success,hour,7d,dropped_r4,cùng nền với delta_mean nhưng khó giải thích hơn: giữ hiệu số so với trung bình 7 ngày,off_hours,3,z bền vững của log số khung giờ khác nhau (đăng nhập thành công (4624)) hôm nay so với 7 ngày lịch trước
deviation_distinct_success_hour_14d,deviation,success,hour,14d,dropped_r3,cần 4 đơn vị giải thích (> 3): không đọc được bằng một câu ngắn,off_hours,4,z bền vững của log số khung giờ khác nhau (đăng nhập thành công (4624)) hôm nay so với 14 ngày lịch trước
,deviation,success,hour,hist,grammar_invalid,phép đo 'deviation' không dùng cửa sổ 'hist',,4,
,deviation,success,logon_type,1d,grammar_invalid,phép đo 'deviation' không dùng cửa sổ '1d',,3,
,deviation,success,logon_type,5m,grammar_invalid,phép đo 'deviation' không dùng cửa sổ '5m',,3,
,deviation,success,logon_type,15m,grammar_invalid,phép đo 'deviation' không dùng cửa sổ '15m',,3,
,deviation,success,logon_type,60m,grammar_invalid,phép đo 'deviation' không dùng cửa sổ '60m',,3,
deviation_distinct_success_logontype_7d,deviation,success,logon_type,7d,dropped_r4,cùng nền với delta_mean nhưng khó giải thích hơn: giữ hiệu số so với trung bình 7 ngày,logon_type_switch,3,z bền vững của log số loại logon khác nhau (đăng nhập thành công (4624)) hôm nay so với 7 ngày lịch trước
deviation_distinct_success_logontype_14d,deviation,success,logon_type,14d,dropped_r3,cần 4 đơn vị giải thích (> 3): không đọc được bằng một câu ngắn,logon_type_switch,4,z bền vững của log số loại logon khác nhau (đăng nhập thành công (4624)) hôm nay so với 14 ngày lịch trước
,deviation,success,logon_type,hist,grammar_invalid,phép đo 'deviation' không dùng cửa sổ 'hist',,4,
,deviation,success,auth,1d,grammar_invalid,phép đo 'deviation' không dùng cửa sổ '1d',,4,
,deviation,success,auth,5m,grammar_invalid,phép đo 'deviation' không dùng cửa sổ '5m',,4,
,deviation,success,auth,15m,grammar_invalid,phép đo 'deviation' không dùng cửa sổ '15m',,4,
,deviation,success,auth,60m,grammar_invalid,phép đo 'deviation' không dùng cửa sổ '60m',,4,
deviation_distinct_success_auth_7d,deviation,success,auth,7d,dropped_r2,không nhắm kịch bản nào ở mục 5.2,,4,z bền vững của log số gói xác thực khác nhau (đăng nhập thành công (4624)) hôm nay so với 7 ngày lịch trước
deviation_distinct_success_auth_14d,deviation,success,auth,14d,dropped_r2,không nhắm kịch bản nào ở mục 5.2,,5,z bền vững của log số gói xác thực khác nhau (đăng nhập thành công (4624)) hôm nay so với 14 ngày lịch trước
,deviation,success,auth,hist,grammar_invalid,phép đo 'deviation' không dùng cửa sổ 'hist',,5,
,deviation,success,fail_reason,1d,grammar_invalid,phép đo 'deviation' không dùng cửa sổ '1d',,4,
,deviation,success,fail_reason,5m,grammar_invalid,phép đo 'deviation' không dùng cửa sổ '5m',,4,
,deviation,success,fail_reason,15m,grammar_invalid,phép đo 'deviation' không dùng cửa sổ '15m',,4,
,deviation,success,fail_reason,60m,grammar_invalid,phép đo 'deviation' không dùng cửa sổ '60m',,4,
,deviation,success,fail_reason,7d,grammar_invalid,FailureReason chỉ tồn tại ở 4625,,4,
,deviation,success,fail_reason,14d,grammar_invalid,FailureReason chỉ tồn tại ở 4625,,5,
,deviation,success,fail_reason,hist,grammar_invalid,phép đo 'deviation' không dùng cửa sổ 'hist',,5,
,deviation,night,event,1d,grammar_invalid,phép đo 'deviation' không dùng cửa sổ '1d',,3,
,deviation,night,event,5m,grammar_invalid,phép đo 'deviation' không dùng cửa sổ '5m',,3,
,deviation,night,event,15m,grammar_invalid,phép đo 'deviation' không dùng cửa sổ '15m',,3,
,deviation,night,event,60m,grammar_invalid,phép đo 'deviation' không dùng cửa sổ '60m',,3,
deviation_share_night_7d,deviation,night,event,7d,dropped_r4,cùng nền với delta_mean nhưng khó giải thích hơn: giữ hiệu số so với trung bình 7 ngày,off_hours,3,z bền vững của tỷ lệ sự kiện ngoài giờ (18h–7h) hôm nay so với 7 ngày lịch trước
deviation_share_night_14d,deviation,night,event,14d,dropped_r3,cần 4 đơn vị giải thích (> 3): không đọc được bằng một câu ngắn,off_hours,4,z bền vững của tỷ lệ sự kiện ngoài giờ (18h–7h) hôm nay so với 14 ngày lịch trước
,deviation,night,event,hist,grammar_invalid,phép đo 'deviation' không dùng cửa sổ 'hist',,4,
,deviation,night,Source,1d,grammar_invalid,phép đo 'deviation' không dùng cửa sổ '1d',,3,
,deviation,night,Source,5m,grammar_invalid,phép đo 'deviation' không dùng cửa sổ '5m',,3,
,deviation,night,Source,15m,grammar_invalid,phép đo 'deviation' không dùng cửa sổ '15m',,3,
,deviation,night,Source,60m,grammar_invalid,phép đo 'deviation' không dùng cửa sổ '60m',,3,
deviation_distinct_night_source_7d,deviation,night,Source,7d,dropped_r2,không nhắm kịch bản nào ở mục 5.2,,3,z bền vững của log số máy nguồn (Source) khác nhau (sự kiện ngoài giờ (18h–7h)) hôm nay so với 7 ngày lịch trước
deviation_distinct_night_source_14d,deviation,night,Source,14d,dropped_r2,không nhắm kịch bản nào ở mục 5.2,,4,z bền vững của log số máy nguồn (Source) khác nhau (sự kiện ngoài giờ (18h–7h)) hôm nay so với 14 ngày lịch trước
,deviation,night,Source,hist,grammar_invalid,phép đo 'deviation' không dùng cửa sổ 'hist',,4,
,deviation,night,LogHost,1d,grammar_invalid,phép đo 'deviation' không dùng cửa sổ '1d',,3,
,deviation,night,LogHost,5m,grammar_invalid,phép đo 'deviation' không dùng cửa sổ '5m',,3,
,deviation,night,LogHost,15m,grammar_invalid,phép đo 'deviation' không dùng cửa sổ '15m',,3,
,deviation,night,LogHost,60m,grammar_invalid,phép đo 'deviation' không dùng cửa sổ '60m',,3,
deviation_distinct_night_host_7d,deviation,night,LogHost,7d,dropped_r2,không nhắm kịch bản nào ở mục 5.2,,3,z bền vững của log số máy đích (LogHost) khác nhau (sự kiện ngoài giờ (18h–7h)) hôm nay so với 7 ngày lịch trước
deviation_distinct_night_host_14d,deviation,night,LogHost,14d,dropped_r2,không nhắm kịch bản nào ở mục 5.2,,4,z bền vững của log số máy đích (LogHost) khác nhau (sự kiện ngoài giờ (18h–7h)) hôm nay so với 14 ngày lịch trước
,deviation,night,LogHost,hist,grammar_invalid,phép đo 'deviation' không dùng cửa sổ 'hist',,4,
,deviation,night,pair,1d,grammar_invalid,phép đo 'deviation' không dùng cửa sổ '1d',,4,
,deviation,night,pair,5m,grammar_invalid,phép đo 'deviation' không dùng cửa sổ '5m',,4,
,deviation,night,pair,15m,grammar_invalid,phép đo 'deviation' không dùng cửa sổ '15m',,4,
,deviation,night,pair,60m,grammar_invalid,phép đo 'deviation' không dùng cửa sổ '60m',,4,
deviation_distinct_night_pair_7d,deviation,night,pair,7d,dropped_r2,không nhắm kịch bản nào ở mục 5.2,,4,"z bền vững của log số cặp (Source, LogHost) khác nhau (sự kiện ngoài giờ (18h–7h)) hôm nay so với 7 ngày lịch trước"
deviation_distinct_night_pair_14d,deviation,night,pair,14d,dropped_r2,không nhắm kịch bản nào ở mục 5.2,,5,"z bền vững của log số cặp (Source, LogHost) khác nhau (sự kiện ngoài giờ (18h–7h)) hôm nay so với 14 ngày lịch trước"
,deviation,night,pair,hist,grammar_invalid,phép đo 'deviation' không dùng cửa sổ 'hist',,5,
,deviation,night,hour,1d,grammar_invalid,phép đo 'deviation' không dùng cửa sổ '1d',,3,
,deviation,night,hour,5m,grammar_invalid,phép đo 'deviation' không dùng cửa sổ '5m',,3,
,deviation,night,hour,15m,grammar_invalid,phép đo 'deviation' không dùng cửa sổ '15m',,3,
,deviation,night,hour,60m,grammar_invalid,phép đo 'deviation' không dùng cửa sổ '60m',,3,
,deviation,night,hour,7d,grammar_invalid,'ngoài giờ' được định nghĩa bằng chính khung giờ (vòng lặp định nghĩa),,3,
,deviation,night,hour,14d,grammar_invalid,'ngoài giờ' được định nghĩa bằng chính khung giờ (vòng lặp định nghĩa),,4,
,deviation,night,hour,hist,grammar_invalid,phép đo 'deviation' không dùng cửa sổ 'hist',,4,
,deviation,night,logon_type,1d,grammar_invalid,phép đo 'deviation' không dùng cửa sổ '1d',,3,
,deviation,night,logon_type,5m,grammar_invalid,phép đo 'deviation' không dùng cửa sổ '5m',,3,
,deviation,night,logon_type,15m,grammar_invalid,phép đo 'deviation' không dùng cửa sổ '15m',,3,
,deviation,night,logon_type,60m,grammar_invalid,phép đo 'deviation' không dùng cửa sổ '60m',,3,
deviation_distinct_night_logontype_7d,deviation,night,logon_type,7d,dropped_r2,không nhắm kịch bản nào ở mục 5.2,,3,z bền vững của log số loại logon khác nhau (sự kiện ngoài giờ (18h–7h)) hôm nay so với 7 ngày lịch trước
deviation_distinct_night_logontype_14d,deviation,night,logon_type,14d,dropped_r2,không nhắm kịch bản nào ở mục 5.2,,4,z bền vững của log số loại logon khác nhau (sự kiện ngoài giờ (18h–7h)) hôm nay so với 14 ngày lịch trước
,deviation,night,logon_type,hist,grammar_invalid,phép đo 'deviation' không dùng cửa sổ 'hist',,4,
,deviation,night,auth,1d,grammar_invalid,phép đo 'deviation' không dùng cửa sổ '1d',,4,
,deviation,night,auth,5m,grammar_invalid,phép đo 'deviation' không dùng cửa sổ '5m',,4,
,deviation,night,auth,15m,grammar_invalid,phép đo 'deviation' không dùng cửa sổ '15m',,4,
,deviation,night,auth,60m,grammar_invalid,phép đo 'deviation' không dùng cửa sổ '60m',,4,
deviation_distinct_night_auth_7d,deviation,night,auth,7d,dropped_r2,không nhắm kịch bản nào ở mục 5.2,,4,z bền vững của log số gói xác thực khác nhau (sự kiện ngoài giờ (18h–7h)) hôm nay so với 7 ngày lịch trước
deviation_distinct_night_auth_14d,deviation,night,auth,14d,dropped_r2,không nhắm kịch bản nào ở mục 5.2,,5,z bền vững của log số gói xác thực khác nhau (sự kiện ngoài giờ (18h–7h)) hôm nay so với 14 ngày lịch trước
,deviation,night,auth,hist,grammar_invalid,phép đo 'deviation' không dùng cửa sổ 'hist',,5,
,deviation,night,fail_reason,1d,grammar_invalid,phép đo 'deviation' không dùng cửa sổ '1d',,4,
,deviation,night,fail_reason,5m,grammar_invalid,phép đo 'deviation' không dùng cửa sổ '5m',,4,
,deviation,night,fail_reason,15m,grammar_invalid,phép đo 'deviation' không dùng cửa sổ '15m',,4,
,deviation,night,fail_reason,60m,grammar_invalid,phép đo 'deviation' không dùng cửa sổ '60m',,4,
,deviation,night,fail_reason,7d,grammar_invalid,FailureReason chỉ tồn tại ở 4625,,4,
,deviation,night,fail_reason,14d,grammar_invalid,FailureReason chỉ tồn tại ở 4625,,5,
,deviation,night,fail_reason,hist,grammar_invalid,phép đo 'deviation' không dùng cửa sổ 'hist',,5,
,delta_mean,all,event,1d,grammar_invalid,phép đo 'delta_mean' không dùng cửa sổ '1d',,1,
,delta_mean,all,event,5m,grammar_invalid,phép đo 'delta_mean' không dùng cửa sổ '5m',,1,
,delta_mean,all,event,15m,grammar_invalid,phép đo 'delta_mean' không dùng cửa sổ '15m',,1,
,delta_mean,all,event,60m,grammar_invalid,phép đo 'delta_mean' không dùng cửa sổ '60m',,1,
delta_mean_count_7d,delta_mean,all,event,7d,round2,,dormant_wakeup,1,log số mọi sự kiện hôm nay trừ trung bình của 7 ngày lịch trước
delta_mean_count_14d,delta_mean,all,event,14d,dropped_r4,"biến thể 14d của một ứng viên 7d (v3.0: novelty nhiều cửa sổ có ρ = 0,9999; warm-up gấp đôi)",dormant_wakeup,2,log số mọi sự kiện hôm nay trừ trung bình của 14 ngày lịch trước
,delta_mean,all,event,hist,grammar_invalid,phép đo 'delta_mean' không dùng cửa sổ 'hist',,2,
,delta_mean,all,Source,1d,grammar_invalid,phép đo 'delta_mean' không dùng cửa sổ '1d',,1,
,delta_mean,all,Source,5m,grammar_invalid,phép đo 'delta_mean' không dùng cửa sổ '5m',,1,
,delta_mean,all,Source,15m,grammar_invalid,phép đo 'delta_mean' không dùng cửa sổ '15m',,1,
,delta_mean,all,Source,60m,grammar_invalid,phép đo 'delta_mean' không dùng cửa sổ '60m',,1,
delta_mean_distinct_source_7d,delta_mean,all,Source,7d,round2,,new_workstation_burst,1,log số máy nguồn (Source) khác nhau (mọi sự kiện) hôm nay trừ trung bình của 7 ngày lịch trước
delta_mean_distinct_source_14d,delta_mean,all,Source,14d,dropped_r4,"biến thể 14d của một ứng viên 7d (v3.0: novelty nhiều cửa sổ có ρ = 0,9999; warm-up gấp đôi)",new_workstation_burst,2,log số máy nguồn (Source) khác nhau (mọi sự kiện) hôm nay trừ trung bình của 14 ngày lịch trước
,delta_mean,all,Source,hist,grammar_invalid,phép đo 'delta_mean' không dùng cửa sổ 'hist',,2,
,delta_mean,all,LogHost,1d,grammar_invalid,phép đo 'delta_mean' không dùng cửa sổ '1d',,1,
,delta_mean,all,LogHost,5m,grammar_invalid,phép đo 'delta_mean' không dùng cửa sổ '5m',,1,
,delta_mean,all,LogHost,15m,grammar_invalid,phép đo 'delta_mean' không dùng cửa sổ '15m',,1,
,delta_mean,all,LogHost,60m,grammar_invalid,phép đo 'delta_mean' không dùng cửa sổ '60m',,1,
delta_mean_distinct_host_7d,delta_mean,all,LogHost,7d,round2,,lateral_fanout,1,log số máy đích (LogHost) khác nhau (mọi sự kiện) hôm nay trừ trung bình của 7 ngày lịch trước
delta_mean_distinct_host_14d,delta_mean,all,LogHost,14d,dropped_r4,"biến thể 14d của một ứng viên 7d (v3.0: novelty nhiều cửa sổ có ρ = 0,9999; warm-up gấp đôi)",lateral_fanout,2,log số máy đích (LogHost) khác nhau (mọi sự kiện) hôm nay trừ trung bình của 14 ngày lịch trước
,delta_mean,all,LogHost,hist,grammar_invalid,phép đo 'delta_mean' không dùng cửa sổ 'hist',,2,
,delta_mean,all,pair,1d,grammar_invalid,phép đo 'delta_mean' không dùng cửa sổ '1d',,2,
,delta_mean,all,pair,5m,grammar_invalid,phép đo 'delta_mean' không dùng cửa sổ '5m',,2,
,delta_mean,all,pair,15m,grammar_invalid,phép đo 'delta_mean' không dùng cửa sổ '15m',,2,
,delta_mean,all,pair,60m,grammar_invalid,phép đo 'delta_mean' không dùng cửa sổ '60m',,2,
delta_mean_distinct_pair_7d,delta_mean,all,pair,7d,round2,,"lateral_fanout,new_workstation_burst",2,"log số cặp (Source, LogHost) khác nhau (mọi sự kiện) hôm nay trừ trung bình của 7 ngày lịch trước"
delta_mean_distinct_pair_14d,delta_mean,all,pair,14d,dropped_r4,"biến thể 14d của một ứng viên 7d (v3.0: novelty nhiều cửa sổ có ρ = 0,9999; warm-up gấp đôi)","lateral_fanout,new_workstation_burst",3,"log số cặp (Source, LogHost) khác nhau (mọi sự kiện) hôm nay trừ trung bình của 14 ngày lịch trước"
,delta_mean,all,pair,hist,grammar_invalid,phép đo 'delta_mean' không dùng cửa sổ 'hist',,3,
,delta_mean,all,hour,1d,grammar_invalid,phép đo 'delta_mean' không dùng cửa sổ '1d',,1,
,delta_mean,all,hour,5m,grammar_invalid,phép đo 'delta_mean' không dùng cửa sổ '5m',,1,
,delta_mean,all,hour,15m,grammar_invalid,phép đo 'delta_mean' không dùng cửa sổ '15m',,1,
,delta_mean,all,hour,60m,grammar_invalid,phép đo 'delta_mean' không dùng cửa sổ '60m',,1,
delta_mean_distinct_hour_7d,delta_mean,all,hour,7d,round2,,off_hours,1,log số khung giờ khác nhau (mọi sự kiện) hôm nay trừ trung bình của 7 ngày lịch trước
delta_mean_distinct_hour_14d,delta_mean,all,hour,14d,dropped_r4,"biến thể 14d của một ứng viên 7d (v3.0: novelty nhiều cửa sổ có ρ = 0,9999; warm-up gấp đôi)",off_hours,2,log số khung giờ khác nhau (mọi sự kiện) hôm nay trừ trung bình của 14 ngày lịch trước
,delta_mean,all,hour,hist,grammar_invalid,phép đo 'delta_mean' không dùng cửa sổ 'hist',,2,
,delta_mean,all,logon_type,1d,grammar_invalid,phép đo 'delta_mean' không dùng cửa sổ '1d',,1,
,delta_mean,all,logon_type,5m,grammar_invalid,phép đo 'delta_mean' không dùng cửa sổ '5m',,1,
,delta_mean,all,logon_type,15m,grammar_invalid,phép đo 'delta_mean' không dùng cửa sổ '15m',,1,
,delta_mean,all,logon_type,60m,grammar_invalid,phép đo 'delta_mean' không dùng cửa sổ '60m',,1,
delta_mean_distinct_logontype_7d,delta_mean,all,logon_type,7d,round2,,logon_type_switch,1,log số loại logon khác nhau (mọi sự kiện) hôm nay trừ trung bình của 7 ngày lịch trước
delta_mean_distinct_logontype_14d,delta_mean,all,logon_type,14d,dropped_r4,"biến thể 14d của một ứng viên 7d (v3.0: novelty nhiều cửa sổ có ρ = 0,9999; warm-up gấp đôi)",logon_type_switch,2,log số loại logon khác nhau (mọi sự kiện) hôm nay trừ trung bình của 14 ngày lịch trước
,delta_mean,all,logon_type,hist,grammar_invalid,phép đo 'delta_mean' không dùng cửa sổ 'hist',,2,
,delta_mean,all,auth,1d,grammar_invalid,phép đo 'delta_mean' không dùng cửa sổ '1d',,2,
,delta_mean,all,auth,5m,grammar_invalid,phép đo 'delta_mean' không dùng cửa sổ '5m',,2,
,delta_mean,all,auth,15m,grammar_invalid,phép đo 'delta_mean' không dùng cửa sổ '15m',,2,
,delta_mean,all,auth,60m,grammar_invalid,phép đo 'delta_mean' không dùng cửa sổ '60m',,2,
delta_mean_distinct_auth_7d,delta_mean,all,auth,7d,dropped_r2,không nhắm kịch bản nào ở mục 5.2,,2,log số gói xác thực khác nhau (mọi sự kiện) hôm nay trừ trung bình của 7 ngày lịch trước
delta_mean_distinct_auth_14d,delta_mean,all,auth,14d,dropped_r2,không nhắm kịch bản nào ở mục 5.2,,3,log số gói xác thực khác nhau (mọi sự kiện) hôm nay trừ trung bình của 14 ngày lịch trước
,delta_mean,all,auth,hist,grammar_invalid,phép đo 'delta_mean' không dùng cửa sổ 'hist',,3,
,delta_mean,all,fail_reason,1d,grammar_invalid,phép đo 'delta_mean' không dùng cửa sổ '1d',,2,
,delta_mean,all,fail_reason,5m,grammar_invalid,phép đo 'delta_mean' không dùng cửa sổ '5m',,2,
,delta_mean,all,fail_reason,15m,grammar_invalid,phép đo 'delta_mean' không dùng cửa sổ '15m',,2,
,delta_mean,all,fail_reason,60m,grammar_invalid,phép đo 'delta_mean' không dùng cửa sổ '60m',,2,
,delta_mean,all,fail_reason,7d,grammar_invalid,FailureReason chỉ tồn tại ở 4625,,2,
,delta_mean,all,fail_reason,14d,grammar_invalid,FailureReason chỉ tồn tại ở 4625,,3,
,delta_mean,all,fail_reason,hist,grammar_invalid,phép đo 'delta_mean' không dùng cửa sổ 'hist',,3,
,delta_mean,fail,event,1d,grammar_invalid,phép đo 'delta_mean' không dùng cửa sổ '1d',,2,
,delta_mean,fail,event,5m,grammar_invalid,phép đo 'delta_mean' không dùng cửa sổ '5m',,2,
,delta_mean,fail,event,15m,grammar_invalid,phép đo 'delta_mean' không dùng cửa sổ '15m',,2,
,delta_mean,fail,event,60m,grammar_invalid,phép đo 'delta_mean' không dùng cửa sổ '60m',,2,
delta_mean_share_fail_7d,delta_mean,fail,event,7d,round2,,"brute_force,password_spraying",2,tỷ lệ đăng nhập thất bại (4625) hôm nay trừ trung bình của 7 ngày lịch trước
delta_mean_share_fail_14d,delta_mean,fail,event,14d,dropped_r4,"biến thể 14d của một ứng viên 7d (v3.0: novelty nhiều cửa sổ có ρ = 0,9999; warm-up gấp đôi)","brute_force,password_spraying",3,tỷ lệ đăng nhập thất bại (4625) hôm nay trừ trung bình của 14 ngày lịch trước
,delta_mean,fail,event,hist,grammar_invalid,phép đo 'delta_mean' không dùng cửa sổ 'hist',,3,
,delta_mean,fail,Source,1d,grammar_invalid,phép đo 'delta_mean' không dùng cửa sổ '1d',,2,
,delta_mean,fail,Source,5m,grammar_invalid,phép đo 'delta_mean' không dùng cửa sổ '5m',,2,
,delta_mean,fail,Source,15m,grammar_invalid,phép đo 'delta_mean' không dùng cửa sổ '15m',,2,
,delta_mean,fail,Source,60m,grammar_invalid,phép đo 'delta_mean' không dùng cửa sổ '60m',,2,
delta_mean_distinct_fail_source_7d,delta_mean,fail,Source,7d,round2,,"brute_force,password_spraying",2,log số máy nguồn (Source) khác nhau (đăng nhập thất bại (4625)) hôm nay trừ trung bình của 7 ngày lịch trước
delta_mean_distinct_fail_source_14d,delta_mean,fail,Source,14d,dropped_r4,"biến thể 14d của một ứng viên 7d (v3.0: novelty nhiều cửa sổ có ρ = 0,9999; warm-up gấp đôi)","brute_force,password_spraying",3,log số máy nguồn (Source) khác nhau (đăng nhập thất bại (4625)) hôm nay trừ trung bình của 14 ngày lịch trước
,delta_mean,fail,Source,hist,grammar_invalid,phép đo 'delta_mean' không dùng cửa sổ 'hist',,3,
,delta_mean,fail,LogHost,1d,grammar_invalid,phép đo 'delta_mean' không dùng cửa sổ '1d',,2,
,delta_mean,fail,LogHost,5m,grammar_invalid,phép đo 'delta_mean' không dùng cửa sổ '5m',,2,
,delta_mean,fail,LogHost,15m,grammar_invalid,phép đo 'delta_mean' không dùng cửa sổ '15m',,2,
,delta_mean,fail,LogHost,60m,grammar_invalid,phép đo 'delta_mean' không dùng cửa sổ '60m',,2,
delta_mean_distinct_fail_host_7d,delta_mean,fail,LogHost,7d,round2,,"brute_force,password_spraying",2,log số máy đích (LogHost) khác nhau (đăng nhập thất bại (4625)) hôm nay trừ trung bình của 7 ngày lịch trước
delta_mean_distinct_fail_host_14d,delta_mean,fail,LogHost,14d,dropped_r4,"biến thể 14d của một ứng viên 7d (v3.0: novelty nhiều cửa sổ có ρ = 0,9999; warm-up gấp đôi)","brute_force,password_spraying",3,log số máy đích (LogHost) khác nhau (đăng nhập thất bại (4625)) hôm nay trừ trung bình của 14 ngày lịch trước
,delta_mean,fail,LogHost,hist,grammar_invalid,phép đo 'delta_mean' không dùng cửa sổ 'hist',,3,
,delta_mean,fail,pair,1d,grammar_invalid,phép đo 'delta_mean' không dùng cửa sổ '1d',,3,
,delta_mean,fail,pair,5m,grammar_invalid,phép đo 'delta_mean' không dùng cửa sổ '5m',,3,
,delta_mean,fail,pair,15m,grammar_invalid,phép đo 'delta_mean' không dùng cửa sổ '15m',,3,
,delta_mean,fail,pair,60m,grammar_invalid,phép đo 'delta_mean' không dùng cửa sổ '60m',,3,
delta_mean_distinct_fail_pair_7d,delta_mean,fail,pair,7d,round2,,"brute_force,password_spraying",3,"log số cặp (Source, LogHost) khác nhau (đăng nhập thất bại (4625)) hôm nay trừ trung bình của 7 ngày lịch trước"
delta_mean_distinct_fail_pair_14d,delta_mean,fail,pair,14d,dropped_r3,cần 4 đơn vị giải thích (> 3): không đọc được bằng một câu ngắn,"brute_force,password_spraying",4,"log số cặp (Source, LogHost) khác nhau (đăng nhập thất bại (4625)) hôm nay trừ trung bình của 14 ngày lịch trước"
,delta_mean,fail,pair,hist,grammar_invalid,phép đo 'delta_mean' không dùng cửa sổ 'hist',,4,
,delta_mean,fail,hour,1d,grammar_invalid,phép đo 'delta_mean' không dùng cửa sổ '1d',,2,
,delta_mean,fail,hour,5m,grammar_invalid,phép đo 'delta_mean' không dùng cửa sổ '5m',,2,
,delta_mean,fail,hour,15m,grammar_invalid,phép đo 'delta_mean' không dùng cửa sổ '15m',,2,
,delta_mean,fail,hour,60m,grammar_invalid,phép đo 'delta_mean' không dùng cửa sổ '60m',,2,
delta_mean_distinct_fail_hour_7d,delta_mean,fail,hour,7d,dropped_r2,không nhắm kịch bản nào ở mục 5.2,,2,log số khung giờ khác nhau (đăng nhập thất bại (4625)) hôm nay trừ trung bình của 7 ngày lịch trước
delta_mean_distinct_fail_hour_14d,delta_mean,fail,hour,14d,dropped_r2,không nhắm kịch bản nào ở mục 5.2,,3,log số khung giờ khác nhau (đăng nhập thất bại (4625)) hôm nay trừ trung bình của 14 ngày lịch trước
,delta_mean,fail,hour,hist,grammar_invalid,phép đo 'delta_mean' không dùng cửa sổ 'hist',,3,
,delta_mean,fail,logon_type,1d,grammar_invalid,phép đo 'delta_mean' không dùng cửa sổ '1d',,2,
,delta_mean,fail,logon_type,5m,grammar_invalid,phép đo 'delta_mean' không dùng cửa sổ '5m',,2,
,delta_mean,fail,logon_type,15m,grammar_invalid,phép đo 'delta_mean' không dùng cửa sổ '15m',,2,
,delta_mean,fail,logon_type,60m,grammar_invalid,phép đo 'delta_mean' không dùng cửa sổ '60m',,2,
delta_mean_distinct_fail_logontype_7d,delta_mean,fail,logon_type,7d,dropped_r2,không nhắm kịch bản nào ở mục 5.2,,2,log số loại logon khác nhau (đăng nhập thất bại (4625)) hôm nay trừ trung bình của 7 ngày lịch trước
delta_mean_distinct_fail_logontype_14d,delta_mean,fail,logon_type,14d,dropped_r2,không nhắm kịch bản nào ở mục 5.2,,3,log số loại logon khác nhau (đăng nhập thất bại (4625)) hôm nay trừ trung bình của 14 ngày lịch trước
,delta_mean,fail,logon_type,hist,grammar_invalid,phép đo 'delta_mean' không dùng cửa sổ 'hist',,3,
,delta_mean,fail,auth,1d,grammar_invalid,phép đo 'delta_mean' không dùng cửa sổ '1d',,3,
,delta_mean,fail,auth,5m,grammar_invalid,phép đo 'delta_mean' không dùng cửa sổ '5m',,3,
,delta_mean,fail,auth,15m,grammar_invalid,phép đo 'delta_mean' không dùng cửa sổ '15m',,3,
,delta_mean,fail,auth,60m,grammar_invalid,phép đo 'delta_mean' không dùng cửa sổ '60m',,3,
delta_mean_distinct_fail_auth_7d,delta_mean,fail,auth,7d,dropped_r2,không nhắm kịch bản nào ở mục 5.2,,3,log số gói xác thực khác nhau (đăng nhập thất bại (4625)) hôm nay trừ trung bình của 7 ngày lịch trước
delta_mean_distinct_fail_auth_14d,delta_mean,fail,auth,14d,dropped_r2,không nhắm kịch bản nào ở mục 5.2,,4,log số gói xác thực khác nhau (đăng nhập thất bại (4625)) hôm nay trừ trung bình của 14 ngày lịch trước
,delta_mean,fail,auth,hist,grammar_invalid,phép đo 'delta_mean' không dùng cửa sổ 'hist',,4,
,delta_mean,fail,fail_reason,1d,grammar_invalid,phép đo 'delta_mean' không dùng cửa sổ '1d',,3,
,delta_mean,fail,fail_reason,5m,grammar_invalid,phép đo 'delta_mean' không dùng cửa sổ '5m',,3,
,delta_mean,fail,fail_reason,15m,grammar_invalid,phép đo 'delta_mean' không dùng cửa sổ '15m',,3,
,delta_mean,fail,fail_reason,60m,grammar_invalid,phép đo 'delta_mean' không dùng cửa sổ '60m',,3,
delta_mean_distinct_fail_failreason_7d,delta_mean,fail,fail_reason,7d,round2,,brute_force,3,log số lý do thất bại khác nhau (đăng nhập thất bại (4625)) hôm nay trừ trung bình của 7 ngày lịch trước
delta_mean_distinct_fail_failreason_14d,delta_mean,fail,fail_reason,14d,dropped_r3,cần 4 đơn vị giải thích (> 3): không đọc được bằng một câu ngắn,brute_force,4,log số lý do thất bại khác nhau (đăng nhập thất bại (4625)) hôm nay trừ trung bình của 14 ngày lịch trước
,delta_mean,fail,fail_reason,hist,grammar_invalid,phép đo 'delta_mean' không dùng cửa sổ 'hist',,4,
,delta_mean,success,event,1d,grammar_invalid,phép đo 'delta_mean' không dùng cửa sổ '1d',,2,
,delta_mean,success,event,5m,grammar_invalid,phép đo 'delta_mean' không dùng cửa sổ '5m',,2,
,delta_mean,success,event,15m,grammar_invalid,phép đo 'delta_mean' không dùng cửa sổ '15m',,2,
,delta_mean,success,event,60m,grammar_invalid,phép đo 'delta_mean' không dùng cửa sổ '60m',,2,
delta_mean_share_success_7d,delta_mean,success,event,7d,dropped_r4,"đối tượng 'thành công' gần trùng 'mọi sự kiện' (87,36% dòng không có thất bại)",dormant_wakeup,2,tỷ lệ đăng nhập thành công (4624) hôm nay trừ trung bình của 7 ngày lịch trước
delta_mean_share_success_14d,delta_mean,success,event,14d,dropped_r4,"biến thể 14d của một ứng viên 7d (v3.0: novelty nhiều cửa sổ có ρ = 0,9999; warm-up gấp đôi)",dormant_wakeup,3,tỷ lệ đăng nhập thành công (4624) hôm nay trừ trung bình của 14 ngày lịch trước
,delta_mean,success,event,hist,grammar_invalid,phép đo 'delta_mean' không dùng cửa sổ 'hist',,3,
,delta_mean,success,Source,1d,grammar_invalid,phép đo 'delta_mean' không dùng cửa sổ '1d',,2,
,delta_mean,success,Source,5m,grammar_invalid,phép đo 'delta_mean' không dùng cửa sổ '5m',,2,
,delta_mean,success,Source,15m,grammar_invalid,phép đo 'delta_mean' không dùng cửa sổ '15m',,2,
,delta_mean,success,Source,60m,grammar_invalid,phép đo 'delta_mean' không dùng cửa sổ '60m',,2,
delta_mean_distinct_success_source_7d,delta_mean,success,Source,7d,dropped_r4,"đối tượng 'thành công' gần trùng 'mọi sự kiện' (87,36% dòng không có thất bại)",new_workstation_burst,2,log số máy nguồn (Source) khác nhau (đăng nhập thành công (4624)) hôm nay trừ trung bình của 7 ngày lịch trước
delta_mean_distinct_success_source_14d,delta_mean,success,Source,14d,dropped_r4,"biến thể 14d của một ứng viên 7d (v3.0: novelty nhiều cửa sổ có ρ = 0,9999; warm-up gấp đôi)",new_workstation_burst,3,log số máy nguồn (Source) khác nhau (đăng nhập thành công (4624)) hôm nay trừ trung bình của 14 ngày lịch trước
,delta_mean,success,Source,hist,grammar_invalid,phép đo 'delta_mean' không dùng cửa sổ 'hist',,3,
,delta_mean,success,LogHost,1d,grammar_invalid,phép đo 'delta_mean' không dùng cửa sổ '1d',,2,
,delta_mean,success,LogHost,5m,grammar_invalid,phép đo 'delta_mean' không dùng cửa sổ '5m',,2,
,delta_mean,success,LogHost,15m,grammar_invalid,phép đo 'delta_mean' không dùng cửa sổ '15m',,2,
,delta_mean,success,LogHost,60m,grammar_invalid,phép đo 'delta_mean' không dùng cửa sổ '60m',,2,
delta_mean_distinct_success_host_7d,delta_mean,success,LogHost,7d,dropped_r4,"đối tượng 'thành công' gần trùng 'mọi sự kiện' (87,36% dòng không có thất bại)",lateral_fanout,2,log số máy đích (LogHost) khác nhau (đăng nhập thành công (4624)) hôm nay trừ trung bình của 7 ngày lịch trước
delta_mean_distinct_success_host_14d,delta_mean,success,LogHost,14d,dropped_r4,"biến thể 14d của một ứng viên 7d (v3.0: novelty nhiều cửa sổ có ρ = 0,9999; warm-up gấp đôi)",lateral_fanout,3,log số máy đích (LogHost) khác nhau (đăng nhập thành công (4624)) hôm nay trừ trung bình của 14 ngày lịch trước
,delta_mean,success,LogHost,hist,grammar_invalid,phép đo 'delta_mean' không dùng cửa sổ 'hist',,3,
,delta_mean,success,pair,1d,grammar_invalid,phép đo 'delta_mean' không dùng cửa sổ '1d',,3,
,delta_mean,success,pair,5m,grammar_invalid,phép đo 'delta_mean' không dùng cửa sổ '5m',,3,
,delta_mean,success,pair,15m,grammar_invalid,phép đo 'delta_mean' không dùng cửa sổ '15m',,3,
,delta_mean,success,pair,60m,grammar_invalid,phép đo 'delta_mean' không dùng cửa sổ '60m',,3,
delta_mean_distinct_success_pair_7d,delta_mean,success,pair,7d,dropped_r4,"đối tượng 'thành công' gần trùng 'mọi sự kiện' (87,36% dòng không có thất bại)","lateral_fanout,new_workstation_burst",3,"log số cặp (Source, LogHost) khác nhau (đăng nhập thành công (4624)) hôm nay trừ trung bình của 7 ngày lịch trước"
delta_mean_distinct_success_pair_14d,delta_mean,success,pair,14d,dropped_r3,cần 4 đơn vị giải thích (> 3): không đọc được bằng một câu ngắn,"lateral_fanout,new_workstation_burst",4,"log số cặp (Source, LogHost) khác nhau (đăng nhập thành công (4624)) hôm nay trừ trung bình của 14 ngày lịch trước"
,delta_mean,success,pair,hist,grammar_invalid,phép đo 'delta_mean' không dùng cửa sổ 'hist',,4,
,delta_mean,success,hour,1d,grammar_invalid,phép đo 'delta_mean' không dùng cửa sổ '1d',,2,
,delta_mean,success,hour,5m,grammar_invalid,phép đo 'delta_mean' không dùng cửa sổ '5m',,2,
,delta_mean,success,hour,15m,grammar_invalid,phép đo 'delta_mean' không dùng cửa sổ '15m',,2,
,delta_mean,success,hour,60m,grammar_invalid,phép đo 'delta_mean' không dùng cửa sổ '60m',,2,
delta_mean_distinct_success_hour_7d,delta_mean,success,hour,7d,dropped_r4,"đối tượng 'thành công' gần trùng 'mọi sự kiện' (87,36% dòng không có thất bại)",off_hours,2,log số khung giờ khác nhau (đăng nhập thành công (4624)) hôm nay trừ trung bình của 7 ngày lịch trước
delta_mean_distinct_success_hour_14d,delta_mean,success,hour,14d,dropped_r4,"biến thể 14d của một ứng viên 7d (v3.0: novelty nhiều cửa sổ có ρ = 0,9999; warm-up gấp đôi)",off_hours,3,log số khung giờ khác nhau (đăng nhập thành công (4624)) hôm nay trừ trung bình của 14 ngày lịch trước
,delta_mean,success,hour,hist,grammar_invalid,phép đo 'delta_mean' không dùng cửa sổ 'hist',,3,
,delta_mean,success,logon_type,1d,grammar_invalid,phép đo 'delta_mean' không dùng cửa sổ '1d',,2,
,delta_mean,success,logon_type,5m,grammar_invalid,phép đo 'delta_mean' không dùng cửa sổ '5m',,2,
,delta_mean,success,logon_type,15m,grammar_invalid,phép đo 'delta_mean' không dùng cửa sổ '15m',,2,
,delta_mean,success,logon_type,60m,grammar_invalid,phép đo 'delta_mean' không dùng cửa sổ '60m',,2,
delta_mean_distinct_success_logontype_7d,delta_mean,success,logon_type,7d,dropped_r4,"đối tượng 'thành công' gần trùng 'mọi sự kiện' (87,36% dòng không có thất bại)",logon_type_switch,2,log số loại logon khác nhau (đăng nhập thành công (4624)) hôm nay trừ trung bình của 7 ngày lịch trước
delta_mean_distinct_success_logontype_14d,delta_mean,success,logon_type,14d,dropped_r4,"biến thể 14d của một ứng viên 7d (v3.0: novelty nhiều cửa sổ có ρ = 0,9999; warm-up gấp đôi)",logon_type_switch,3,log số loại logon khác nhau (đăng nhập thành công (4624)) hôm nay trừ trung bình của 14 ngày lịch trước
,delta_mean,success,logon_type,hist,grammar_invalid,phép đo 'delta_mean' không dùng cửa sổ 'hist',,3,
,delta_mean,success,auth,1d,grammar_invalid,phép đo 'delta_mean' không dùng cửa sổ '1d',,3,
,delta_mean,success,auth,5m,grammar_invalid,phép đo 'delta_mean' không dùng cửa sổ '5m',,3,
,delta_mean,success,auth,15m,grammar_invalid,phép đo 'delta_mean' không dùng cửa sổ '15m',,3,
,delta_mean,success,auth,60m,grammar_invalid,phép đo 'delta_mean' không dùng cửa sổ '60m',,3,
delta_mean_distinct_success_auth_7d,delta_mean,success,auth,7d,dropped_r2,không nhắm kịch bản nào ở mục 5.2,,3,log số gói xác thực khác nhau (đăng nhập thành công (4624)) hôm nay trừ trung bình của 7 ngày lịch trước
delta_mean_distinct_success_auth_14d,delta_mean,success,auth,14d,dropped_r2,không nhắm kịch bản nào ở mục 5.2,,4,log số gói xác thực khác nhau (đăng nhập thành công (4624)) hôm nay trừ trung bình của 14 ngày lịch trước
,delta_mean,success,auth,hist,grammar_invalid,phép đo 'delta_mean' không dùng cửa sổ 'hist',,4,
,delta_mean,success,fail_reason,1d,grammar_invalid,phép đo 'delta_mean' không dùng cửa sổ '1d',,3,
,delta_mean,success,fail_reason,5m,grammar_invalid,phép đo 'delta_mean' không dùng cửa sổ '5m',,3,
,delta_mean,success,fail_reason,15m,grammar_invalid,phép đo 'delta_mean' không dùng cửa sổ '15m',,3,
,delta_mean,success,fail_reason,60m,grammar_invalid,phép đo 'delta_mean' không dùng cửa sổ '60m',,3,
,delta_mean,success,fail_reason,7d,grammar_invalid,FailureReason chỉ tồn tại ở 4625,,3,
,delta_mean,success,fail_reason,14d,grammar_invalid,FailureReason chỉ tồn tại ở 4625,,4,
,delta_mean,success,fail_reason,hist,grammar_invalid,phép đo 'delta_mean' không dùng cửa sổ 'hist',,4,
,delta_mean,night,event,1d,grammar_invalid,phép đo 'delta_mean' không dùng cửa sổ '1d',,2,
,delta_mean,night,event,5m,grammar_invalid,phép đo 'delta_mean' không dùng cửa sổ '5m',,2,
,delta_mean,night,event,15m,grammar_invalid,phép đo 'delta_mean' không dùng cửa sổ '15m',,2,
,delta_mean,night,event,60m,grammar_invalid,phép đo 'delta_mean' không dùng cửa sổ '60m',,2,
delta_mean_share_night_7d,delta_mean,night,event,7d,round2,,off_hours,2,tỷ lệ sự kiện ngoài giờ (18h–7h) hôm nay trừ trung bình của 7 ngày lịch trước
delta_mean_share_night_14d,delta_mean,night,event,14d,dropped_r4,"biến thể 14d của một ứng viên 7d (v3.0: novelty nhiều cửa sổ có ρ = 0,9999; warm-up gấp đôi)",off_hours,3,tỷ lệ sự kiện ngoài giờ (18h–7h) hôm nay trừ trung bình của 14 ngày lịch trước
,delta_mean,night,event,hist,grammar_invalid,phép đo 'delta_mean' không dùng cửa sổ 'hist',,3,
,delta_mean,night,Source,1d,grammar_invalid,phép đo 'delta_mean' không dùng cửa sổ '1d',,2,
,delta_mean,night,Source,5m,grammar_invalid,phép đo 'delta_mean' không dùng cửa sổ '5m',,2,
,delta_mean,night,Source,15m,grammar_invalid,phép đo 'delta_mean' không dùng cửa sổ '15m',,2,
,delta_mean,night,Source,60m,grammar_invalid,phép đo 'delta_mean' không dùng cửa sổ '60m',,2,
delta_mean_distinct_night_source_7d,delta_mean,night,Source,7d,dropped_r2,không nhắm kịch bản nào ở mục 5.2,,2,log số máy nguồn (Source) khác nhau (sự kiện ngoài giờ (18h–7h)) hôm nay trừ trung bình của 7 ngày lịch trước
delta_mean_distinct_night_source_14d,delta_mean,night,Source,14d,dropped_r2,không nhắm kịch bản nào ở mục 5.2,,3,log số máy nguồn (Source) khác nhau (sự kiện ngoài giờ (18h–7h)) hôm nay trừ trung bình của 14 ngày lịch trước
,delta_mean,night,Source,hist,grammar_invalid,phép đo 'delta_mean' không dùng cửa sổ 'hist',,3,
,delta_mean,night,LogHost,1d,grammar_invalid,phép đo 'delta_mean' không dùng cửa sổ '1d',,2,
,delta_mean,night,LogHost,5m,grammar_invalid,phép đo 'delta_mean' không dùng cửa sổ '5m',,2,
,delta_mean,night,LogHost,15m,grammar_invalid,phép đo 'delta_mean' không dùng cửa sổ '15m',,2,
,delta_mean,night,LogHost,60m,grammar_invalid,phép đo 'delta_mean' không dùng cửa sổ '60m',,2,
delta_mean_distinct_night_host_7d,delta_mean,night,LogHost,7d,dropped_r2,không nhắm kịch bản nào ở mục 5.2,,2,log số máy đích (LogHost) khác nhau (sự kiện ngoài giờ (18h–7h)) hôm nay trừ trung bình của 7 ngày lịch trước
delta_mean_distinct_night_host_14d,delta_mean,night,LogHost,14d,dropped_r2,không nhắm kịch bản nào ở mục 5.2,,3,log số máy đích (LogHost) khác nhau (sự kiện ngoài giờ (18h–7h)) hôm nay trừ trung bình của 14 ngày lịch trước
,delta_mean,night,LogHost,hist,grammar_invalid,phép đo 'delta_mean' không dùng cửa sổ 'hist',,3,
,delta_mean,night,pair,1d,grammar_invalid,phép đo 'delta_mean' không dùng cửa sổ '1d',,3,
,delta_mean,night,pair,5m,grammar_invalid,phép đo 'delta_mean' không dùng cửa sổ '5m',,3,
,delta_mean,night,pair,15m,grammar_invalid,phép đo 'delta_mean' không dùng cửa sổ '15m',,3,
,delta_mean,night,pair,60m,grammar_invalid,phép đo 'delta_mean' không dùng cửa sổ '60m',,3,
delta_mean_distinct_night_pair_7d,delta_mean,night,pair,7d,dropped_r2,không nhắm kịch bản nào ở mục 5.2,,3,"log số cặp (Source, LogHost) khác nhau (sự kiện ngoài giờ (18h–7h)) hôm nay trừ trung bình của 7 ngày lịch trước"
delta_mean_distinct_night_pair_14d,delta_mean,night,pair,14d,dropped_r2,không nhắm kịch bản nào ở mục 5.2,,4,"log số cặp (Source, LogHost) khác nhau (sự kiện ngoài giờ (18h–7h)) hôm nay trừ trung bình của 14 ngày lịch trước"
,delta_mean,night,pair,hist,grammar_invalid,phép đo 'delta_mean' không dùng cửa sổ 'hist',,4,
,delta_mean,night,hour,1d,grammar_invalid,phép đo 'delta_mean' không dùng cửa sổ '1d',,2,
,delta_mean,night,hour,5m,grammar_invalid,phép đo 'delta_mean' không dùng cửa sổ '5m',,2,
,delta_mean,night,hour,15m,grammar_invalid,phép đo 'delta_mean' không dùng cửa sổ '15m',,2,
,delta_mean,night,hour,60m,grammar_invalid,phép đo 'delta_mean' không dùng cửa sổ '60m',,2,
,delta_mean,night,hour,7d,grammar_invalid,'ngoài giờ' được định nghĩa bằng chính khung giờ (vòng lặp định nghĩa),,2,
,delta_mean,night,hour,14d,grammar_invalid,'ngoài giờ' được định nghĩa bằng chính khung giờ (vòng lặp định nghĩa),,3,
,delta_mean,night,hour,hist,grammar_invalid,phép đo 'delta_mean' không dùng cửa sổ 'hist',,3,
,delta_mean,night,logon_type,1d,grammar_invalid,phép đo 'delta_mean' không dùng cửa sổ '1d',,2,
,delta_mean,night,logon_type,5m,grammar_invalid,phép đo 'delta_mean' không dùng cửa sổ '5m',,2,
,delta_mean,night,logon_type,15m,grammar_invalid,phép đo 'delta_mean' không dùng cửa sổ '15m',,2,
,delta_mean,night,logon_type,60m,grammar_invalid,phép đo 'delta_mean' không dùng cửa sổ '60m',,2,
delta_mean_distinct_night_logontype_7d,delta_mean,night,logon_type,7d,dropped_r2,không nhắm kịch bản nào ở mục 5.2,,2,log số loại logon khác nhau (sự kiện ngoài giờ (18h–7h)) hôm nay trừ trung bình của 7 ngày lịch trước
delta_mean_distinct_night_logontype_14d,delta_mean,night,logon_type,14d,dropped_r2,không nhắm kịch bản nào ở mục 5.2,,3,log số loại logon khác nhau (sự kiện ngoài giờ (18h–7h)) hôm nay trừ trung bình của 14 ngày lịch trước
,delta_mean,night,logon_type,hist,grammar_invalid,phép đo 'delta_mean' không dùng cửa sổ 'hist',,3,
,delta_mean,night,auth,1d,grammar_invalid,phép đo 'delta_mean' không dùng cửa sổ '1d',,3,
,delta_mean,night,auth,5m,grammar_invalid,phép đo 'delta_mean' không dùng cửa sổ '5m',,3,
,delta_mean,night,auth,15m,grammar_invalid,phép đo 'delta_mean' không dùng cửa sổ '15m',,3,
,delta_mean,night,auth,60m,grammar_invalid,phép đo 'delta_mean' không dùng cửa sổ '60m',,3,
delta_mean_distinct_night_auth_7d,delta_mean,night,auth,7d,dropped_r2,không nhắm kịch bản nào ở mục 5.2,,3,log số gói xác thực khác nhau (sự kiện ngoài giờ (18h–7h)) hôm nay trừ trung bình của 7 ngày lịch trước
delta_mean_distinct_night_auth_14d,delta_mean,night,auth,14d,dropped_r2,không nhắm kịch bản nào ở mục 5.2,,4,log số gói xác thực khác nhau (sự kiện ngoài giờ (18h–7h)) hôm nay trừ trung bình của 14 ngày lịch trước
,delta_mean,night,auth,hist,grammar_invalid,phép đo 'delta_mean' không dùng cửa sổ 'hist',,4,
,delta_mean,night,fail_reason,1d,grammar_invalid,phép đo 'delta_mean' không dùng cửa sổ '1d',,3,
,delta_mean,night,fail_reason,5m,grammar_invalid,phép đo 'delta_mean' không dùng cửa sổ '5m',,3,
,delta_mean,night,fail_reason,15m,grammar_invalid,phép đo 'delta_mean' không dùng cửa sổ '15m',,3,
,delta_mean,night,fail_reason,60m,grammar_invalid,phép đo 'delta_mean' không dùng cửa sổ '60m',,3,
,delta_mean,night,fail_reason,7d,grammar_invalid,FailureReason chỉ tồn tại ở 4625,,3,
,delta_mean,night,fail_reason,14d,grammar_invalid,FailureReason chỉ tồn tại ở 4625,,4,
,delta_mean,night,fail_reason,hist,grammar_invalid,phép đo 'delta_mean' không dùng cửa sổ 'hist',,4,
peer_z_count,peer_z,all,event,1d,dropped_r2,không nhắm kịch bản nào ở mục 5.2,,2,z bền vững của log số mọi sự kiện so với các tài khoản cùng loại (entity_type) trong cùng ngày
,peer_z,all,event,5m,grammar_invalid,phép đo 'peer_z' không dùng cửa sổ '5m',,2,
,peer_z,all,event,15m,grammar_invalid,phép đo 'peer_z' không dùng cửa sổ '15m',,2,
,peer_z,all,event,60m,grammar_invalid,phép đo 'peer_z' không dùng cửa sổ '60m',,2,
,peer_z,all,event,7d,grammar_invalid,phép đo 'peer_z' không dùng cửa sổ '7d',,2,
,peer_z,all,event,14d,grammar_invalid,phép đo 'peer_z' không dùng cửa sổ '14d',,3,
,peer_z,all,event,hist,grammar_invalid,phép đo 'peer_z' không dùng cửa sổ 'hist',,3,
peer_z_distinct_source,peer_z,all,Source,1d,round2,,new_workstation_burst,2,z bền vững của log số máy nguồn (Source) khác nhau (mọi sự kiện) so với các tài khoản cùng loại (entity_type) trong cùng ngày
,peer_z,all,Source,5m,grammar_invalid,phép đo 'peer_z' không dùng cửa sổ '5m',,2,
,peer_z,all,Source,15m,grammar_invalid,phép đo 'peer_z' không dùng cửa sổ '15m',,2,
,peer_z,all,Source,60m,grammar_invalid,phép đo 'peer_z' không dùng cửa sổ '60m',,2,
,peer_z,all,Source,7d,grammar_invalid,phép đo 'peer_z' không dùng cửa sổ '7d',,2,
,peer_z,all,Source,14d,grammar_invalid,phép đo 'peer_z' không dùng cửa sổ '14d',,3,
,peer_z,all,Source,hist,grammar_invalid,phép đo 'peer_z' không dùng cửa sổ 'hist',,3,
peer_z_distinct_host,peer_z,all,LogHost,1d,round2,,lateral_fanout,2,z bền vững của log số máy đích (LogHost) khác nhau (mọi sự kiện) so với các tài khoản cùng loại (entity_type) trong cùng ngày
,peer_z,all,LogHost,5m,grammar_invalid,phép đo 'peer_z' không dùng cửa sổ '5m',,2,
,peer_z,all,LogHost,15m,grammar_invalid,phép đo 'peer_z' không dùng cửa sổ '15m',,2,
,peer_z,all,LogHost,60m,grammar_invalid,phép đo 'peer_z' không dùng cửa sổ '60m',,2,
,peer_z,all,LogHost,7d,grammar_invalid,phép đo 'peer_z' không dùng cửa sổ '7d',,2,
,peer_z,all,LogHost,14d,grammar_invalid,phép đo 'peer_z' không dùng cửa sổ '14d',,3,
,peer_z,all,LogHost,hist,grammar_invalid,phép đo 'peer_z' không dùng cửa sổ 'hist',,3,
peer_z_distinct_pair,peer_z,all,pair,1d,round2,,"lateral_fanout,new_workstation_burst",3,"z bền vững của log số cặp (Source, LogHost) khác nhau (mọi sự kiện) so với các tài khoản cùng loại (entity_type) trong cùng ngày"
,peer_z,all,pair,5m,grammar_invalid,phép đo 'peer_z' không dùng cửa sổ '5m',,3,
,peer_z,all,pair,15m,grammar_invalid,phép đo 'peer_z' không dùng cửa sổ '15m',,3,
,peer_z,all,pair,60m,grammar_invalid,phép đo 'peer_z' không dùng cửa sổ '60m',,3,
,peer_z,all,pair,7d,grammar_invalid,phép đo 'peer_z' không dùng cửa sổ '7d',,3,
,peer_z,all,pair,14d,grammar_invalid,phép đo 'peer_z' không dùng cửa sổ '14d',,4,
,peer_z,all,pair,hist,grammar_invalid,phép đo 'peer_z' không dùng cửa sổ 'hist',,4,
peer_z_distinct_hour,peer_z,all,hour,1d,dropped_r2,không nhắm kịch bản nào ở mục 5.2,,2,z bền vững của log số khung giờ khác nhau (mọi sự kiện) so với các tài khoản cùng loại (entity_type) trong cùng ngày
,peer_z,all,hour,5m,grammar_invalid,phép đo 'peer_z' không dùng cửa sổ '5m',,2,
,peer_z,all,hour,15m,grammar_invalid,phép đo 'peer_z' không dùng cửa sổ '15m',,2,
,peer_z,all,hour,60m,grammar_invalid,phép đo 'peer_z' không dùng cửa sổ '60m',,2,
,peer_z,all,hour,7d,grammar_invalid,phép đo 'peer_z' không dùng cửa sổ '7d',,2,
,peer_z,all,hour,14d,grammar_invalid,phép đo 'peer_z' không dùng cửa sổ '14d',,3,
,peer_z,all,hour,hist,grammar_invalid,phép đo 'peer_z' không dùng cửa sổ 'hist',,3,
peer_z_distinct_logontype,peer_z,all,logon_type,1d,dropped_r2,không nhắm kịch bản nào ở mục 5.2,,2,z bền vững của log số loại logon khác nhau (mọi sự kiện) so với các tài khoản cùng loại (entity_type) trong cùng ngày
,peer_z,all,logon_type,5m,grammar_invalid,phép đo 'peer_z' không dùng cửa sổ '5m',,2,
,peer_z,all,logon_type,15m,grammar_invalid,phép đo 'peer_z' không dùng cửa sổ '15m',,2,
,peer_z,all,logon_type,60m,grammar_invalid,phép đo 'peer_z' không dùng cửa sổ '60m',,2,
,peer_z,all,logon_type,7d,grammar_invalid,phép đo 'peer_z' không dùng cửa sổ '7d',,2,
,peer_z,all,logon_type,14d,grammar_invalid,phép đo 'peer_z' không dùng cửa sổ '14d',,3,
,peer_z,all,logon_type,hist,grammar_invalid,phép đo 'peer_z' không dùng cửa sổ 'hist',,3,
peer_z_distinct_auth,peer_z,all,auth,1d,dropped_r2,không nhắm kịch bản nào ở mục 5.2,,3,z bền vững của log số gói xác thực khác nhau (mọi sự kiện) so với các tài khoản cùng loại (entity_type) trong cùng ngày
,peer_z,all,auth,5m,grammar_invalid,phép đo 'peer_z' không dùng cửa sổ '5m',,3,
,peer_z,all,auth,15m,grammar_invalid,phép đo 'peer_z' không dùng cửa sổ '15m',,3,
,peer_z,all,auth,60m,grammar_invalid,phép đo 'peer_z' không dùng cửa sổ '60m',,3,
,peer_z,all,auth,7d,grammar_invalid,phép đo 'peer_z' không dùng cửa sổ '7d',,3,
,peer_z,all,auth,14d,grammar_invalid,phép đo 'peer_z' không dùng cửa sổ '14d',,4,
,peer_z,all,auth,hist,grammar_invalid,phép đo 'peer_z' không dùng cửa sổ 'hist',,4,
,peer_z,all,fail_reason,1d,grammar_invalid,FailureReason chỉ tồn tại ở 4625,,3,
,peer_z,all,fail_reason,5m,grammar_invalid,phép đo 'peer_z' không dùng cửa sổ '5m',,3,
,peer_z,all,fail_reason,15m,grammar_invalid,phép đo 'peer_z' không dùng cửa sổ '15m',,3,
,peer_z,all,fail_reason,60m,grammar_invalid,phép đo 'peer_z' không dùng cửa sổ '60m',,3,
,peer_z,all,fail_reason,7d,grammar_invalid,phép đo 'peer_z' không dùng cửa sổ '7d',,3,
,peer_z,all,fail_reason,14d,grammar_invalid,phép đo 'peer_z' không dùng cửa sổ '14d',,4,
,peer_z,all,fail_reason,hist,grammar_invalid,phép đo 'peer_z' không dùng cửa sổ 'hist',,4,
peer_z_share_fail,peer_z,fail,event,1d,round2,,"brute_force,password_spraying",3,z bền vững của tỷ lệ đăng nhập thất bại (4625) so với các tài khoản cùng loại (entity_type) trong cùng ngày
,peer_z,fail,event,5m,grammar_invalid,phép đo 'peer_z' không dùng cửa sổ '5m',,3,
,peer_z,fail,event,15m,grammar_invalid,phép đo 'peer_z' không dùng cửa sổ '15m',,3,
,peer_z,fail,event,60m,grammar_invalid,phép đo 'peer_z' không dùng cửa sổ '60m',,3,
,peer_z,fail,event,7d,grammar_invalid,phép đo 'peer_z' không dùng cửa sổ '7d',,3,
,peer_z,fail,event,14d,grammar_invalid,phép đo 'peer_z' không dùng cửa sổ '14d',,4,
,peer_z,fail,event,hist,grammar_invalid,phép đo 'peer_z' không dùng cửa sổ 'hist',,4,
peer_z_distinct_fail_source,peer_z,fail,Source,1d,round2,,"brute_force,password_spraying",3,z bền vững của log số máy nguồn (Source) khác nhau (đăng nhập thất bại (4625)) so với các tài khoản cùng loại (entity_type) trong cùng ngày
,peer_z,fail,Source,5m,grammar_invalid,phép đo 'peer_z' không dùng cửa sổ '5m',,3,
,peer_z,fail,Source,15m,grammar_invalid,phép đo 'peer_z' không dùng cửa sổ '15m',,3,
,peer_z,fail,Source,60m,grammar_invalid,phép đo 'peer_z' không dùng cửa sổ '60m',,3,
,peer_z,fail,Source,7d,grammar_invalid,phép đo 'peer_z' không dùng cửa sổ '7d',,3,
,peer_z,fail,Source,14d,grammar_invalid,phép đo 'peer_z' không dùng cửa sổ '14d',,4,
,peer_z,fail,Source,hist,grammar_invalid,phép đo 'peer_z' không dùng cửa sổ 'hist',,4,
peer_z_distinct_fail_host,peer_z,fail,LogHost,1d,round2,,"brute_force,password_spraying",3,z bền vững của log số máy đích (LogHost) khác nhau (đăng nhập thất bại (4625)) so với các tài khoản cùng loại (entity_type) trong cùng ngày
,peer_z,fail,LogHost,5m,grammar_invalid,phép đo 'peer_z' không dùng cửa sổ '5m',,3,
,peer_z,fail,LogHost,15m,grammar_invalid,phép đo 'peer_z' không dùng cửa sổ '15m',,3,
,peer_z,fail,LogHost,60m,grammar_invalid,phép đo 'peer_z' không dùng cửa sổ '60m',,3,
,peer_z,fail,LogHost,7d,grammar_invalid,phép đo 'peer_z' không dùng cửa sổ '7d',,3,
,peer_z,fail,LogHost,14d,grammar_invalid,phép đo 'peer_z' không dùng cửa sổ '14d',,4,
,peer_z,fail,LogHost,hist,grammar_invalid,phép đo 'peer_z' không dùng cửa sổ 'hist',,4,
peer_z_distinct_fail_pair,peer_z,fail,pair,1d,dropped_r3,cần 4 đơn vị giải thích (> 3): không đọc được bằng một câu ngắn,"brute_force,password_spraying",4,"z bền vững của log số cặp (Source, LogHost) khác nhau (đăng nhập thất bại (4625)) so với các tài khoản cùng loại (entity_type) trong cùng ngày"
,peer_z,fail,pair,5m,grammar_invalid,phép đo 'peer_z' không dùng cửa sổ '5m',,4,
,peer_z,fail,pair,15m,grammar_invalid,phép đo 'peer_z' không dùng cửa sổ '15m',,4,
,peer_z,fail,pair,60m,grammar_invalid,phép đo 'peer_z' không dùng cửa sổ '60m',,4,
,peer_z,fail,pair,7d,grammar_invalid,phép đo 'peer_z' không dùng cửa sổ '7d',,4,
,peer_z,fail,pair,14d,grammar_invalid,phép đo 'peer_z' không dùng cửa sổ '14d',,5,
,peer_z,fail,pair,hist,grammar_invalid,phép đo 'peer_z' không dùng cửa sổ 'hist',,5,
peer_z_distinct_fail_hour,peer_z,fail,hour,1d,dropped_r2,không nhắm kịch bản nào ở mục 5.2,,3,z bền vững của log số khung giờ khác nhau (đăng nhập thất bại (4625)) so với các tài khoản cùng loại (entity_type) trong cùng ngày
,peer_z,fail,hour,5m,grammar_invalid,phép đo 'peer_z' không dùng cửa sổ '5m',,3,
,peer_z,fail,hour,15m,grammar_invalid,phép đo 'peer_z' không dùng cửa sổ '15m',,3,
,peer_z,fail,hour,60m,grammar_invalid,phép đo 'peer_z' không dùng cửa sổ '60m',,3,
,peer_z,fail,hour,7d,grammar_invalid,phép đo 'peer_z' không dùng cửa sổ '7d',,3,
,peer_z,fail,hour,14d,grammar_invalid,phép đo 'peer_z' không dùng cửa sổ '14d',,4,
,peer_z,fail,hour,hist,grammar_invalid,phép đo 'peer_z' không dùng cửa sổ 'hist',,4,
peer_z_distinct_fail_logontype,peer_z,fail,logon_type,1d,dropped_r2,không nhắm kịch bản nào ở mục 5.2,,3,z bền vững của log số loại logon khác nhau (đăng nhập thất bại (4625)) so với các tài khoản cùng loại (entity_type) trong cùng ngày
,peer_z,fail,logon_type,5m,grammar_invalid,phép đo 'peer_z' không dùng cửa sổ '5m',,3,
,peer_z,fail,logon_type,15m,grammar_invalid,phép đo 'peer_z' không dùng cửa sổ '15m',,3,
,peer_z,fail,logon_type,60m,grammar_invalid,phép đo 'peer_z' không dùng cửa sổ '60m',,3,
,peer_z,fail,logon_type,7d,grammar_invalid,phép đo 'peer_z' không dùng cửa sổ '7d',,3,
,peer_z,fail,logon_type,14d,grammar_invalid,phép đo 'peer_z' không dùng cửa sổ '14d',,4,
,peer_z,fail,logon_type,hist,grammar_invalid,phép đo 'peer_z' không dùng cửa sổ 'hist',,4,
peer_z_distinct_fail_auth,peer_z,fail,auth,1d,dropped_r2,không nhắm kịch bản nào ở mục 5.2,,4,z bền vững của log số gói xác thực khác nhau (đăng nhập thất bại (4625)) so với các tài khoản cùng loại (entity_type) trong cùng ngày
,peer_z,fail,auth,5m,grammar_invalid,phép đo 'peer_z' không dùng cửa sổ '5m',,4,
,peer_z,fail,auth,15m,grammar_invalid,phép đo 'peer_z' không dùng cửa sổ '15m',,4,
,peer_z,fail,auth,60m,grammar_invalid,phép đo 'peer_z' không dùng cửa sổ '60m',,4,
,peer_z,fail,auth,7d,grammar_invalid,phép đo 'peer_z' không dùng cửa sổ '7d',,4,
,peer_z,fail,auth,14d,grammar_invalid,phép đo 'peer_z' không dùng cửa sổ '14d',,5,
,peer_z,fail,auth,hist,grammar_invalid,phép đo 'peer_z' không dùng cửa sổ 'hist',,5,
peer_z_distinct_fail_failreason,peer_z,fail,fail_reason,1d,dropped_r3,cần 4 đơn vị giải thích (> 3): không đọc được bằng một câu ngắn,brute_force,4,z bền vững của log số lý do thất bại khác nhau (đăng nhập thất bại (4625)) so với các tài khoản cùng loại (entity_type) trong cùng ngày
,peer_z,fail,fail_reason,5m,grammar_invalid,phép đo 'peer_z' không dùng cửa sổ '5m',,4,
,peer_z,fail,fail_reason,15m,grammar_invalid,phép đo 'peer_z' không dùng cửa sổ '15m',,4,
,peer_z,fail,fail_reason,60m,grammar_invalid,phép đo 'peer_z' không dùng cửa sổ '60m',,4,
,peer_z,fail,fail_reason,7d,grammar_invalid,phép đo 'peer_z' không dùng cửa sổ '7d',,4,
,peer_z,fail,fail_reason,14d,grammar_invalid,phép đo 'peer_z' không dùng cửa sổ '14d',,5,
,peer_z,fail,fail_reason,hist,grammar_invalid,phép đo 'peer_z' không dùng cửa sổ 'hist',,5,
peer_z_share_success,peer_z,success,event,1d,dropped_r2,không nhắm kịch bản nào ở mục 5.2,,3,z bền vững của tỷ lệ đăng nhập thành công (4624) so với các tài khoản cùng loại (entity_type) trong cùng ngày
,peer_z,success,event,5m,grammar_invalid,phép đo 'peer_z' không dùng cửa sổ '5m',,3,
,peer_z,success,event,15m,grammar_invalid,phép đo 'peer_z' không dùng cửa sổ '15m',,3,
,peer_z,success,event,60m,grammar_invalid,phép đo 'peer_z' không dùng cửa sổ '60m',,3,
,peer_z,success,event,7d,grammar_invalid,phép đo 'peer_z' không dùng cửa sổ '7d',,3,
,peer_z,success,event,14d,grammar_invalid,phép đo 'peer_z' không dùng cửa sổ '14d',,4,
,peer_z,success,event,hist,grammar_invalid,phép đo 'peer_z' không dùng cửa sổ 'hist',,4,
peer_z_distinct_success_source,peer_z,success,Source,1d,dropped_r4,"đối tượng 'thành công' gần trùng 'mọi sự kiện' (87,36% dòng không có thất bại)",new_workstation_burst,3,z bền vững của log số máy nguồn (Source) khác nhau (đăng nhập thành công (4624)) so với các tài khoản cùng loại (entity_type) trong cùng ngày
,peer_z,success,Source,5m,grammar_invalid,phép đo 'peer_z' không dùng cửa sổ '5m',,3,
,peer_z,success,Source,15m,grammar_invalid,phép đo 'peer_z' không dùng cửa sổ '15m',,3,
,peer_z,success,Source,60m,grammar_invalid,phép đo 'peer_z' không dùng cửa sổ '60m',,3,
,peer_z,success,Source,7d,grammar_invalid,phép đo 'peer_z' không dùng cửa sổ '7d',,3,
,peer_z,success,Source,14d,grammar_invalid,phép đo 'peer_z' không dùng cửa sổ '14d',,4,
,peer_z,success,Source,hist,grammar_invalid,phép đo 'peer_z' không dùng cửa sổ 'hist',,4,
peer_z_distinct_success_host,peer_z,success,LogHost,1d,dropped_r4,"đối tượng 'thành công' gần trùng 'mọi sự kiện' (87,36% dòng không có thất bại)",lateral_fanout,3,z bền vững của log số máy đích (LogHost) khác nhau (đăng nhập thành công (4624)) so với các tài khoản cùng loại (entity_type) trong cùng ngày
,peer_z,success,LogHost,5m,grammar_invalid,phép đo 'peer_z' không dùng cửa sổ '5m',,3,
,peer_z,success,LogHost,15m,grammar_invalid,phép đo 'peer_z' không dùng cửa sổ '15m',,3,
,peer_z,success,LogHost,60m,grammar_invalid,phép đo 'peer_z' không dùng cửa sổ '60m',,3,
,peer_z,success,LogHost,7d,grammar_invalid,phép đo 'peer_z' không dùng cửa sổ '7d',,3,
,peer_z,success,LogHost,14d,grammar_invalid,phép đo 'peer_z' không dùng cửa sổ '14d',,4,
,peer_z,success,LogHost,hist,grammar_invalid,phép đo 'peer_z' không dùng cửa sổ 'hist',,4,
peer_z_distinct_success_pair,peer_z,success,pair,1d,dropped_r3,cần 4 đơn vị giải thích (> 3): không đọc được bằng một câu ngắn,"lateral_fanout,new_workstation_burst",4,"z bền vững của log số cặp (Source, LogHost) khác nhau (đăng nhập thành công (4624)) so với các tài khoản cùng loại (entity_type) trong cùng ngày"
,peer_z,success,pair,5m,grammar_invalid,phép đo 'peer_z' không dùng cửa sổ '5m',,4,
,peer_z,success,pair,15m,grammar_invalid,phép đo 'peer_z' không dùng cửa sổ '15m',,4,
,peer_z,success,pair,60m,grammar_invalid,phép đo 'peer_z' không dùng cửa sổ '60m',,4,
,peer_z,success,pair,7d,grammar_invalid,phép đo 'peer_z' không dùng cửa sổ '7d',,4,
,peer_z,success,pair,14d,grammar_invalid,phép đo 'peer_z' không dùng cửa sổ '14d',,5,
,peer_z,success,pair,hist,grammar_invalid,phép đo 'peer_z' không dùng cửa sổ 'hist',,5,
peer_z_distinct_success_hour,peer_z,success,hour,1d,dropped_r2,không nhắm kịch bản nào ở mục 5.2,,3,z bền vững của log số khung giờ khác nhau (đăng nhập thành công (4624)) so với các tài khoản cùng loại (entity_type) trong cùng ngày
,peer_z,success,hour,5m,grammar_invalid,phép đo 'peer_z' không dùng cửa sổ '5m',,3,
,peer_z,success,hour,15m,grammar_invalid,phép đo 'peer_z' không dùng cửa sổ '15m',,3,
,peer_z,success,hour,60m,grammar_invalid,phép đo 'peer_z' không dùng cửa sổ '60m',,3,
,peer_z,success,hour,7d,grammar_invalid,phép đo 'peer_z' không dùng cửa sổ '7d',,3,
,peer_z,success,hour,14d,grammar_invalid,phép đo 'peer_z' không dùng cửa sổ '14d',,4,
,peer_z,success,hour,hist,grammar_invalid,phép đo 'peer_z' không dùng cửa sổ 'hist',,4,
peer_z_distinct_success_logontype,peer_z,success,logon_type,1d,dropped_r2,không nhắm kịch bản nào ở mục 5.2,,3,z bền vững của log số loại logon khác nhau (đăng nhập thành công (4624)) so với các tài khoản cùng loại (entity_type) trong cùng ngày
,peer_z,success,logon_type,5m,grammar_invalid,phép đo 'peer_z' không dùng cửa sổ '5m',,3,
,peer_z,success,logon_type,15m,grammar_invalid,phép đo 'peer_z' không dùng cửa sổ '15m',,3,
,peer_z,success,logon_type,60m,grammar_invalid,phép đo 'peer_z' không dùng cửa sổ '60m',,3,
,peer_z,success,logon_type,7d,grammar_invalid,phép đo 'peer_z' không dùng cửa sổ '7d',,3,
,peer_z,success,logon_type,14d,grammar_invalid,phép đo 'peer_z' không dùng cửa sổ '14d',,4,
,peer_z,success,logon_type,hist,grammar_invalid,phép đo 'peer_z' không dùng cửa sổ 'hist',,4,
peer_z_distinct_success_auth,peer_z,success,auth,1d,dropped_r2,không nhắm kịch bản nào ở mục 5.2,,4,z bền vững của log số gói xác thực khác nhau (đăng nhập thành công (4624)) so với các tài khoản cùng loại (entity_type) trong cùng ngày
,peer_z,success,auth,5m,grammar_invalid,phép đo 'peer_z' không dùng cửa sổ '5m',,4,
,peer_z,success,auth,15m,grammar_invalid,phép đo 'peer_z' không dùng cửa sổ '15m',,4,
,peer_z,success,auth,60m,grammar_invalid,phép đo 'peer_z' không dùng cửa sổ '60m',,4,
,peer_z,success,auth,7d,grammar_invalid,phép đo 'peer_z' không dùng cửa sổ '7d',,4,
,peer_z,success,auth,14d,grammar_invalid,phép đo 'peer_z' không dùng cửa sổ '14d',,5,
,peer_z,success,auth,hist,grammar_invalid,phép đo 'peer_z' không dùng cửa sổ 'hist',,5,
,peer_z,success,fail_reason,1d,grammar_invalid,FailureReason chỉ tồn tại ở 4625,,4,
,peer_z,success,fail_reason,5m,grammar_invalid,phép đo 'peer_z' không dùng cửa sổ '5m',,4,
,peer_z,success,fail_reason,15m,grammar_invalid,phép đo 'peer_z' không dùng cửa sổ '15m',,4,
,peer_z,success,fail_reason,60m,grammar_invalid,phép đo 'peer_z' không dùng cửa sổ '60m',,4,
,peer_z,success,fail_reason,7d,grammar_invalid,phép đo 'peer_z' không dùng cửa sổ '7d',,4,
,peer_z,success,fail_reason,14d,grammar_invalid,phép đo 'peer_z' không dùng cửa sổ '14d',,5,
,peer_z,success,fail_reason,hist,grammar_invalid,phép đo 'peer_z' không dùng cửa sổ 'hist',,5,
peer_z_share_night,peer_z,night,event,1d,round2,,off_hours,3,z bền vững của tỷ lệ sự kiện ngoài giờ (18h–7h) so với các tài khoản cùng loại (entity_type) trong cùng ngày
,peer_z,night,event,5m,grammar_invalid,phép đo 'peer_z' không dùng cửa sổ '5m',,3,
,peer_z,night,event,15m,grammar_invalid,phép đo 'peer_z' không dùng cửa sổ '15m',,3,
,peer_z,night,event,60m,grammar_invalid,phép đo 'peer_z' không dùng cửa sổ '60m',,3,
,peer_z,night,event,7d,grammar_invalid,phép đo 'peer_z' không dùng cửa sổ '7d',,3,
,peer_z,night,event,14d,grammar_invalid,phép đo 'peer_z' không dùng cửa sổ '14d',,4,
,peer_z,night,event,hist,grammar_invalid,phép đo 'peer_z' không dùng cửa sổ 'hist',,4,
peer_z_distinct_night_source,peer_z,night,Source,1d,dropped_r2,không nhắm kịch bản nào ở mục 5.2,,3,z bền vững của log số máy nguồn (Source) khác nhau (sự kiện ngoài giờ (18h–7h)) so với các tài khoản cùng loại (entity_type) trong cùng ngày
,peer_z,night,Source,5m,grammar_invalid,phép đo 'peer_z' không dùng cửa sổ '5m',,3,
,peer_z,night,Source,15m,grammar_invalid,phép đo 'peer_z' không dùng cửa sổ '15m',,3,
,peer_z,night,Source,60m,grammar_invalid,phép đo 'peer_z' không dùng cửa sổ '60m',,3,
,peer_z,night,Source,7d,grammar_invalid,phép đo 'peer_z' không dùng cửa sổ '7d',,3,
,peer_z,night,Source,14d,grammar_invalid,phép đo 'peer_z' không dùng cửa sổ '14d',,4,
,peer_z,night,Source,hist,grammar_invalid,phép đo 'peer_z' không dùng cửa sổ 'hist',,4,
peer_z_distinct_night_host,peer_z,night,LogHost,1d,dropped_r2,không nhắm kịch bản nào ở mục 5.2,,3,z bền vững của log số máy đích (LogHost) khác nhau (sự kiện ngoài giờ (18h–7h)) so với các tài khoản cùng loại (entity_type) trong cùng ngày
,peer_z,night,LogHost,5m,grammar_invalid,phép đo 'peer_z' không dùng cửa sổ '5m',,3,
,peer_z,night,LogHost,15m,grammar_invalid,phép đo 'peer_z' không dùng cửa sổ '15m',,3,
,peer_z,night,LogHost,60m,grammar_invalid,phép đo 'peer_z' không dùng cửa sổ '60m',,3,
,peer_z,night,LogHost,7d,grammar_invalid,phép đo 'peer_z' không dùng cửa sổ '7d',,3,
,peer_z,night,LogHost,14d,grammar_invalid,phép đo 'peer_z' không dùng cửa sổ '14d',,4,
,peer_z,night,LogHost,hist,grammar_invalid,phép đo 'peer_z' không dùng cửa sổ 'hist',,4,
peer_z_distinct_night_pair,peer_z,night,pair,1d,dropped_r2,không nhắm kịch bản nào ở mục 5.2,,4,"z bền vững của log số cặp (Source, LogHost) khác nhau (sự kiện ngoài giờ (18h–7h)) so với các tài khoản cùng loại (entity_type) trong cùng ngày"
,peer_z,night,pair,5m,grammar_invalid,phép đo 'peer_z' không dùng cửa sổ '5m',,4,
,peer_z,night,pair,15m,grammar_invalid,phép đo 'peer_z' không dùng cửa sổ '15m',,4,
,peer_z,night,pair,60m,grammar_invalid,phép đo 'peer_z' không dùng cửa sổ '60m',,4,
,peer_z,night,pair,7d,grammar_invalid,phép đo 'peer_z' không dùng cửa sổ '7d',,4,
,peer_z,night,pair,14d,grammar_invalid,phép đo 'peer_z' không dùng cửa sổ '14d',,5,
,peer_z,night,pair,hist,grammar_invalid,phép đo 'peer_z' không dùng cửa sổ 'hist',,5,
,peer_z,night,hour,1d,grammar_invalid,'ngoài giờ' được định nghĩa bằng chính khung giờ (vòng lặp định nghĩa),,3,
,peer_z,night,hour,5m,grammar_invalid,phép đo 'peer_z' không dùng cửa sổ '5m',,3,
,peer_z,night,hour,15m,grammar_invalid,phép đo 'peer_z' không dùng cửa sổ '15m',,3,
,peer_z,night,hour,60m,grammar_invalid,phép đo 'peer_z' không dùng cửa sổ '60m',,3,
,peer_z,night,hour,7d,grammar_invalid,phép đo 'peer_z' không dùng cửa sổ '7d',,3,
,peer_z,night,hour,14d,grammar_invalid,phép đo 'peer_z' không dùng cửa sổ '14d',,4,
,peer_z,night,hour,hist,grammar_invalid,phép đo 'peer_z' không dùng cửa sổ 'hist',,4,
peer_z_distinct_night_logontype,peer_z,night,logon_type,1d,dropped_r2,không nhắm kịch bản nào ở mục 5.2,,3,z bền vững của log số loại logon khác nhau (sự kiện ngoài giờ (18h–7h)) so với các tài khoản cùng loại (entity_type) trong cùng ngày
,peer_z,night,logon_type,5m,grammar_invalid,phép đo 'peer_z' không dùng cửa sổ '5m',,3,
,peer_z,night,logon_type,15m,grammar_invalid,phép đo 'peer_z' không dùng cửa sổ '15m',,3,
,peer_z,night,logon_type,60m,grammar_invalid,phép đo 'peer_z' không dùng cửa sổ '60m',,3,
,peer_z,night,logon_type,7d,grammar_invalid,phép đo 'peer_z' không dùng cửa sổ '7d',,3,
,peer_z,night,logon_type,14d,grammar_invalid,phép đo 'peer_z' không dùng cửa sổ '14d',,4,
,peer_z,night,logon_type,hist,grammar_invalid,phép đo 'peer_z' không dùng cửa sổ 'hist',,4,
peer_z_distinct_night_auth,peer_z,night,auth,1d,dropped_r2,không nhắm kịch bản nào ở mục 5.2,,4,z bền vững của log số gói xác thực khác nhau (sự kiện ngoài giờ (18h–7h)) so với các tài khoản cùng loại (entity_type) trong cùng ngày
,peer_z,night,auth,5m,grammar_invalid,phép đo 'peer_z' không dùng cửa sổ '5m',,4,
,peer_z,night,auth,15m,grammar_invalid,phép đo 'peer_z' không dùng cửa sổ '15m',,4,
,peer_z,night,auth,60m,grammar_invalid,phép đo 'peer_z' không dùng cửa sổ '60m',,4,
,peer_z,night,auth,7d,grammar_invalid,phép đo 'peer_z' không dùng cửa sổ '7d',,4,
,peer_z,night,auth,14d,grammar_invalid,phép đo 'peer_z' không dùng cửa sổ '14d',,5,
,peer_z,night,auth,hist,grammar_invalid,phép đo 'peer_z' không dùng cửa sổ 'hist',,5,
,peer_z,night,fail_reason,1d,grammar_invalid,FailureReason chỉ tồn tại ở 4625,,4,
,peer_z,night,fail_reason,5m,grammar_invalid,phép đo 'peer_z' không dùng cửa sổ '5m',,4,
,peer_z,night,fail_reason,15m,grammar_invalid,phép đo 'peer_z' không dùng cửa sổ '15m',,4,
,peer_z,night,fail_reason,60m,grammar_invalid,phép đo 'peer_z' không dùng cửa sổ '60m',,4,
,peer_z,night,fail_reason,7d,grammar_invalid,phép đo 'peer_z' không dùng cửa sổ '7d',,4,
,peer_z,night,fail_reason,14d,grammar_invalid,phép đo 'peer_z' không dùng cửa sổ '14d',,5,
,peer_z,night,fail_reason,hist,grammar_invalid,phép đo 'peer_z' không dùng cửa sổ 'hist',,5,
,active_days,all,event,1d,grammar_invalid,phép đo 'active_days' không dùng cửa sổ '1d',,1,
,active_days,all,event,5m,grammar_invalid,phép đo 'active_days' không dùng cửa sổ '5m',,1,
,active_days,all,event,15m,grammar_invalid,phép đo 'active_days' không dùng cửa sổ '15m',,1,
,active_days,all,event,60m,grammar_invalid,phép đo 'active_days' không dùng cửa sổ '60m',,1,
active_days_7d,active_days,all,event,7d,round2,,dormant_wakeup,1,số ngày có hoạt động trong 7 ngày lịch trước
active_days_14d,active_days,all,event,14d,dropped_r4,"biến thể 14d của một ứng viên 7d (v3.0: novelty nhiều cửa sổ có ρ = 0,9999; warm-up gấp đôi)",dormant_wakeup,2,số ngày có hoạt động trong 14 ngày lịch trước
,active_days,all,event,hist,grammar_invalid,phép đo 'active_days' không dùng cửa sổ 'hist',,2,
,active_days,all,Source,1d,grammar_invalid,phép đo 'active_days' không dùng cửa sổ '1d',,1,
,active_days,all,Source,5m,grammar_invalid,phép đo 'active_days' không dùng cửa sổ '5m',,1,
,active_days,all,Source,15m,grammar_invalid,phép đo 'active_days' không dùng cửa sổ '15m',,1,
,active_days,all,Source,60m,grammar_invalid,phép đo 'active_days' không dùng cửa sổ '60m',,1,
,active_days,all,Source,7d,grammar_invalid,phép đo 'active_days' chỉ áp dụng cho đếm sự kiện,,1,
,active_days,all,Source,14d,grammar_invalid,phép đo 'active_days' chỉ áp dụng cho đếm sự kiện,,2,
,active_days,all,Source,hist,grammar_invalid,phép đo 'active_days' không dùng cửa sổ 'hist',,2,
,active_days,all,LogHost,1d,grammar_invalid,phép đo 'active_days' không dùng cửa sổ '1d',,1,
,active_days,all,LogHost,5m,grammar_invalid,phép đo 'active_days' không dùng cửa sổ '5m',,1,
,active_days,all,LogHost,15m,grammar_invalid,phép đo 'active_days' không dùng cửa sổ '15m',,1,
,active_days,all,LogHost,60m,grammar_invalid,phép đo 'active_days' không dùng cửa sổ '60m',,1,
,active_days,all,LogHost,7d,grammar_invalid,phép đo 'active_days' chỉ áp dụng cho đếm sự kiện,,1,
,active_days,all,LogHost,14d,grammar_invalid,phép đo 'active_days' chỉ áp dụng cho đếm sự kiện,,2,
,active_days,all,LogHost,hist,grammar_invalid,phép đo 'active_days' không dùng cửa sổ 'hist',,2,
,active_days,all,pair,1d,grammar_invalid,phép đo 'active_days' không dùng cửa sổ '1d',,2,
,active_days,all,pair,5m,grammar_invalid,phép đo 'active_days' không dùng cửa sổ '5m',,2,
,active_days,all,pair,15m,grammar_invalid,phép đo 'active_days' không dùng cửa sổ '15m',,2,
,active_days,all,pair,60m,grammar_invalid,phép đo 'active_days' không dùng cửa sổ '60m',,2,
,active_days,all,pair,7d,grammar_invalid,phép đo 'active_days' chỉ áp dụng cho đếm sự kiện,,2,
,active_days,all,pair,14d,grammar_invalid,phép đo 'active_days' chỉ áp dụng cho đếm sự kiện,,3,
,active_days,all,pair,hist,grammar_invalid,phép đo 'active_days' không dùng cửa sổ 'hist',,3,
,active_days,all,hour,1d,grammar_invalid,phép đo 'active_days' không dùng cửa sổ '1d',,1,
,active_days,all,hour,5m,grammar_invalid,phép đo 'active_days' không dùng cửa sổ '5m',,1,
,active_days,all,hour,15m,grammar_invalid,phép đo 'active_days' không dùng cửa sổ '15m',,1,
,active_days,all,hour,60m,grammar_invalid,phép đo 'active_days' không dùng cửa sổ '60m',,1,
,active_days,all,hour,7d,grammar_invalid,phép đo 'active_days' chỉ áp dụng cho đếm sự kiện,,1,
,active_days,all,hour,14d,grammar_invalid,phép đo 'active_days' chỉ áp dụng cho đếm sự kiện,,2,
,active_days,all,hour,hist,grammar_invalid,phép đo 'active_days' không dùng cửa sổ 'hist',,2,
,active_days,all,logon_type,1d,grammar_invalid,phép đo 'active_days' không dùng cửa sổ '1d',,1,
,active_days,all,logon_type,5m,grammar_invalid,phép đo 'active_days' không dùng cửa sổ '5m',,1,
,active_days,all,logon_type,15m,grammar_invalid,phép đo 'active_days' không dùng cửa sổ '15m',,1,
,active_days,all,logon_type,60m,grammar_invalid,phép đo 'active_days' không dùng cửa sổ '60m',,1,
,active_days,all,logon_type,7d,grammar_invalid,phép đo 'active_days' chỉ áp dụng cho đếm sự kiện,,1,
,active_days,all,logon_type,14d,grammar_invalid,phép đo 'active_days' chỉ áp dụng cho đếm sự kiện,,2,
,active_days,all,logon_type,hist,grammar_invalid,phép đo 'active_days' không dùng cửa sổ 'hist',,2,
,active_days,all,auth,1d,grammar_invalid,phép đo 'active_days' không dùng cửa sổ '1d',,2,
,active_days,all,auth,5m,grammar_invalid,phép đo 'active_days' không dùng cửa sổ '5m',,2,
,active_days,all,auth,15m,grammar_invalid,phép đo 'active_days' không dùng cửa sổ '15m',,2,
,active_days,all,auth,60m,grammar_invalid,phép đo 'active_days' không dùng cửa sổ '60m',,2,
,active_days,all,auth,7d,grammar_invalid,phép đo 'active_days' chỉ áp dụng cho đếm sự kiện,,2,
,active_days,all,auth,14d,grammar_invalid,phép đo 'active_days' chỉ áp dụng cho đếm sự kiện,,3,
,active_days,all,auth,hist,grammar_invalid,phép đo 'active_days' không dùng cửa sổ 'hist',,3,
,active_days,all,fail_reason,1d,grammar_invalid,phép đo 'active_days' không dùng cửa sổ '1d',,2,
,active_days,all,fail_reason,5m,grammar_invalid,phép đo 'active_days' không dùng cửa sổ '5m',,2,
,active_days,all,fail_reason,15m,grammar_invalid,phép đo 'active_days' không dùng cửa sổ '15m',,2,
,active_days,all,fail_reason,60m,grammar_invalid,phép đo 'active_days' không dùng cửa sổ '60m',,2,
,active_days,all,fail_reason,7d,grammar_invalid,phép đo 'active_days' chỉ áp dụng cho đếm sự kiện,,2,
,active_days,all,fail_reason,14d,grammar_invalid,phép đo 'active_days' chỉ áp dụng cho đếm sự kiện,,3,
,active_days,all,fail_reason,hist,grammar_invalid,phép đo 'active_days' không dùng cửa sổ 'hist',,3,
,active_days,fail,event,1d,grammar_invalid,phép đo 'active_days' không dùng cửa sổ '1d',,2,
,active_days,fail,event,5m,grammar_invalid,phép đo 'active_days' không dùng cửa sổ '5m',,2,
,active_days,fail,event,15m,grammar_invalid,phép đo 'active_days' không dùng cửa sổ '15m',,2,
,active_days,fail,event,60m,grammar_invalid,phép đo 'active_days' không dùng cửa sổ '60m',,2,
,active_days,fail,event,7d,grammar_invalid,số ngày hoạt động chỉ định nghĩa trên mọi sự kiện,,2,
,active_days,fail,event,14d,grammar_invalid,số ngày hoạt động chỉ định nghĩa trên mọi sự kiện,,3,
,active_days,fail,event,hist,grammar_invalid,phép đo 'active_days' không dùng cửa sổ 'hist',,3,
,active_days,fail,Source,1d,grammar_invalid,phép đo 'active_days' không dùng cửa sổ '1d',,2,
,active_days,fail,Source,5m,grammar_invalid,phép đo 'active_days' không dùng cửa sổ '5m',,2,
,active_days,fail,Source,15m,grammar_invalid,phép đo 'active_days' không dùng cửa sổ '15m',,2,
,active_days,fail,Source,60m,grammar_invalid,phép đo 'active_days' không dùng cửa sổ '60m',,2,
,active_days,fail,Source,7d,grammar_invalid,phép đo 'active_days' chỉ áp dụng cho đếm sự kiện,,2,
,active_days,fail,Source,14d,grammar_invalid,phép đo 'active_days' chỉ áp dụng cho đếm sự kiện,,3,
,active_days,fail,Source,hist,grammar_invalid,phép đo 'active_days' không dùng cửa sổ 'hist',,3,
,active_days,fail,LogHost,1d,grammar_invalid,phép đo 'active_days' không dùng cửa sổ '1d',,2,
,active_days,fail,LogHost,5m,grammar_invalid,phép đo 'active_days' không dùng cửa sổ '5m',,2,
,active_days,fail,LogHost,15m,grammar_invalid,phép đo 'active_days' không dùng cửa sổ '15m',,2,
,active_days,fail,LogHost,60m,grammar_invalid,phép đo 'active_days' không dùng cửa sổ '60m',,2,
,active_days,fail,LogHost,7d,grammar_invalid,phép đo 'active_days' chỉ áp dụng cho đếm sự kiện,,2,
,active_days,fail,LogHost,14d,grammar_invalid,phép đo 'active_days' chỉ áp dụng cho đếm sự kiện,,3,
,active_days,fail,LogHost,hist,grammar_invalid,phép đo 'active_days' không dùng cửa sổ 'hist',,3,
,active_days,fail,pair,1d,grammar_invalid,phép đo 'active_days' không dùng cửa sổ '1d',,3,
,active_days,fail,pair,5m,grammar_invalid,phép đo 'active_days' không dùng cửa sổ '5m',,3,
,active_days,fail,pair,15m,grammar_invalid,phép đo 'active_days' không dùng cửa sổ '15m',,3,
,active_days,fail,pair,60m,grammar_invalid,phép đo 'active_days' không dùng cửa sổ '60m',,3,
,active_days,fail,pair,7d,grammar_invalid,phép đo 'active_days' chỉ áp dụng cho đếm sự kiện,,3,
,active_days,fail,pair,14d,grammar_invalid,phép đo 'active_days' chỉ áp dụng cho đếm sự kiện,,4,
,active_days,fail,pair,hist,grammar_invalid,phép đo 'active_days' không dùng cửa sổ 'hist',,4,
,active_days,fail,hour,1d,grammar_invalid,phép đo 'active_days' không dùng cửa sổ '1d',,2,
,active_days,fail,hour,5m,grammar_invalid,phép đo 'active_days' không dùng cửa sổ '5m',,2,
,active_days,fail,hour,15m,grammar_invalid,phép đo 'active_days' không dùng cửa sổ '15m',,2,
,active_days,fail,hour,60m,grammar_invalid,phép đo 'active_days' không dùng cửa sổ '60m',,2,
,active_days,fail,hour,7d,grammar_invalid,phép đo 'active_days' chỉ áp dụng cho đếm sự kiện,,2,
,active_days,fail,hour,14d,grammar_invalid,phép đo 'active_days' chỉ áp dụng cho đếm sự kiện,,3,
,active_days,fail,hour,hist,grammar_invalid,phép đo 'active_days' không dùng cửa sổ 'hist',,3,
,active_days,fail,logon_type,1d,grammar_invalid,phép đo 'active_days' không dùng cửa sổ '1d',,2,
,active_days,fail,logon_type,5m,grammar_invalid,phép đo 'active_days' không dùng cửa sổ '5m',,2,
,active_days,fail,logon_type,15m,grammar_invalid,phép đo 'active_days' không dùng cửa sổ '15m',,2,
,active_days,fail,logon_type,60m,grammar_invalid,phép đo 'active_days' không dùng cửa sổ '60m',,2,
,active_days,fail,logon_type,7d,grammar_invalid,phép đo 'active_days' chỉ áp dụng cho đếm sự kiện,,2,
,active_days,fail,logon_type,14d,grammar_invalid,phép đo 'active_days' chỉ áp dụng cho đếm sự kiện,,3,
,active_days,fail,logon_type,hist,grammar_invalid,phép đo 'active_days' không dùng cửa sổ 'hist',,3,
,active_days,fail,auth,1d,grammar_invalid,phép đo 'active_days' không dùng cửa sổ '1d',,3,
,active_days,fail,auth,5m,grammar_invalid,phép đo 'active_days' không dùng cửa sổ '5m',,3,
,active_days,fail,auth,15m,grammar_invalid,phép đo 'active_days' không dùng cửa sổ '15m',,3,
,active_days,fail,auth,60m,grammar_invalid,phép đo 'active_days' không dùng cửa sổ '60m',,3,
,active_days,fail,auth,7d,grammar_invalid,phép đo 'active_days' chỉ áp dụng cho đếm sự kiện,,3,
,active_days,fail,auth,14d,grammar_invalid,phép đo 'active_days' chỉ áp dụng cho đếm sự kiện,,4,
,active_days,fail,auth,hist,grammar_invalid,phép đo 'active_days' không dùng cửa sổ 'hist',,4,
,active_days,fail,fail_reason,1d,grammar_invalid,phép đo 'active_days' không dùng cửa sổ '1d',,3,
,active_days,fail,fail_reason,5m,grammar_invalid,phép đo 'active_days' không dùng cửa sổ '5m',,3,
,active_days,fail,fail_reason,15m,grammar_invalid,phép đo 'active_days' không dùng cửa sổ '15m',,3,
,active_days,fail,fail_reason,60m,grammar_invalid,phép đo 'active_days' không dùng cửa sổ '60m',,3,
,active_days,fail,fail_reason,7d,grammar_invalid,phép đo 'active_days' chỉ áp dụng cho đếm sự kiện,,3,
,active_days,fail,fail_reason,14d,grammar_invalid,phép đo 'active_days' chỉ áp dụng cho đếm sự kiện,,4,
,active_days,fail,fail_reason,hist,grammar_invalid,phép đo 'active_days' không dùng cửa sổ 'hist',,4,
,active_days,success,event,1d,grammar_invalid,phép đo 'active_days' không dùng cửa sổ '1d',,2,
,active_days,success,event,5m,grammar_invalid,phép đo 'active_days' không dùng cửa sổ '5m',,2,
,active_days,success,event,15m,grammar_invalid,phép đo 'active_days' không dùng cửa sổ '15m',,2,
,active_days,success,event,60m,grammar_invalid,phép đo 'active_days' không dùng cửa sổ '60m',,2,
,active_days,success,event,7d,grammar_invalid,số ngày hoạt động chỉ định nghĩa trên mọi sự kiện,,2,
,active_days,success,event,14d,grammar_invalid,số ngày hoạt động chỉ định nghĩa trên mọi sự kiện,,3,
,active_days,success,event,hist,grammar_invalid,phép đo 'active_days' không dùng cửa sổ 'hist',,3,
,active_days,success,Source,1d,grammar_invalid,phép đo 'active_days' không dùng cửa sổ '1d',,2,
,active_days,success,Source,5m,grammar_invalid,phép đo 'active_days' không dùng cửa sổ '5m',,2,
,active_days,success,Source,15m,grammar_invalid,phép đo 'active_days' không dùng cửa sổ '15m',,2,
,active_days,success,Source,60m,grammar_invalid,phép đo 'active_days' không dùng cửa sổ '60m',,2,
,active_days,success,Source,7d,grammar_invalid,phép đo 'active_days' chỉ áp dụng cho đếm sự kiện,,2,
,active_days,success,Source,14d,grammar_invalid,phép đo 'active_days' chỉ áp dụng cho đếm sự kiện,,3,
,active_days,success,Source,hist,grammar_invalid,phép đo 'active_days' không dùng cửa sổ 'hist',,3,
,active_days,success,LogHost,1d,grammar_invalid,phép đo 'active_days' không dùng cửa sổ '1d',,2,
,active_days,success,LogHost,5m,grammar_invalid,phép đo 'active_days' không dùng cửa sổ '5m',,2,
,active_days,success,LogHost,15m,grammar_invalid,phép đo 'active_days' không dùng cửa sổ '15m',,2,
,active_days,success,LogHost,60m,grammar_invalid,phép đo 'active_days' không dùng cửa sổ '60m',,2,
,active_days,success,LogHost,7d,grammar_invalid,phép đo 'active_days' chỉ áp dụng cho đếm sự kiện,,2,
,active_days,success,LogHost,14d,grammar_invalid,phép đo 'active_days' chỉ áp dụng cho đếm sự kiện,,3,
,active_days,success,LogHost,hist,grammar_invalid,phép đo 'active_days' không dùng cửa sổ 'hist',,3,
,active_days,success,pair,1d,grammar_invalid,phép đo 'active_days' không dùng cửa sổ '1d',,3,
,active_days,success,pair,5m,grammar_invalid,phép đo 'active_days' không dùng cửa sổ '5m',,3,
,active_days,success,pair,15m,grammar_invalid,phép đo 'active_days' không dùng cửa sổ '15m',,3,
,active_days,success,pair,60m,grammar_invalid,phép đo 'active_days' không dùng cửa sổ '60m',,3,
,active_days,success,pair,7d,grammar_invalid,phép đo 'active_days' chỉ áp dụng cho đếm sự kiện,,3,
,active_days,success,pair,14d,grammar_invalid,phép đo 'active_days' chỉ áp dụng cho đếm sự kiện,,4,
,active_days,success,pair,hist,grammar_invalid,phép đo 'active_days' không dùng cửa sổ 'hist',,4,
,active_days,success,hour,1d,grammar_invalid,phép đo 'active_days' không dùng cửa sổ '1d',,2,
,active_days,success,hour,5m,grammar_invalid,phép đo 'active_days' không dùng cửa sổ '5m',,2,
,active_days,success,hour,15m,grammar_invalid,phép đo 'active_days' không dùng cửa sổ '15m',,2,
,active_days,success,hour,60m,grammar_invalid,phép đo 'active_days' không dùng cửa sổ '60m',,2,
,active_days,success,hour,7d,grammar_invalid,phép đo 'active_days' chỉ áp dụng cho đếm sự kiện,,2,
,active_days,success,hour,14d,grammar_invalid,phép đo 'active_days' chỉ áp dụng cho đếm sự kiện,,3,
,active_days,success,hour,hist,grammar_invalid,phép đo 'active_days' không dùng cửa sổ 'hist',,3,
,active_days,success,logon_type,1d,grammar_invalid,phép đo 'active_days' không dùng cửa sổ '1d',,2,
,active_days,success,logon_type,5m,grammar_invalid,phép đo 'active_days' không dùng cửa sổ '5m',,2,
,active_days,success,logon_type,15m,grammar_invalid,phép đo 'active_days' không dùng cửa sổ '15m',,2,
,active_days,success,logon_type,60m,grammar_invalid,phép đo 'active_days' không dùng cửa sổ '60m',,2,
,active_days,success,logon_type,7d,grammar_invalid,phép đo 'active_days' chỉ áp dụng cho đếm sự kiện,,2,
,active_days,success,logon_type,14d,grammar_invalid,phép đo 'active_days' chỉ áp dụng cho đếm sự kiện,,3,
,active_days,success,logon_type,hist,grammar_invalid,phép đo 'active_days' không dùng cửa sổ 'hist',,3,
,active_days,success,auth,1d,grammar_invalid,phép đo 'active_days' không dùng cửa sổ '1d',,3,
,active_days,success,auth,5m,grammar_invalid,phép đo 'active_days' không dùng cửa sổ '5m',,3,
,active_days,success,auth,15m,grammar_invalid,phép đo 'active_days' không dùng cửa sổ '15m',,3,
,active_days,success,auth,60m,grammar_invalid,phép đo 'active_days' không dùng cửa sổ '60m',,3,
,active_days,success,auth,7d,grammar_invalid,phép đo 'active_days' chỉ áp dụng cho đếm sự kiện,,3,
,active_days,success,auth,14d,grammar_invalid,phép đo 'active_days' chỉ áp dụng cho đếm sự kiện,,4,
,active_days,success,auth,hist,grammar_invalid,phép đo 'active_days' không dùng cửa sổ 'hist',,4,
,active_days,success,fail_reason,1d,grammar_invalid,phép đo 'active_days' không dùng cửa sổ '1d',,3,
,active_days,success,fail_reason,5m,grammar_invalid,phép đo 'active_days' không dùng cửa sổ '5m',,3,
,active_days,success,fail_reason,15m,grammar_invalid,phép đo 'active_days' không dùng cửa sổ '15m',,3,
,active_days,success,fail_reason,60m,grammar_invalid,phép đo 'active_days' không dùng cửa sổ '60m',,3,
,active_days,success,fail_reason,7d,grammar_invalid,phép đo 'active_days' chỉ áp dụng cho đếm sự kiện,,3,
,active_days,success,fail_reason,14d,grammar_invalid,phép đo 'active_days' chỉ áp dụng cho đếm sự kiện,,4,
,active_days,success,fail_reason,hist,grammar_invalid,phép đo 'active_days' không dùng cửa sổ 'hist',,4,
,active_days,night,event,1d,grammar_invalid,phép đo 'active_days' không dùng cửa sổ '1d',,2,
,active_days,night,event,5m,grammar_invalid,phép đo 'active_days' không dùng cửa sổ '5m',,2,
,active_days,night,event,15m,grammar_invalid,phép đo 'active_days' không dùng cửa sổ '15m',,2,
,active_days,night,event,60m,grammar_invalid,phép đo 'active_days' không dùng cửa sổ '60m',,2,
,active_days,night,event,7d,grammar_invalid,số ngày hoạt động chỉ định nghĩa trên mọi sự kiện,,2,
,active_days,night,event,14d,grammar_invalid,số ngày hoạt động chỉ định nghĩa trên mọi sự kiện,,3,
,active_days,night,event,hist,grammar_invalid,phép đo 'active_days' không dùng cửa sổ 'hist',,3,
,active_days,night,Source,1d,grammar_invalid,phép đo 'active_days' không dùng cửa sổ '1d',,2,
,active_days,night,Source,5m,grammar_invalid,phép đo 'active_days' không dùng cửa sổ '5m',,2,
,active_days,night,Source,15m,grammar_invalid,phép đo 'active_days' không dùng cửa sổ '15m',,2,
,active_days,night,Source,60m,grammar_invalid,phép đo 'active_days' không dùng cửa sổ '60m',,2,
,active_days,night,Source,7d,grammar_invalid,phép đo 'active_days' chỉ áp dụng cho đếm sự kiện,,2,
,active_days,night,Source,14d,grammar_invalid,phép đo 'active_days' chỉ áp dụng cho đếm sự kiện,,3,
,active_days,night,Source,hist,grammar_invalid,phép đo 'active_days' không dùng cửa sổ 'hist',,3,
,active_days,night,LogHost,1d,grammar_invalid,phép đo 'active_days' không dùng cửa sổ '1d',,2,
,active_days,night,LogHost,5m,grammar_invalid,phép đo 'active_days' không dùng cửa sổ '5m',,2,
,active_days,night,LogHost,15m,grammar_invalid,phép đo 'active_days' không dùng cửa sổ '15m',,2,
,active_days,night,LogHost,60m,grammar_invalid,phép đo 'active_days' không dùng cửa sổ '60m',,2,
,active_days,night,LogHost,7d,grammar_invalid,phép đo 'active_days' chỉ áp dụng cho đếm sự kiện,,2,
,active_days,night,LogHost,14d,grammar_invalid,phép đo 'active_days' chỉ áp dụng cho đếm sự kiện,,3,
,active_days,night,LogHost,hist,grammar_invalid,phép đo 'active_days' không dùng cửa sổ 'hist',,3,
,active_days,night,pair,1d,grammar_invalid,phép đo 'active_days' không dùng cửa sổ '1d',,3,
,active_days,night,pair,5m,grammar_invalid,phép đo 'active_days' không dùng cửa sổ '5m',,3,
,active_days,night,pair,15m,grammar_invalid,phép đo 'active_days' không dùng cửa sổ '15m',,3,
,active_days,night,pair,60m,grammar_invalid,phép đo 'active_days' không dùng cửa sổ '60m',,3,
,active_days,night,pair,7d,grammar_invalid,phép đo 'active_days' chỉ áp dụng cho đếm sự kiện,,3,
,active_days,night,pair,14d,grammar_invalid,phép đo 'active_days' chỉ áp dụng cho đếm sự kiện,,4,
,active_days,night,pair,hist,grammar_invalid,phép đo 'active_days' không dùng cửa sổ 'hist',,4,
,active_days,night,hour,1d,grammar_invalid,phép đo 'active_days' không dùng cửa sổ '1d',,2,
,active_days,night,hour,5m,grammar_invalid,phép đo 'active_days' không dùng cửa sổ '5m',,2,
,active_days,night,hour,15m,grammar_invalid,phép đo 'active_days' không dùng cửa sổ '15m',,2,
,active_days,night,hour,60m,grammar_invalid,phép đo 'active_days' không dùng cửa sổ '60m',,2,
,active_days,night,hour,7d,grammar_invalid,phép đo 'active_days' chỉ áp dụng cho đếm sự kiện,,2,
,active_days,night,hour,14d,grammar_invalid,phép đo 'active_days' chỉ áp dụng cho đếm sự kiện,,3,
,active_days,night,hour,hist,grammar_invalid,phép đo 'active_days' không dùng cửa sổ 'hist',,3,
,active_days,night,logon_type,1d,grammar_invalid,phép đo 'active_days' không dùng cửa sổ '1d',,2,
,active_days,night,logon_type,5m,grammar_invalid,phép đo 'active_days' không dùng cửa sổ '5m',,2,
,active_days,night,logon_type,15m,grammar_invalid,phép đo 'active_days' không dùng cửa sổ '15m',,2,
,active_days,night,logon_type,60m,grammar_invalid,phép đo 'active_days' không dùng cửa sổ '60m',,2,
,active_days,night,logon_type,7d,grammar_invalid,phép đo 'active_days' chỉ áp dụng cho đếm sự kiện,,2,
,active_days,night,logon_type,14d,grammar_invalid,phép đo 'active_days' chỉ áp dụng cho đếm sự kiện,,3,
,active_days,night,logon_type,hist,grammar_invalid,phép đo 'active_days' không dùng cửa sổ 'hist',,3,
,active_days,night,auth,1d,grammar_invalid,phép đo 'active_days' không dùng cửa sổ '1d',,3,
,active_days,night,auth,5m,grammar_invalid,phép đo 'active_days' không dùng cửa sổ '5m',,3,
,active_days,night,auth,15m,grammar_invalid,phép đo 'active_days' không dùng cửa sổ '15m',,3,
,active_days,night,auth,60m,grammar_invalid,phép đo 'active_days' không dùng cửa sổ '60m',,3,
,active_days,night,auth,7d,grammar_invalid,phép đo 'active_days' chỉ áp dụng cho đếm sự kiện,,3,
,active_days,night,auth,14d,grammar_invalid,phép đo 'active_days' chỉ áp dụng cho đếm sự kiện,,4,
,active_days,night,auth,hist,grammar_invalid,phép đo 'active_days' không dùng cửa sổ 'hist',,4,
,active_days,night,fail_reason,1d,grammar_invalid,phép đo 'active_days' không dùng cửa sổ '1d',,3,
,active_days,night,fail_reason,5m,grammar_invalid,phép đo 'active_days' không dùng cửa sổ '5m',,3,
,active_days,night,fail_reason,15m,grammar_invalid,phép đo 'active_days' không dùng cửa sổ '15m',,3,
,active_days,night,fail_reason,60m,grammar_invalid,phép đo 'active_days' không dùng cửa sổ '60m',,3,
,active_days,night,fail_reason,7d,grammar_invalid,phép đo 'active_days' chỉ áp dụng cho đếm sự kiện,,3,
,active_days,night,fail_reason,14d,grammar_invalid,phép đo 'active_days' chỉ áp dụng cho đếm sự kiện,,4,
,active_days,night,fail_reason,hist,grammar_invalid,phép đo 'active_days' không dùng cửa sổ 'hist',,4,
,recency,all,event,1d,grammar_invalid,phép đo 'recency' không dùng cửa sổ '1d',,1,
,recency,all,event,5m,grammar_invalid,phép đo 'recency' không dùng cửa sổ '5m',,1,
,recency,all,event,15m,grammar_invalid,phép đo 'recency' không dùng cửa sổ '15m',,1,
,recency,all,event,60m,grammar_invalid,phép đo 'recency' không dùng cửa sổ '60m',,1,
,recency,all,event,7d,grammar_invalid,phép đo 'recency' không dùng cửa sổ '7d',,1,
,recency,all,event,14d,grammar_invalid,phép đo 'recency' không dùng cửa sổ '14d',,2,
recency_hist,recency,all,event,hist,dropped_r1,core: days_since_last_activity,dormant_wakeup,2,số ngày kể từ lần gần nhất thấy sự kiện (mọi sự kiện)
,recency,all,Source,1d,grammar_invalid,phép đo 'recency' không dùng cửa sổ '1d',,1,
,recency,all,Source,5m,grammar_invalid,phép đo 'recency' không dùng cửa sổ '5m',,1,
,recency,all,Source,15m,grammar_invalid,phép đo 'recency' không dùng cửa sổ '15m',,1,
,recency,all,Source,60m,grammar_invalid,phép đo 'recency' không dùng cửa sổ '60m',,1,
,recency,all,Source,7d,grammar_invalid,phép đo 'recency' không dùng cửa sổ '7d',,1,
,recency,all,Source,14d,grammar_invalid,phép đo 'recency' không dùng cửa sổ '14d',,2,
recency_source_hist,recency,all,Source,hist,dropped_r1,"đã loại: source_recency (ρ = 0,9238 với days_since_last_activity)",new_workstation_burst,2,số ngày kể từ lần gần nhất thấy máy nguồn (Source) (mọi sự kiện)
,recency,all,LogHost,1d,grammar_invalid,phép đo 'recency' không dùng cửa sổ '1d',,1,
,recency,all,LogHost,5m,grammar_invalid,phép đo 'recency' không dùng cửa sổ '5m',,1,
,recency,all,LogHost,15m,grammar_invalid,phép đo 'recency' không dùng cửa sổ '15m',,1,
,recency,all,LogHost,60m,grammar_invalid,phép đo 'recency' không dùng cửa sổ '60m',,1,
,recency,all,LogHost,7d,grammar_invalid,phép đo 'recency' không dùng cửa sổ '7d',,1,
,recency,all,LogHost,14d,grammar_invalid,phép đo 'recency' không dùng cửa sổ '14d',,2,
recency_host_hist,recency,all,LogHost,hist,round2,,lateral_fanout,2,số ngày kể từ lần gần nhất thấy máy đích (LogHost) (mọi sự kiện)
,recency,all,pair,1d,grammar_invalid,phép đo 'recency' không dùng cửa sổ '1d',,2,
,recency,all,pair,5m,grammar_invalid,phép đo 'recency' không dùng cửa sổ '5m',,2,
,recency,all,pair,15m,grammar_invalid,phép đo 'recency' không dùng cửa sổ '15m',,2,
,recency,all,pair,60m,grammar_invalid,phép đo 'recency' không dùng cửa sổ '60m',,2,
,recency,all,pair,7d,grammar_invalid,phép đo 'recency' không dùng cửa sổ '7d',,2,
,recency,all,pair,14d,grammar_invalid,phép đo 'recency' không dùng cửa sổ '14d',,3,
,recency,all,pair,hist,grammar_invalid,recency chỉ định nghĩa cho tài khoản / Source / LogHost trên mọi sự kiện,,3,
,recency,all,hour,1d,grammar_invalid,phép đo 'recency' không dùng cửa sổ '1d',,1,
,recency,all,hour,5m,grammar_invalid,phép đo 'recency' không dùng cửa sổ '5m',,1,
,recency,all,hour,15m,grammar_invalid,phép đo 'recency' không dùng cửa sổ '15m',,1,
,recency,all,hour,60m,grammar_invalid,phép đo 'recency' không dùng cửa sổ '60m',,1,
,recency,all,hour,7d,grammar_invalid,phép đo 'recency' không dùng cửa sổ '7d',,1,
,recency,all,hour,14d,grammar_invalid,phép đo 'recency' không dùng cửa sổ '14d',,2,
,recency,all,hour,hist,grammar_invalid,recency chỉ định nghĩa cho tài khoản / Source / LogHost trên mọi sự kiện,,2,
,recency,all,logon_type,1d,grammar_invalid,phép đo 'recency' không dùng cửa sổ '1d',,1,
,recency,all,logon_type,5m,grammar_invalid,phép đo 'recency' không dùng cửa sổ '5m',,1,
,recency,all,logon_type,15m,grammar_invalid,phép đo 'recency' không dùng cửa sổ '15m',,1,
,recency,all,logon_type,60m,grammar_invalid,phép đo 'recency' không dùng cửa sổ '60m',,1,
,recency,all,logon_type,7d,grammar_invalid,phép đo 'recency' không dùng cửa sổ '7d',,1,
,recency,all,logon_type,14d,grammar_invalid,phép đo 'recency' không dùng cửa sổ '14d',,2,
,recency,all,logon_type,hist,grammar_invalid,recency chỉ định nghĩa cho tài khoản / Source / LogHost trên mọi sự kiện,,2,
,recency,all,auth,1d,grammar_invalid,phép đo 'recency' không dùng cửa sổ '1d',,2,
,recency,all,auth,5m,grammar_invalid,phép đo 'recency' không dùng cửa sổ '5m',,2,
,recency,all,auth,15m,grammar_invalid,phép đo 'recency' không dùng cửa sổ '15m',,2,
,recency,all,auth,60m,grammar_invalid,phép đo 'recency' không dùng cửa sổ '60m',,2,
,recency,all,auth,7d,grammar_invalid,phép đo 'recency' không dùng cửa sổ '7d',,2,
,recency,all,auth,14d,grammar_invalid,phép đo 'recency' không dùng cửa sổ '14d',,3,
,recency,all,auth,hist,grammar_invalid,recency chỉ định nghĩa cho tài khoản / Source / LogHost trên mọi sự kiện,,3,
,recency,all,fail_reason,1d,grammar_invalid,phép đo 'recency' không dùng cửa sổ '1d',,2,
,recency,all,fail_reason,5m,grammar_invalid,phép đo 'recency' không dùng cửa sổ '5m',,2,
,recency,all,fail_reason,15m,grammar_invalid,phép đo 'recency' không dùng cửa sổ '15m',,2,
,recency,all,fail_reason,60m,grammar_invalid,phép đo 'recency' không dùng cửa sổ '60m',,2,
,recency,all,fail_reason,7d,grammar_invalid,phép đo 'recency' không dùng cửa sổ '7d',,2,
,recency,all,fail_reason,14d,grammar_invalid,phép đo 'recency' không dùng cửa sổ '14d',,3,
,recency,all,fail_reason,hist,grammar_invalid,recency chỉ định nghĩa cho tài khoản / Source / LogHost trên mọi sự kiện,,3,
,recency,fail,event,1d,grammar_invalid,phép đo 'recency' không dùng cửa sổ '1d',,2,
,recency,fail,event,5m,grammar_invalid,phép đo 'recency' không dùng cửa sổ '5m',,2,
,recency,fail,event,15m,grammar_invalid,phép đo 'recency' không dùng cửa sổ '15m',,2,
,recency,fail,event,60m,grammar_invalid,phép đo 'recency' không dùng cửa sổ '60m',,2,
,recency,fail,event,7d,grammar_invalid,phép đo 'recency' không dùng cửa sổ '7d',,2,
,recency,fail,event,14d,grammar_invalid,phép đo 'recency' không dùng cửa sổ '14d',,3,
,recency,fail,event,hist,grammar_invalid,recency chỉ định nghĩa cho tài khoản / Source / LogHost trên mọi sự kiện,,3,
,recency,fail,Source,1d,grammar_invalid,phép đo 'recency' không dùng cửa sổ '1d',,2,
,recency,fail,Source,5m,grammar_invalid,phép đo 'recency' không dùng cửa sổ '5m',,2,
,recency,fail,Source,15m,grammar_invalid,phép đo 'recency' không dùng cửa sổ '15m',,2,
,recency,fail,Source,60m,grammar_invalid,phép đo 'recency' không dùng cửa sổ '60m',,2,
,recency,fail,Source,7d,grammar_invalid,phép đo 'recency' không dùng cửa sổ '7d',,2,
,recency,fail,Source,14d,grammar_invalid,phép đo 'recency' không dùng cửa sổ '14d',,3,
,recency,fail,Source,hist,grammar_invalid,recency chỉ định nghĩa cho tài khoản / Source / LogHost trên mọi sự kiện,,3,
,recency,fail,LogHost,1d,grammar_invalid,phép đo 'recency' không dùng cửa sổ '1d',,2,
,recency,fail,LogHost,5m,grammar_invalid,phép đo 'recency' không dùng cửa sổ '5m',,2,
,recency,fail,LogHost,15m,grammar_invalid,phép đo 'recency' không dùng cửa sổ '15m',,2,
,recency,fail,LogHost,60m,grammar_invalid,phép đo 'recency' không dùng cửa sổ '60m',,2,
,recency,fail,LogHost,7d,grammar_invalid,phép đo 'recency' không dùng cửa sổ '7d',,2,
,recency,fail,LogHost,14d,grammar_invalid,phép đo 'recency' không dùng cửa sổ '14d',,3,
,recency,fail,LogHost,hist,grammar_invalid,recency chỉ định nghĩa cho tài khoản / Source / LogHost trên mọi sự kiện,,3,
,recency,fail,pair,1d,grammar_invalid,phép đo 'recency' không dùng cửa sổ '1d',,3,
,recency,fail,pair,5m,grammar_invalid,phép đo 'recency' không dùng cửa sổ '5m',,3,
,recency,fail,pair,15m,grammar_invalid,phép đo 'recency' không dùng cửa sổ '15m',,3,
,recency,fail,pair,60m,grammar_invalid,phép đo 'recency' không dùng cửa sổ '60m',,3,
,recency,fail,pair,7d,grammar_invalid,phép đo 'recency' không dùng cửa sổ '7d',,3,
,recency,fail,pair,14d,grammar_invalid,phép đo 'recency' không dùng cửa sổ '14d',,4,
,recency,fail,pair,hist,grammar_invalid,recency chỉ định nghĩa cho tài khoản / Source / LogHost trên mọi sự kiện,,4,
,recency,fail,hour,1d,grammar_invalid,phép đo 'recency' không dùng cửa sổ '1d',,2,
,recency,fail,hour,5m,grammar_invalid,phép đo 'recency' không dùng cửa sổ '5m',,2,
,recency,fail,hour,15m,grammar_invalid,phép đo 'recency' không dùng cửa sổ '15m',,2,
,recency,fail,hour,60m,grammar_invalid,phép đo 'recency' không dùng cửa sổ '60m',,2,
,recency,fail,hour,7d,grammar_invalid,phép đo 'recency' không dùng cửa sổ '7d',,2,
,recency,fail,hour,14d,grammar_invalid,phép đo 'recency' không dùng cửa sổ '14d',,3,
,recency,fail,hour,hist,grammar_invalid,recency chỉ định nghĩa cho tài khoản / Source / LogHost trên mọi sự kiện,,3,
,recency,fail,logon_type,1d,grammar_invalid,phép đo 'recency' không dùng cửa sổ '1d',,2,
,recency,fail,logon_type,5m,grammar_invalid,phép đo 'recency' không dùng cửa sổ '5m',,2,
,recency,fail,logon_type,15m,grammar_invalid,phép đo 'recency' không dùng cửa sổ '15m',,2,
,recency,fail,logon_type,60m,grammar_invalid,phép đo 'recency' không dùng cửa sổ '60m',,2,
,recency,fail,logon_type,7d,grammar_invalid,phép đo 'recency' không dùng cửa sổ '7d',,2,
,recency,fail,logon_type,14d,grammar_invalid,phép đo 'recency' không dùng cửa sổ '14d',,3,
,recency,fail,logon_type,hist,grammar_invalid,recency chỉ định nghĩa cho tài khoản / Source / LogHost trên mọi sự kiện,,3,
,recency,fail,auth,1d,grammar_invalid,phép đo 'recency' không dùng cửa sổ '1d',,3,
,recency,fail,auth,5m,grammar_invalid,phép đo 'recency' không dùng cửa sổ '5m',,3,
,recency,fail,auth,15m,grammar_invalid,phép đo 'recency' không dùng cửa sổ '15m',,3,
,recency,fail,auth,60m,grammar_invalid,phép đo 'recency' không dùng cửa sổ '60m',,3,
,recency,fail,auth,7d,grammar_invalid,phép đo 'recency' không dùng cửa sổ '7d',,3,
,recency,fail,auth,14d,grammar_invalid,phép đo 'recency' không dùng cửa sổ '14d',,4,
,recency,fail,auth,hist,grammar_invalid,recency chỉ định nghĩa cho tài khoản / Source / LogHost trên mọi sự kiện,,4,
,recency,fail,fail_reason,1d,grammar_invalid,phép đo 'recency' không dùng cửa sổ '1d',,3,
,recency,fail,fail_reason,5m,grammar_invalid,phép đo 'recency' không dùng cửa sổ '5m',,3,
,recency,fail,fail_reason,15m,grammar_invalid,phép đo 'recency' không dùng cửa sổ '15m',,3,
,recency,fail,fail_reason,60m,grammar_invalid,phép đo 'recency' không dùng cửa sổ '60m',,3,
,recency,fail,fail_reason,7d,grammar_invalid,phép đo 'recency' không dùng cửa sổ '7d',,3,
,recency,fail,fail_reason,14d,grammar_invalid,phép đo 'recency' không dùng cửa sổ '14d',,4,
,recency,fail,fail_reason,hist,grammar_invalid,recency chỉ định nghĩa cho tài khoản / Source / LogHost trên mọi sự kiện,,4,
,recency,success,event,1d,grammar_invalid,phép đo 'recency' không dùng cửa sổ '1d',,2,
,recency,success,event,5m,grammar_invalid,phép đo 'recency' không dùng cửa sổ '5m',,2,
,recency,success,event,15m,grammar_invalid,phép đo 'recency' không dùng cửa sổ '15m',,2,
,recency,success,event,60m,grammar_invalid,phép đo 'recency' không dùng cửa sổ '60m',,2,
,recency,success,event,7d,grammar_invalid,phép đo 'recency' không dùng cửa sổ '7d',,2,
,recency,success,event,14d,grammar_invalid,phép đo 'recency' không dùng cửa sổ '14d',,3,
,recency,success,event,hist,grammar_invalid,recency chỉ định nghĩa cho tài khoản / Source / LogHost trên mọi sự kiện,,3,
,recency,success,Source,1d,grammar_invalid,phép đo 'recency' không dùng cửa sổ '1d',,2,
,recency,success,Source,5m,grammar_invalid,phép đo 'recency' không dùng cửa sổ '5m',,2,
,recency,success,Source,15m,grammar_invalid,phép đo 'recency' không dùng cửa sổ '15m',,2,
,recency,success,Source,60m,grammar_invalid,phép đo 'recency' không dùng cửa sổ '60m',,2,
,recency,success,Source,7d,grammar_invalid,phép đo 'recency' không dùng cửa sổ '7d',,2,
,recency,success,Source,14d,grammar_invalid,phép đo 'recency' không dùng cửa sổ '14d',,3,
,recency,success,Source,hist,grammar_invalid,recency chỉ định nghĩa cho tài khoản / Source / LogHost trên mọi sự kiện,,3,
,recency,success,LogHost,1d,grammar_invalid,phép đo 'recency' không dùng cửa sổ '1d',,2,
,recency,success,LogHost,5m,grammar_invalid,phép đo 'recency' không dùng cửa sổ '5m',,2,
,recency,success,LogHost,15m,grammar_invalid,phép đo 'recency' không dùng cửa sổ '15m',,2,
,recency,success,LogHost,60m,grammar_invalid,phép đo 'recency' không dùng cửa sổ '60m',,2,
,recency,success,LogHost,7d,grammar_invalid,phép đo 'recency' không dùng cửa sổ '7d',,2,
,recency,success,LogHost,14d,grammar_invalid,phép đo 'recency' không dùng cửa sổ '14d',,3,
,recency,success,LogHost,hist,grammar_invalid,recency chỉ định nghĩa cho tài khoản / Source / LogHost trên mọi sự kiện,,3,
,recency,success,pair,1d,grammar_invalid,phép đo 'recency' không dùng cửa sổ '1d',,3,
,recency,success,pair,5m,grammar_invalid,phép đo 'recency' không dùng cửa sổ '5m',,3,
,recency,success,pair,15m,grammar_invalid,phép đo 'recency' không dùng cửa sổ '15m',,3,
,recency,success,pair,60m,grammar_invalid,phép đo 'recency' không dùng cửa sổ '60m',,3,
,recency,success,pair,7d,grammar_invalid,phép đo 'recency' không dùng cửa sổ '7d',,3,
,recency,success,pair,14d,grammar_invalid,phép đo 'recency' không dùng cửa sổ '14d',,4,
,recency,success,pair,hist,grammar_invalid,recency chỉ định nghĩa cho tài khoản / Source / LogHost trên mọi sự kiện,,4,
,recency,success,hour,1d,grammar_invalid,phép đo 'recency' không dùng cửa sổ '1d',,2,
,recency,success,hour,5m,grammar_invalid,phép đo 'recency' không dùng cửa sổ '5m',,2,
,recency,success,hour,15m,grammar_invalid,phép đo 'recency' không dùng cửa sổ '15m',,2,
,recency,success,hour,60m,grammar_invalid,phép đo 'recency' không dùng cửa sổ '60m',,2,
,recency,success,hour,7d,grammar_invalid,phép đo 'recency' không dùng cửa sổ '7d',,2,
,recency,success,hour,14d,grammar_invalid,phép đo 'recency' không dùng cửa sổ '14d',,3,
,recency,success,hour,hist,grammar_invalid,recency chỉ định nghĩa cho tài khoản / Source / LogHost trên mọi sự kiện,,3,
,recency,success,logon_type,1d,grammar_invalid,phép đo 'recency' không dùng cửa sổ '1d',,2,
,recency,success,logon_type,5m,grammar_invalid,phép đo 'recency' không dùng cửa sổ '5m',,2,
,recency,success,logon_type,15m,grammar_invalid,phép đo 'recency' không dùng cửa sổ '15m',,2,
,recency,success,logon_type,60m,grammar_invalid,phép đo 'recency' không dùng cửa sổ '60m',,2,
,recency,success,logon_type,7d,grammar_invalid,phép đo 'recency' không dùng cửa sổ '7d',,2,
,recency,success,logon_type,14d,grammar_invalid,phép đo 'recency' không dùng cửa sổ '14d',,3,
,recency,success,logon_type,hist,grammar_invalid,recency chỉ định nghĩa cho tài khoản / Source / LogHost trên mọi sự kiện,,3,
,recency,success,auth,1d,grammar_invalid,phép đo 'recency' không dùng cửa sổ '1d',,3,
,recency,success,auth,5m,grammar_invalid,phép đo 'recency' không dùng cửa sổ '5m',,3,
,recency,success,auth,15m,grammar_invalid,phép đo 'recency' không dùng cửa sổ '15m',,3,
,recency,success,auth,60m,grammar_invalid,phép đo 'recency' không dùng cửa sổ '60m',,3,
,recency,success,auth,7d,grammar_invalid,phép đo 'recency' không dùng cửa sổ '7d',,3,
,recency,success,auth,14d,grammar_invalid,phép đo 'recency' không dùng cửa sổ '14d',,4,
,recency,success,auth,hist,grammar_invalid,recency chỉ định nghĩa cho tài khoản / Source / LogHost trên mọi sự kiện,,4,
,recency,success,fail_reason,1d,grammar_invalid,phép đo 'recency' không dùng cửa sổ '1d',,3,
,recency,success,fail_reason,5m,grammar_invalid,phép đo 'recency' không dùng cửa sổ '5m',,3,
,recency,success,fail_reason,15m,grammar_invalid,phép đo 'recency' không dùng cửa sổ '15m',,3,
,recency,success,fail_reason,60m,grammar_invalid,phép đo 'recency' không dùng cửa sổ '60m',,3,
,recency,success,fail_reason,7d,grammar_invalid,phép đo 'recency' không dùng cửa sổ '7d',,3,
,recency,success,fail_reason,14d,grammar_invalid,phép đo 'recency' không dùng cửa sổ '14d',,4,
,recency,success,fail_reason,hist,grammar_invalid,recency chỉ định nghĩa cho tài khoản / Source / LogHost trên mọi sự kiện,,4,
,recency,night,event,1d,grammar_invalid,phép đo 'recency' không dùng cửa sổ '1d',,2,
,recency,night,event,5m,grammar_invalid,phép đo 'recency' không dùng cửa sổ '5m',,2,
,recency,night,event,15m,grammar_invalid,phép đo 'recency' không dùng cửa sổ '15m',,2,
,recency,night,event,60m,grammar_invalid,phép đo 'recency' không dùng cửa sổ '60m',,2,
,recency,night,event,7d,grammar_invalid,phép đo 'recency' không dùng cửa sổ '7d',,2,
,recency,night,event,14d,grammar_invalid,phép đo 'recency' không dùng cửa sổ '14d',,3,
,recency,night,event,hist,grammar_invalid,recency chỉ định nghĩa cho tài khoản / Source / LogHost trên mọi sự kiện,,3,
,recency,night,Source,1d,grammar_invalid,phép đo 'recency' không dùng cửa sổ '1d',,2,
,recency,night,Source,5m,grammar_invalid,phép đo 'recency' không dùng cửa sổ '5m',,2,
,recency,night,Source,15m,grammar_invalid,phép đo 'recency' không dùng cửa sổ '15m',,2,
,recency,night,Source,60m,grammar_invalid,phép đo 'recency' không dùng cửa sổ '60m',,2,
,recency,night,Source,7d,grammar_invalid,phép đo 'recency' không dùng cửa sổ '7d',,2,
,recency,night,Source,14d,grammar_invalid,phép đo 'recency' không dùng cửa sổ '14d',,3,
,recency,night,Source,hist,grammar_invalid,recency chỉ định nghĩa cho tài khoản / Source / LogHost trên mọi sự kiện,,3,
,recency,night,LogHost,1d,grammar_invalid,phép đo 'recency' không dùng cửa sổ '1d',,2,
,recency,night,LogHost,5m,grammar_invalid,phép đo 'recency' không dùng cửa sổ '5m',,2,
,recency,night,LogHost,15m,grammar_invalid,phép đo 'recency' không dùng cửa sổ '15m',,2,
,recency,night,LogHost,60m,grammar_invalid,phép đo 'recency' không dùng cửa sổ '60m',,2,
,recency,night,LogHost,7d,grammar_invalid,phép đo 'recency' không dùng cửa sổ '7d',,2,
,recency,night,LogHost,14d,grammar_invalid,phép đo 'recency' không dùng cửa sổ '14d',,3,
,recency,night,LogHost,hist,grammar_invalid,recency chỉ định nghĩa cho tài khoản / Source / LogHost trên mọi sự kiện,,3,
,recency,night,pair,1d,grammar_invalid,phép đo 'recency' không dùng cửa sổ '1d',,3,
,recency,night,pair,5m,grammar_invalid,phép đo 'recency' không dùng cửa sổ '5m',,3,
,recency,night,pair,15m,grammar_invalid,phép đo 'recency' không dùng cửa sổ '15m',,3,
,recency,night,pair,60m,grammar_invalid,phép đo 'recency' không dùng cửa sổ '60m',,3,
,recency,night,pair,7d,grammar_invalid,phép đo 'recency' không dùng cửa sổ '7d',,3,
,recency,night,pair,14d,grammar_invalid,phép đo 'recency' không dùng cửa sổ '14d',,4,
,recency,night,pair,hist,grammar_invalid,recency chỉ định nghĩa cho tài khoản / Source / LogHost trên mọi sự kiện,,4,
,recency,night,hour,1d,grammar_invalid,phép đo 'recency' không dùng cửa sổ '1d',,2,
,recency,night,hour,5m,grammar_invalid,phép đo 'recency' không dùng cửa sổ '5m',,2,
,recency,night,hour,15m,grammar_invalid,phép đo 'recency' không dùng cửa sổ '15m',,2,
,recency,night,hour,60m,grammar_invalid,phép đo 'recency' không dùng cửa sổ '60m',,2,
,recency,night,hour,7d,grammar_invalid,phép đo 'recency' không dùng cửa sổ '7d',,2,
,recency,night,hour,14d,grammar_invalid,phép đo 'recency' không dùng cửa sổ '14d',,3,
,recency,night,hour,hist,grammar_invalid,recency chỉ định nghĩa cho tài khoản / Source / LogHost trên mọi sự kiện,,3,
,recency,night,logon_type,1d,grammar_invalid,phép đo 'recency' không dùng cửa sổ '1d',,2,
,recency,night,logon_type,5m,grammar_invalid,phép đo 'recency' không dùng cửa sổ '5m',,2,
,recency,night,logon_type,15m,grammar_invalid,phép đo 'recency' không dùng cửa sổ '15m',,2,
,recency,night,logon_type,60m,grammar_invalid,phép đo 'recency' không dùng cửa sổ '60m',,2,
,recency,night,logon_type,7d,grammar_invalid,phép đo 'recency' không dùng cửa sổ '7d',,2,
,recency,night,logon_type,14d,grammar_invalid,phép đo 'recency' không dùng cửa sổ '14d',,3,
,recency,night,logon_type,hist,grammar_invalid,recency chỉ định nghĩa cho tài khoản / Source / LogHost trên mọi sự kiện,,3,
,recency,night,auth,1d,grammar_invalid,phép đo 'recency' không dùng cửa sổ '1d',,3,
,recency,night,auth,5m,grammar_invalid,phép đo 'recency' không dùng cửa sổ '5m',,3,
,recency,night,auth,15m,grammar_invalid,phép đo 'recency' không dùng cửa sổ '15m',,3,
,recency,night,auth,60m,grammar_invalid,phép đo 'recency' không dùng cửa sổ '60m',,3,
,recency,night,auth,7d,grammar_invalid,phép đo 'recency' không dùng cửa sổ '7d',,3,
,recency,night,auth,14d,grammar_invalid,phép đo 'recency' không dùng cửa sổ '14d',,4,
,recency,night,auth,hist,grammar_invalid,recency chỉ định nghĩa cho tài khoản / Source / LogHost trên mọi sự kiện,,4,
,recency,night,fail_reason,1d,grammar_invalid,phép đo 'recency' không dùng cửa sổ '1d',,3,
,recency,night,fail_reason,5m,grammar_invalid,phép đo 'recency' không dùng cửa sổ '5m',,3,
,recency,night,fail_reason,15m,grammar_invalid,phép đo 'recency' không dùng cửa sổ '15m',,3,
,recency,night,fail_reason,60m,grammar_invalid,phép đo 'recency' không dùng cửa sổ '60m',,3,
,recency,night,fail_reason,7d,grammar_invalid,phép đo 'recency' không dùng cửa sổ '7d',,3,
,recency,night,fail_reason,14d,grammar_invalid,phép đo 'recency' không dùng cửa sổ '14d',,4,
,recency,night,fail_reason,hist,grammar_invalid,recency chỉ định nghĩa cho tài khoản / Source / LogHost trên mọi sự kiện,,4,
